can_transact,can_select,chance_of_playing_next_round,chance_of_playing_this_round,code,cost_change_event,cost_change_event_fall,cost_change_start,cost_change_start_fall,price_change_percent,price_change_hourly_rate,price_change_projections,price_change_locked_until,price_change_calibrating,dreamteam_count,element_type,ep_next,ep_this,event_points,first_name,form,id,in_dreamteam,news,news_added,now_cost,photo,points_per_game,removed,second_name,selected_by_percent,special,squad_number,status,team,team_code,total_points,transfers_in,transfers_in_event,transfers_out,transfers_out_event,value_form,value_season,web_name,known_name,region,team_join_date,birth_date,has_temporary_code,opta_code,minutes,goals_scored,assists,clean_sheets,goals_conceded,own_goals,penalties_saved,penalties_missed,yellow_cards,red_cards,saves,bonus,bps,influence,creativity,threat,ict_index,clearances_blocks_interceptions,recoveries,tackles,defensive_contribution,starts,expected_goals,expected_assists,expected_goal_involvements,expected_goals_conceded,corners_and_indirect_freekicks_order,corners_and_indirect_freekicks_text,direct_freekicks_order,direct_freekicks_text,penalties_order,penalties_text,scout_risks,scout_news_link,influence_rank,influence_rank_type,creativity_rank,creativity_rank_type,threat_rank,threat_rank_type,ict_index_rank,ict_index_rank_type,expected_goals_per_90,saves_per_90,expected_assists_per_90,expected_goal_involvements_per_90,expected_goals_conceded_per_90,goals_conceded_per_90,now_cost_rank,now_cost_rank_type,form_rank,form_rank_type,points_per_game_rank,points_per_game_rank_type,selected_rank,selected_rank_type,starts_per_90,clean_sheets_per_90,defensive_contribution_per_90,team_name,price
True,True,,,154561,0,0,0,0,3.0,410,"[{'offset': 0, 'projected_percent': '4.1', 'likelihood': 1}, {'offset': 1, 'projected_percent': '10.2', 'likelihood': 1}, {'offset': 2, 'projected_percent': '16.2', 'likelihood': 1}]",,False,0,1,4.0,4.0,6,David,6.0,1,False,,,60,154561.jpg,6.0,False,Raya Martín,37.8,False,,a,1,3,6,21771,21771,16273,16273,1.0,1.0,Raya,,200.0,2024-07-04,1995-09-15,False,p154561,90,0,0,1,0,0,0,0,0,0,1,0,24,0.0,0.0,0.0,0.0,1,8,0,0,1,0.00,0.00,0.00,0.20,,,,,,,[],,498.0,67.0,498.0,67.0,498.0,67.0,498.0,67.0,0.0,1.0,0.0,0.0,0.2,0.0,60.0,1.0,55.0,6.0,55.0,6.0,7.0,1.0,1.0,1.0,0.0,Arsenal,6.0
True,True,,,109745,0,0,0,0,-25.1,-16,"[{'offset': 0, 'projected_percent': '-30.8', 'likelihood': -2}, {'offset': 1, 'projected_percent': '-60.1', 'likelihood': -4}, {'offset': 2, 'projected_percent': '-89.3', 'likelihood': -5}]",,False,0,1,2.6,2.6,0,Kepa,0.0,2,False,,,50,109745.jpg,0.0,False,Arrizabalaga Revuelta,0.1,False,,a,1,3,0,102,102,448,448,0.0,0.0,Arrizabalaga,,200.0,2025-07-01,1994-10-03,False,p109745,0,0,0,0,0,0,0,0,0,0,0,0,0,0.0,0.0,0.0,0.0,0,0,0,0,0,0.00,0.00,0.00,0.00,,,,,,,[],,218.0,51.0,218.0,51.0,218.0,51.0,218.0,51.0,0.0,0.0,0.0,0.0,0.0,0.0,235.0,9.0,414.0,61.0,414.0,61.0,445.0,49.0,0.0,0.0,0.0,Arsenal,5.0
True,True,,,437495,0,0,0,0,-19.7,-6,"[{'offset': 0, 'projected_percent': '-24.9', 'likelihood': -2}, {'offset': 1, 'projected_percent': '-52.1', 'likelihood': -3}, {'offset': 2, 'projected_percent': '-79.3', 'likelihood': -4}]",,False,0,1,2.6,2.6,0,Illan,0.0,3,False,,,50,437495.jpg,0.0,False,Meslier,0.0,False,,a,1,3,0,39,39,154,154,0.0,0.0,Meslier,,73.0,2026-07-09,2000-03-02,False,p437495,0,0,0,0,0,0,0,0,0,0,0,0,0,0.0,0.0,0.0,0.0,0,0,0,0,0,0.00,0.00,0.00,0.00,,,,,,,[],,283.0,58.0,283.0,58.0,283.0,58.0,283.0,58.0,0.0,0.0,0.0,0.0,0.0,0.0,300.0,16.0,454.0,65.0,454.0,65.0,515.0,59.0,0.0,0.0,0.0,Arsenal,5.0
True,True,,,226597,0,0,0,0,-2.3,-284,"[{'offset': 0, 'projected_percent': '-2.6', 'likelihood': -1}, {'offset': 1, 'projected_percent': '-4.0', 'likelihood': -1}, {'offset': 2, 'projected_percent': '-5.5', 'likelihood': -1}]",,False,0,2,4.0,4.0,5,Gabriel,5.0,4,False,,,80,226597.jpg,5.0,False,dos Santos Magalhães,29.6,False,,a,1,3,5,13582,13582,27861,27861,0.6,0.6,Gabriel,Gabriel Magalhães,30.0,2020-09-01,1997-12-19,False,p226597,90,0,0,1,0,0,0,0,1,0,0,0,21,0.0,0.0,0.0,0.0,4,2,0,4,1,0.05,0.01,0.06,0.20,,,,,,,[],,595.0,199.0,595.0,199.0,595.0,199.0,595.0,199.0,0.05,0.0,0.01,0.06,0.2,0.0,9.0,1.0,66.0,28.0,66.0,28.0,9.0,2.0,1.0,1.0,4.0,Arsenal,8.0
True,True,0.0,0.0,445122,0,0,0,0,-17.8,-37,"[{'offset': 0, 'projected_percent': '-21.1', 'likelihood': -2}, {'offset': 1, 'projected_percent': '-38.3', 'likelihood': -2}, {'offset': 2, 'projected_percent': '-55.5', 'likelihood': -3}]",,False,0,2,0.0,0.0,0,Jurriën,0.0,5,False,Groin injury - Unknown return date,2026-07-23T12:01:23.272929Z,65,445122.jpg,0.0,False,Timber,0.1,False,,i,1,3,0,137,137,1105,1105,0.0,0.0,J.Timber,Jurriën Timber,152.0,2023-07-14,2001-06-17,False,p445122,0,0,0,0,0,0,0,0,0,0,0,0,0,0.0,0.0,0.0,0.0,0,0,0,0,0,0.00,0.00,0.00,0.00,,,,,,,[],https://www.arsenal.com/news/every-word-from-mikel-artetas-pre-coventry-presser-agLtL1y0uKj3?utm_source=premier-league-web&utm_medium=referral&utm_campaign=pl-referral-always-on&utm_term=content-card,566.0,197.0,566.0,197.0,566.0,197.0,566.0,197.0,0.0,0.0,0.0,0.0,0.0,0.0,47.0,3.0,585.0,197.0,585.0,197.0,409.0,146.0,0.0,0.0,0.0,Arsenal,6.5
True,True,0.0,0.0,462424,0,0,0,0,-17.1,-83,"[{'offset': 0, 'projected_percent': '-20.1', 'likelihood': -2}, {'offset': 1, 'projected_percent': '-35.9', 'likelihood': -2}, {'offset': 2, 'projected_percent': '-51.6', 'likelihood': -3}]",,False,0,2,0.0,0.0,0,William,0.0,6,False,Back injury - Unknown return date,2026-07-23T12:01:23.289376Z,60,462424.jpg,0.0,False,Saliba,0.3,False,,i,1,3,0,346,346,2620,2620,0.0,0.0,Saliba,,73.0,2019-07-25,2001-03-24,False,p462424,0,0,0,0,0,0,0,0,0,0,0,0,0,0.0,0.0,0.0,0.0,0,0,0,0,0,0.00,0.00,0.00,0.00,,,,,,,[],https://www.arsenal.com/news/every-word-from-mikel-artetas-pre-coventry-presser-agLtL1y0uKj3?utm_source=premier-league-web&utm_medium=referral&utm_campaign=pl-referral-always-on&utm_term=content-card,526.0,194.0,526.0,194.0,526.0,194.0,526.0,194.0,0.0,0.0,0.0,0.0,0.0,0.0,88.0,9.0,568.0,196.0,568.0,196.0,299.0,111.0,0.0,0.0,0.0,Arsenal,6.0
True,True,,,499169,0,0,0,0,0.9,-3,"[{'offset': 0, 'projected_percent': '0.9', 'likelihood': 1}, {'offset': 1, 'projected_percent': '0.9', 'likelihood': 1}, {'offset': 2, 'projected_percent': '0.8', 'likelihood': 1}]",,False,0,3,2.0,2.0,3,Myles,3.0,7,False,,,55,499169.jpg,3.0,False,Lewis-Skelly,0.7,False,,a,1,3,3,3609,3609,2235,2235,0.5,0.5,Lewis-Skelly,,241.0,2022-12-04,2006-09-26,False,p499169,90,0,0,1,0,0,0,0,0,0,0,0,15,0.0,0.0,0.0,0.0,1,5,1,7,1,0.06,0.11,0.17,0.20,,,,,,,[],,464.0,176.0,464.0,176.0,464.0,176.0,464.0,176.0,0.06,0.0,0.11,0.17,0.2,0.0,195.0,120.0,91.0,40.0,91.0,40.0,223.0,71.0,1.0,1.0,7.0,Arsenal,5.5
True,True,,,466075,0,0,0,0,51.7,4302,"[{'offset': 0, 'projected_percent': '64.0', 'likelihood': 4}, {'offset': 1, 'projected_percent': '127.2', 'likelihood': 5}, {'offset': 2, 'projected_percent': '190.4', 'likelihood': 5}]",,False,0,2,2.5,2.5,9,Riccardo,9.0,8,False,,,55,466075.jpg,9.0,False,Calafiori,40.2,False,,a,1,3,9,102122,102122,8411,8411,1.6,1.6,Calafiori,,106.0,2024-07-29,2002-05-19,False,p466075,80,0,1,1,0,0,0,0,0,0,0,0,31,0.0,0.0,0.0,0.0,4,1,1,5,1,0.04,0.09,0.13,0.06,,,,,,,[],,448.0,180.0,448.0,180.0,448.0,180.0,448.0,180.0,0.04,0.0,0.1,0.14,0.07,0.0,179.0,25.0,22.0,9.0,22.0,9.0,5.0,1.0,1.12,1.12,5.62,Arsenal,5.5
True,True,,,448104,0,0,0,0,-44.9,-553,"[{'offset': 0, 'projected_percent': '-54.4', 'likelihood': -3}, {'offset': 1, 'projected_percent': '-103.3', 'likelihood': -5}, {'offset': 2, 'projected_percent': '-152.2', 'likelihood': -5}]",,False,0,2,2.5,2.5,1,Piero,1.0,9,False,,,55,448104.jpg,1.0,False,Hincapié,1.7,False,,a,1,3,1,1381,1381,14404,14404,0.2,0.2,Hincapie,,62.0,2026-07-01,2002-01-09,False,p448104,9,0,0,0,0,0,0,0,0,0,0,0,3,0.0,0.0,0.0,0.0,0,0,0,0,0,0.00,0.00,0.00,0.15,,,,,,,[],,438.0,177.0,438.0,177.0,438.0,177.0,438.0,177.0,0.0,0.0,0.0,0.0,1.5,0.0,169.0,22.0,231.0,85.0,231.0,85.0,139.0,56.0,0.0,0.0,0.0,Arsenal,5.5
True,True,100.0,100.0,198869,0,0,0,0,15.7,1301,"[{'offset': 0, 'projected_percent': '19.4', 'likelihood': 1}, {'offset': 1, 'projected_percent': '38.5', 'likelihood': 2}, {'offset': 2, 'projected_percent': '57.6', 'likelihood': 3}]",,False,0,2,2.5,2.5,11,Benjamin,11.0,10,False,,2026-07-23T12:01:23.305229Z,55,198869.jpg,11.0,False,White,5.0,False,,a,1,3,11,33706,33706,3870,3870,2.0,2.0,White,,241.0,2021-07-30,1997-10-08,False,p198869,90,0,1,1,0,0,0,0,0,0,0,2,37,0.0,0.0,0.0,0.0,4,3,1,5,1,0.18,0.21,0.39,0.20,,,,,,,[],,399.0,168.0,399.0,168.0,399.0,168.0,399.0,168.0,0.18,0.0,0.21,0.39,0.2,0.0,130.0,13.0,8.0,5.0,8.0,5.0,67.0,27.0,1.0,1.0,5.0,Arsenal,5.5
True,True,,,500040,0,0,0,0,-3.4,-269,"[{'offset': 0, 'projected_percent': '-4.7', 'likelihood': -1}, {'offset': 1, 'projected_percent': '-11.4', 'likelihood': -1}, {'offset': 2, 'projected_percent': '-18.1', 'likelihood': -1}]",,False,0,2,2.5,2.5,6,Cristhian,6.0,11,False,,,55,500040.jpg,6.0,False,Mosquera,6.2,False,,a,1,3,6,5626,5626,10306,10306,1.1,1.1,Mosquera,,200.0,2025-07-24,2004-06-27,False,p500040,90,0,0,1,0,0,0,0,0,0,0,0,27,0.0,0.0,0.0,0.0,6,3,0,6,1,0.00,0.00,0.00,0.20,,,,,,,[],,466.0,184.0,466.0,184.0,466.0,184.0,466.0,184.0,0.0,0.0,0.0,0.0,0.2,0.0,197.0,29.0,53.0,25.0,53.0,25.0,60.0,24.0,1.0,1.0,6.0,Arsenal,5.5
True,True,,,223340,0,0,0,0,7.9,909,"[{'offset': 0, 'projected_percent': '10.5', 'likelihood': 1}, {'offset': 1, 'projected_percent': '23.9', 'likelihood': 2}, {'offset': 2, 'projected_percent': '37.2', 'likelihood': 2}]",,False,0,3,3.2,3.2,9,Bukayo,9.0,12,False,,,95,223340.jpg,9.0,False,Saka,9.9,False,,a,1,3,9,22608,22608,4763,4763,0.9,0.9,Saka,,241.0,2018-11-28,2001-09-05,False,p223340,67,1,0,1,0,0,0,0,0,0,0,1,36,0.0,0.0,0.0,0.0,2,4,1,7,1,0.64,0.08,0.72,0.06,2.0,,2.0,,1.0,,[],,601.0,264.0,601.0,264.0,601.0,264.0,601.0,264.0,0.86,0.0,0.11,0.97,0.08,0.0,3.0,2.0,26.0,13.0,26.0,13.0,43.0,16.0,1.34,1.34,9.4,Arsenal,9.5
True,True,,,204480,0,0,0,0,-8.0,-1301,"[{'offset': 0, 'projected_percent': '-10.2', 'likelihood': -1}, {'offset': 1, 'projected_percent': '-21.2', 'likelihood': -2}, {'offset': 2, 'projected_percent': '-32.3', 'likelihood': -2}]",,False,0,3,2.6,2.6,3,Declan,3.0,13,False,,,75,204480.jpg,3.0,False,Rice,17.9,False,,a,1,3,3,11433,11433,38402,38402,0.4,0.4,Rice,,241.0,2023-07-15,1999-01-14,False,p204480,67,0,0,1,0,0,0,0,0,0,0,0,10,0.0,0.0,0.0,0.0,3,3,0,6,1,0.07,0.08,0.15,0.06,1.0,,1.0,,,,[],,583.0,254.0,583.0,254.0,583.0,254.0,583.0,254.0,0.09,0.0,0.11,0.2,0.08,0.0,13.0,8.0,99.0,47.0,99.0,47.0,21.0,7.0,1.34,1.34,8.06,Arsenal,7.5
True,True,,,232413,0,0,0,0,-36.8,-517,"[{'offset': 0, 'projected_percent': '-44.5', 'likelihood': -3}, {'offset': 1, 'projected_percent': '-84.0', 'likelihood': -5}, {'offset': 2, 'projected_percent': '-123.4', 'likelihood': -5}]",,False,0,3,2.3,2.3,1,Eberechi,1.0,14,False,,,65,232413.jpg,1.0,False,Eze,2.0,False,,a,1,3,1,1595,1595,13896,13896,0.2,0.2,Eze,,241.0,2025-08-23,1998-06-29,False,p232413,14,0,0,0,0,0,0,0,0,0,0,0,4,0.0,0.0,0.0,0.0,0,2,0,2,0,0.04,0.00,0.04,0.15,,,3.0,,,,[],,560.0,236.0,560.0,236.0,560.0,236.0,560.0,236.0,0.26,0.0,0.0,0.26,0.96,0.0,41.0,28.0,258.0,123.0,258.0,123.0,122.0,37.0,0.0,0.0,12.86,Arsenal,6.5
True,True,,,184029,0,0,0,0,40.2,5142,"[{'offset': 0, 'projected_percent': '54.9', 'likelihood': 3}, {'offset': 1, 'projected_percent': '130.4', 'likelihood': 5}, {'offset': 2, 'projected_percent': '205.9', 'likelihood': 5}]",,False,1,3,2.3,2.3,11,Martin,11.0,15,True,,,65,184029.jpg,11.0,False,Ødegaard,9.3,False,,a,1,3,11,80090,80090,5969,5969,1.7,1.7,Ødegaard,,161.0,2021-08-20,1998-12-17,False,p184029,75,1,0,1,0,0,0,0,0,0,0,3,41,0.0,0.0,0.0,0.0,1,4,3,8,1,0.21,0.10,0.31,0.06,4.0,,,,3.0,,[],,554.0,231.0,554.0,231.0,554.0,231.0,554.0,231.0,0.25,0.0,0.12,0.37,0.07,0.0,35.0,23.0,9.0,4.0,9.0,4.0,45.0,17.0,1.2,1.2,9.6,Arsenal,6.5
True,True,,,248857,0,0,0,0,-36.5,-111,"[{'offset': 0, 'projected_percent': '-46.2', 'likelihood': -3}, {'offset': 1, 'projected_percent': '-96.5', 'likelihood': -5}, {'offset': 2, 'projected_percent': '-146.7', 'likelihood': -5}]",,False,0,3,2.3,2.3,1,Noni,1.0,16,False,,,65,248857.jpg,1.0,False,Madueke,0.3,False,,a,1,3,1,337,337,2366,2366,0.2,0.2,Madueke,,241.0,2025-07-18,2002-03-10,False,p248857,22,0,0,0,0,0,0,0,0,0,0,0,8,0.0,0.0,0.0,0.0,0,2,0,2,0,0.00,0.04,0.04,0.15,6.0,,,,,,[],,562.0,238.0,562.0,238.0,562.0,238.0,562.0,238.0,0.0,0.0,0.16,0.16,0.61,0.0,43.0,30.0,259.0,124.0,259.0,124.0,288.0,96.0,0.0,0.0,8.18,Arsenal,6.5
True,True,,,195384,0,0,0,0,-34.9,-222,"[{'offset': 0, 'projected_percent': '-44.7', 'likelihood': -3}, {'offset': 1, 'projected_percent': '-95.1', 'likelihood': -5}, {'offset': 2, 'projected_percent': '-145.5', 'likelihood': -5}]",,False,0,3,2.1,2.1,1,Mikel,1.0,17,False,,,60,195384.jpg,1.0,False,Merino Zazón,0.7,False,,a,1,3,1,908,908,4934,4934,0.2,0.2,Merino,,200.0,2024-08-27,1996-06-22,False,p195384,14,0,0,0,0,0,0,0,0,0,0,0,5,0.0,0.0,0.0,0.0,0,2,0,2,0,0.14,0.02,0.16,0.15,,,,,,,[],,502.0,197.0,502.0,197.0,502.0,197.0,502.0,197.0,0.9,0.0,0.13,1.03,0.96,0.0,64.0,42.0,247.0,114.0,247.0,114.0,232.0,77.0,0.0,0.0,12.86,Arsenal,6.0
True,True,,,444145,0,0,0,0,-53.6,-91,"[{'offset': 0, 'projected_percent': '-65.5', 'likelihood': -4}, {'offset': 1, 'projected_percent': '-126.7', 'likelihood': -5}, {'offset': 2, 'projected_percent': '-187.9', 'likelihood': -5}]",,False,0,3,2.3,2.3,0,Gabriel,0.0,18,False,,,65,444145.jpg,0.0,False,Martinelli Silva,0.2,False,,a,1,3,0,391,391,2379,2379,0.0,0.0,Martinelli,Gabriel Martinelli,30.0,2019-07-15,2001-06-18,False,p444145,0,0,0,0,0,0,0,0,0,0,0,0,0,0.0,0.0,0.0,0.0,0,0,0,0,0,0.00,0.00,0.00,0.00,,,,,,,[],,564.0,240.0,564.0,240.0,564.0,240.0,564.0,240.0,0.0,0.0,0.0,0.0,0.0,0.0,45.0,32.0,583.0,255.0,583.0,255.0,334.0,117.0,0.0,0.0,0.0,Arsenal,6.5
True,True,,,481655,0,0,0,0,-28.6,-316,"[{'offset': 0, 'projected_percent': '-36.9', 'likelihood': -2}, {'offset': 1, 'projected_percent': '-79.9', 'likelihood': -4}, {'offset': 2, 'projected_percent': '-122.8', 'likelihood': -5}]",,False,0,3,2.0,2.0,1,Martín,1.0,19,False,,,55,481655.jpg,1.0,False,Zubimendi Ibáñez,1.1,False,,a,1,3,1,477,477,6023,6023,0.2,0.2,Zubimendi,,200.0,2025-07-06,1999-02-02,False,p481655,22,0,0,0,0,0,0,0,0,0,0,0,3,0.0,0.0,0.0,0.0,0,2,1,3,0,0.00,0.02,0.02,0.15,,,,,,,[],,456.0,170.0,456.0,170.0,456.0,170.0,456.0,170.0,0.0,0.0,0.08,0.08,0.61,0.0,187.0,114.0,234.0,107.0,234.0,107.0,184.0,60.0,0.0,0.0,12.27,Arsenal,5.5
True,True,,,616077,0,0,0,0,-45.2,-32,"[{'offset': 0, 'projected_percent': '-55.3', 'likelihood': -3}, {'offset': 1, 'projected_percent': '-107.4', 'likelihood': -5}, {'offset': 2, 'projected_percent': '-159.4', 'likelihood': -5}]",,False,0,3,2.0,2.0,0,Max,0.0,20,False,,,55,616077.jpg,0.0,False,Dowman,0.1,False,,a,1,3,0,160,160,885,885,0.0,0.0,Dowman,,241.0,2025-07-22,2009-12-31,False,p616077,0,0,0,0,0,0,0,0,0,0,0,0,0,0.0,0.0,0.0,0.0,0,0,0,0,0,0.00,0.00,0.00,0.00,,,,,,,[],,490.0,194.0,490.0,194.0,490.0,194.0,490.0,194.0,0.0,0.0,0.0,0.0,0.0,0.0,221.0,138.0,558.0,240.0,558.0,240.0,428.0,169.0,0.0,0.0,0.0,Arsenal,5.5
True,True,,,499175,0,0,0,0,-42.6,-8,"[{'offset': 0, 'projected_percent': '-58.8', 'likelihood': -3}, {'offset': 1, 'projected_percent': '-142.1', 'likelihood': -5}, {'offset': 2, 'projected_percent': '-225.4', 'likelihood': -5}]",,False,0,3,2.0,2.0,0,Ethan,0.0,22,False,,,55,499175.jpg,0.0,False,Nwaneri,0.0,False,,a,1,3,0,26,26,127,127,0.0,0.0,Nwaneri,,241.0,2022-09-17,2007-03-21,False,p499175,0,0,0,0,0,0,0,0,0,0,0,0,0,0.0,0.0,0.0,0.0,0,0,0,0,0,0.00,0.00,0.00,0.00,,,,,,,[],,465.0,177.0,465.0,177.0,465.0,177.0,465.0,177.0,0.0,0.0,0.0,0.0,0.0,0.0,196.0,121.0,547.0,232.0,547.0,232.0,565.0,239.0,0.0,0.0,0.0,Arsenal,5.5
True,True,,,438098,0,0,0,0,-26.0,0,"[{'offset': 0, 'projected_percent': '-26.0', 'likelihood': -2}, {'offset': 1, 'projected_percent': '-26.0', 'likelihood': -2}, {'offset': 2, 'projected_percent': '-26.0', 'likelihood': -2}]",,False,0,3,2.0,2.0,0,Fábio,0.0,23,False,,,55,438098.jpg,0.0,False,Ferreira Vieira,0.0,False,,a,1,3,0,30,30,75,75,0.0,0.0,Fábio Vieira,Fábio Vieira,173.0,2022-06-21,2000-05-30,False,p438098,0,0,0,0,0,0,0,0,0,0,0,0,0,0.0,0.0,0.0,0.0,0,0,0,0,0,0.00,0.00,0.00,0.00,,,,,,,[],,430.0,156.0,430.0,156.0,430.0,156.0,430.0,156.0,0.0,0.0,0.0,0.0,0.0,0.0,161.0,100.0,534.0,223.0,534.0,223.0,578.0,246.0,0.0,0.0,0.0,Arsenal,5.5
True,True,,,200641,0,0,0,0,-16.8,0,"[{'offset': 0, 'projected_percent': '-16.8', 'likelihood': -1}, {'offset': 1, 'projected_percent': '-16.8', 'likelihood': -1}, {'offset': 2, 'projected_percent': '-16.8', 'likelihood': -1}]",,False,0,3,2.0,2.0,0,Reiss,0.0,24,False,,,55,200641.jpg,0.0,False,Nelson,0.0,False,,a,1,3,0,28,28,57,57,0.0,0.0,Nelson,,241.0,2017-07-12,1999-12-10,False,p200641,0,0,0,0,0,0,0,0,0,0,0,0,0,0.0,0.0,0.0,0.0,0,0,0,0,0,0.00,0.00,0.00,0.00,,,,,,,[],,401.0,138.0,401.0,138.0,401.0,138.0,401.0,138.0,0.0,0.0,0.0,0.0,0.0,0.0,132.0,82.0,521.0,215.0,521.0,215.0,579.0,247.0,0.0,0.0,0.0,Arsenal,5.5
True,True,,,224117,0,0,0,0,-43.3,-2794,"[{'offset': 0, 'projected_percent': '-53.0', 'likelihood': -3}, {'offset': 1, 'projected_percent': '-103.1', 'likelihood': -5}, {'offset': 2, 'projected_percent': '-153.2', 'likelihood': -5}]",,False,0,4,2.4,2.4,0,Viktor,0.0,25,False,,,75,224117.jpg,0.0,False,Gyökeres,8.5,False,,a,1,3,0,2481,2481,64153,64153,0.0,0.0,Gyökeres,,206.0,2025-07-26,1998-06-04,False,p224117,0,0,0,0,0,0,0,0,0,0,0,0,0,0.0,0.0,0.0,0.0,0,0,0,0,0,0.00,0.00,0.00,0.00,,,,,2.0,,[],,585.0,66.0,585.0,66.0,585.0,66.0,585.0,66.0,0.0,0.0,0.0,0.0,0.0,0.0,15.0,6.0,593.0,68.0,593.0,68.0,49.0,8.0,0.0,0.0,0.0,Arsenal,7.5
True,True,,,219847,0,0,0,0,26.1,2987,"[{'offset': 0, 'projected_percent': '34.6', 'likelihood': 2}, {'offset': 1, 'projected_percent': '78.4', 'likelihood': 4}, {'offset': 2, 'projected_percent': '122.3', 'likelihood': 5}]",,False,0,4,2.4,2.4,6,Kai,6.0,26,False,,,75,219847.jpg,6.0,False,Havertz,6.1,False,,a,1,3,6,52193,52193,5919,5919,0.8,0.8,Havertz,,80.0,2023-06-28,1999-06-11,False,p219847,90,1,0,1,0,0,0,0,0,0,0,0,34,0.0,0.0,0.0,0.0,2,0,0,2,1,0.26,0.03,0.29,0.20,,,,,,,[],,584.0,65.0,584.0,65.0,584.0,65.0,584.0,65.0,0.26,0.0,0.03,0.29,0.2,0.0,14.0,5.0,57.0,3.0,57.0,3.0,61.0,10.0,1.0,1.0,2.0,Arsenal,7.5
True,True,,,205651,0,0,0,0,-30.1,-71,"[{'offset': 0, 'projected_percent': '-36.1', 'likelihood': -2}, {'offset': 1, 'projected_percent': '-67.1', 'likelihood': -4}, {'offset': 2, 'projected_percent': '-98.1', 'likelihood': -5}]",,False,0,4,2.0,2.0,0,Gabriel,0.0,27,False,,,60,205651.jpg,0.0,False,Fernando de Jesus,0.4,False,,a,1,3,0,636,636,2414,2414,0.0,0.0,G.Jesus,Gabriel Jesus,30.0,2022-07-04,1997-04-03,False,p205651,0,0,0,0,0,0,0,0,0,0,0,0,0,0.0,0.0,0.0,0.0,0,0,0,0,0,0.00,0.00,0.00,0.00,,,,,,,[],,506.0,49.0,506.0,49.0,506.0,49.0,506.0,49.0,0.0,0.0,0.0,0.0,0.0,0.0,68.0,17.0,563.0,61.0,563.0,61.0,285.0,51.0,0.0,0.0,0.0,Arsenal,6.0
True,True,,,199798,0,0,0,0,-26.8,-2931,"[{'offset': 0, 'projected_percent': '-33.8', 'likelihood': -2}, {'offset': 1, 'projected_percent': '-69.8', 'likelihood': -4}, {'offset': 2, 'projected_percent': '-105.8', 'likelihood': -5}]",,False,0,2,1.7,1.7,0,Ezri,0.0,31,False,,,45,199798.jpg,0.0,False,Konsa Ngoyo,12.4,False,,a,1,3,0,15356,15356,71820,71820,0.0,0.0,Konsa,,241.0,2026-08-21,1997-10-23,False,p199798,0,0,0,0,0,0,0,0,0,0,0,0,0,0.0,0.0,0.0,0.0,0,0,0,0,0,0.00,0.00,0.00,0.00,,,,,,,[],,105.0,70.0,105.0,70.0,105.0,70.0,105.0,70.0,0.0,0.0,0.0,0.0,0.0,0.0,431.0,97.0,336.0,129.0,336.0,129.0,32.0,11.0,0.0,0.0,0.0,Arsenal,4.5
True,True,75.0,75.0,208706,0,0,0,0,-33.7,-1855,"[{'offset': 0, 'projected_percent': '-41.6', 'likelihood': -3}, {'offset': 1, 'projected_percent': '-82.4', 'likelihood': -5}, {'offset': 2, 'projected_percent': '-123.3', 'likelihood': -5}]",,False,0,3,1.8,1.8,0,Bruno,0.0,452,False,Thigh injury - 75% chance of playing,2026-08-20T17:00:08.846118Z,70,208706.jpg,0.0,False,Guimarães Rodriguez Moura,3.8,False,,d,1,3,0,327,327,38859,38859,0.0,0.0,Bruno G.,Bruno Guimarães,30.0,2026-08-08,1997-11-16,False,p208706,0,0,0,0,0,0,0,0,0,0,0,0,0,0.0,0.0,0.0,0.0,0,0,0,0,0,0.00,0.00,0.00,0.00,5.0,,,,4.0,,[],https://www.arsenal.com/news/every-word-from-mikel-artetas-pre-coventry-presser-agLtL1y0uKj3,576.0,249.0,576.0,249.0,576.0,249.0,576.0,249.0,0.0,0.0,0.0,0.0,0.0,0.0,24.0,15.0,590.0,260.0,590.0,260.0,86.0,30.0,0.0,0.0,0.0,Arsenal,7.0
True,True,,,439509,0,0,0,0,34.4,2554,"[{'offset': 0, 'projected_percent': '41.7', 'likelihood': 3}, {'offset': 1, 'projected_percent': '79.2', 'likelihood': 4}, {'offset': 2, 'projected_percent': '116.7', 'likelihood': 5}]",,False,0,3,2.3,2.3,6,Christos,6.0,557,False,,,65,439509.jpg,6.0,False,Tzolis,25.4,False,,a,1,3,6,69864,69864,8602,8602,0.9,0.9,Tzolis,,83.0,2026-07-23,2002-01-30,False,p439509,75,0,1,1,0,0,0,0,0,0,0,0,30,0.0,0.0,0.0,0.0,2,3,1,6,1,0.19,0.14,0.33,0.06,3.0,,,,,,[],,563.0,239.0,563.0,239.0,563.0,239.0,563.0,239.0,0.23,0.0,0.17,0.4,0.07,0.0,44.0,31.0,56.0,22.0,56.0,22.0,11.0,5.0,1.2,1.2,7.2,Arsenal,6.5
True,True,,,98980,0,0,0,0,-9.4,-1067,"[{'offset': 0, 'projected_percent': '-16.6', 'likelihood': -1}, {'offset': 1, 'projected_percent': '-53.4', 'likelihood': -3}, {'offset': 2, 'projected_percent': '-90.1', 'likelihood': -5}]",,False,0,1,2.6,2.6,0,Emiliano,0.0,28,False,,,50,98980.jpg,0.0,False,Martínez Romero,4.4,False,,a,2,7,0,3589,3589,11364,11364,0.0,0.0,Martinez,Emiliano Martínez,10.0,2020-09-16,1992-09-02,False,p98980,0,0,0,0,0,0,0,0,0,0,0,0,0,0.0,0.0,0.0,0.0,0,0,0,0,0,0.00,0.00,0.00,0.00,,,,,,,[],,215.0,49.0,215.0,49.0,215.0,49.0,215.0,49.0,0.0,0.0,0.0,0.0,0.0,0.0,232.0,7.0,411.0,59.0,411.0,59.0,71.0,10.0,0.0,0.0,0.0,Aston Villa,5.0
True,True,,,72147,0,0,0,0,0.0,-6,"[{'offset': 0, 'projected_percent': '0.0', 'likelihood': 0}, {'offset': 1, 'projected_percent': '-5.9', 'likelihood': -1}, {'offset': 2, 'projected_percent': '-12.9', 'likelihood': -1}]",,False,0,1,1.9,1.9,1,Marco,1.0,29,False,,,45,72147.jpg,1.0,False,Bizot,0.1,False,,a,2,7,1,209,209,160,160,0.2,0.2,M.Bizot,,152.0,2025-07-15,1991-03-10,False,p72147,90,0,0,0,4,0,0,0,0,0,3,0,1,0.0,0.0,0.0,0.0,2,7,0,0,1,0.00,0.00,0.00,3.67,,,,,,,[],,74.0,22.0,74.0,22.0,74.0,22.0,74.0,22.0,0.0,3.0,0.0,0.0,3.67,4.0,400.0,23.0,168.0,14.0,168.0,14.0,407.0,44.0,1.0,0.0,0.0,Aston Villa,4.5
True,False,0.0,0.0,101188,0,0,0,0,0.0,-78,"[{'offset': 0, 'projected_percent': '0.0', 'likelihood': 0}, {'offset': 1, 'projected_percent': '0.0', 'likelihood': 0}, {'offset': 2, 'projected_percent': '0.0', 'likelihood': 0}]",,False,0,2,0.0,0.0,0,Lucas,0.0,30,False,Has joined Paris Saint-Germain permanently,2026-08-10T14:03:30.089007Z,45,101188.jpg,0.0,False,Digne,0.1,False,,u,2,7,0,0,0,2252,2252,0.0,0.0,Digne,,73.0,2022-01-13,1993-07-20,False,p101188,0,0,0,0,0,0,0,0,0,0,0,0,0,0.0,0.0,0.0,0.0,0,0,0,0,0,0.00,0.00,0.00,0.00,,,,,,,[],,79.0,55.0,79.0,55.0,79.0,55.0,79.0,55.0,0.0,0.0,0.0,0.0,0.0,0.0,405.0,82.0,318.0,121.0,318.0,121.0,404.0,143.0,0.0,0.0,0.0,Aston Villa,4.5
True,True,,,199796,0,0,0,0,2.2,-1851,"[{'offset': 0, 'projected_percent': '-3.7', 'likelihood': -1}, {'offset': 1, 'projected_percent': '-35.8', 'likelihood': -2}, {'offset': 2, 'projected_percent': '-68.0', 'likelihood': -4}]",,False,0,2,1.7,1.7,-1,Matty,-1.0,32,False,,,45,199796.jpg,-1.0,False,Cash,8.8,False,,a,2,7,-1,19221,19221,18134,18134,-0.2,-0.2,Cash,,172.0,2020-09-03,1997-08-07,False,p199796,90,0,0,0,4,0,0,0,1,0,0,0,-8,0.0,0.0,0.0,0.0,5,0,2,7,1,0.00,0.00,0.00,3.67,1.0,,,,,,[],,104.0,69.0,104.0,69.0,104.0,69.0,104.0,69.0,0.0,0.0,0.0,0.0,3.67,4.0,430.0,96.0,602.0,198.0,602.0,198.0,47.0,18.0,1.0,0.0,7.0,Aston Villa,4.5
True,True,,,149484,0,0,0,0,0.7,-26,"[{'offset': 0, 'projected_percent': '0.6', 'likelihood': 1}, {'offset': 1, 'projected_percent': '0.2', 'likelihood': 1}, {'offset': 2, 'projected_percent': '-4.1', 'likelihood': -1}]",,False,0,2,1.7,1.7,1,Tyrone,1.0,33,False,,,45,149484.jpg,1.0,False,Mings,0.4,False,,a,2,7,1,1815,1815,738,738,0.2,0.2,Mings,,241.0,2019-07-08,1993-03-13,False,p149484,16,0,0,0,0,0,0,0,0,0,0,0,5,0.0,0.0,0.0,0.0,0,0,1,1,0,0.00,0.00,0.00,0.20,,,,,,,[],,91.0,59.0,91.0,59.0,91.0,59.0,91.0,59.0,0.0,0.0,0.0,0.0,1.12,0.0,417.0,86.0,171.0,61.0,171.0,61.0,276.0,103.0,0.0,0.0,5.62,Aston Villa,4.5
True,True,,,244954,0,0,0,0,0.3,-77,"[{'offset': 0, 'projected_percent': '0.1', 'likelihood': 1}, {'offset': 1, 'projected_percent': '-23.7', 'likelihood': -2}, {'offset': 2, 'projected_percent': '-48.8', 'likelihood': -3}]",,False,0,2,1.7,1.7,0,Pau,0.0,34,False,,,45,244954.jpg,0.0,False,Torres,0.5,False,,a,2,7,0,1265,1265,875,875,0.0,0.0,Pau,,200.0,2023-07-12,1997-01-16,False,p244954,73,0,0,0,4,0,0,0,0,0,0,0,-14,0.0,0.0,0.0,0.0,5,1,0,5,1,0.00,0.00,0.00,3.47,,,,,,,[],,131.0,90.0,131.0,90.0,131.0,90.0,131.0,90.0,0.0,0.0,0.0,0.0,4.28,4.93,457.0,117.0,352.0,141.0,352.0,141.0,262.0,98.0,1.23,0.0,6.16,Aston Villa,4.5
True,True,,,515597,0,0,0,0,0.1,-6,"[{'offset': 0, 'projected_percent': '0.1', 'likelihood': 1}, {'offset': 1, 'projected_percent': '-5.6', 'likelihood': -1}, {'offset': 2, 'projected_percent': '-18.3', 'likelihood': -1}]",,False,0,3,1.5,1.5,1,Lamare,1.0,35,False,,,50,515597.jpg,1.0,False,Bogarde,0.1,False,,a,2,7,1,301,301,213,213,0.2,0.2,Bogarde,,152.0,2021-01-07,2004-01-05,False,p515597,16,0,0,0,0,0,0,0,0,0,0,0,3,0.0,0.0,0.0,0.0,1,0,0,1,0,0.00,0.00,0.00,0.20,,,,,,,[],,339.0,97.0,339.0,97.0,339.0,97.0,339.0,97.0,0.0,0.0,0.0,0.0,1.12,0.0,356.0,207.0,206.0,90.0,206.0,90.0,452.0,183.0,0.0,0.0,5.62,Aston Villa,5.0
True,True,,,441302,0,0,0,0,0.0,-154,"[{'offset': 0, 'projected_percent': '-5.0', 'likelihood': -1}, {'offset': 1, 'projected_percent': '-33.5', 'likelihood': -2}, {'offset': 2, 'projected_percent': '-62.0', 'likelihood': -4}]",,False,0,2,1.7,1.7,0,Ian,0.0,36,False,,,45,441302.jpg,0.0,False,Maatsen,0.8,False,,a,2,7,0,1476,1476,1576,1576,0.0,0.0,Maatsen,,152.0,2024-06-28,2002-03-10,False,p441302,81,0,0,0,4,0,0,0,0,0,0,0,-9,0.0,0.0,0.0,0.0,7,2,2,9,1,0.04,0.00,0.04,3.55,,,,,,,[],,137.0,95.0,137.0,95.0,137.0,95.0,137.0,95.0,0.04,0.0,0.0,0.04,3.94,4.44,463.0,122.0,357.0,145.0,357.0,145.0,211.0,78.0,1.11,0.0,10.0,Aston Villa,4.5
True,True,,,184667,0,0,0,0,0.2,-63,"[{'offset': 0, 'projected_percent': '0.0', 'likelihood': 0}, {'offset': 1, 'projected_percent': '-30.9', 'likelihood': -2}, {'offset': 2, 'projected_percent': '-62.2', 'likelihood': -4}]",,False,0,2,1.7,1.7,-2,Victor,-2.0,37,False,,,45,184667.jpg,-2.0,False,Lindelöf,0.3,False,,a,2,7,-2,1037,1037,758,758,-0.4,-0.4,Lindelöf,,206.0,2025-09-01,1994-07-17,False,p184667,90,0,0,0,4,1,0,0,0,0,0,0,-13,0.0,0.0,0.0,0.0,3,1,0,3,1,0.00,0.00,0.00,3.67,,,,,,,[],,101.0,66.0,101.0,66.0,101.0,66.0,101.0,66.0,0.0,0.0,0.0,0.0,3.67,4.0,427.0,93.0,603.0,199.0,603.0,199.0,296.0,109.0,1.0,0.0,3.0,Aston Villa,4.5
True,True,,,606798,0,0,0,0,0.1,-88,"[{'offset': 0, 'projected_percent': '-0.7', 'likelihood': -1}, {'offset': 1, 'projected_percent': '-8.2', 'likelihood': -1}, {'offset': 2, 'projected_percent': '-15.7', 'likelihood': -1}]",,False,0,2,1.0,1.0,0,Andrés,0.0,38,False,,,40,606798.jpg,0.0,False,García,1.8,False,,a,2,7,0,2777,2777,2857,2857,0.0,0.0,A.García,,,,,False,p606798,0,0,0,0,0,0,0,0,0,0,0,0,0,0.0,0.0,0.0,0.0,0,0,0,0,0,0.00,0.00,0.00,0.00,,,,,,,[],,65.0,45.0,65.0,45.0,65.0,45.0,65.0,45.0,0.0,0.0,0.0,0.0,0.0,0.0,598.0,193.0,309.0,115.0,309.0,115.0,132.0,53.0,0.0,0.0,0.0,Aston Villa,4.0
True,False,0.0,0.0,578545,0,0,0,0,0.0,-69,"[{'offset': 0, 'projected_percent': '0.0', 'likelihood': 0}, {'offset': 1, 'projected_percent': '0.0', 'likelihood': 0}, {'offset': 2, 'projected_percent': '0.0', 'likelihood': 0}]",,False,0,2,0.0,0.0,0,Kosta,0.0,39,False,Has joined Rangers on loan for the rest of the season,2026-08-19T13:56:46.385411Z,40,578545.jpg,0.0,False,Nedeljkovic,0.3,False,,u,2,7,0,0,0,2577,2577,0.0,0.0,Nedeljkovic,,190.0,2024-01-22,2005-12-16,False,p578545,0,0,0,0,0,0,0,0,0,0,0,0,0,0.0,0.0,0.0,0.0,0,0,0,0,0,0.00,0.00,0.00,0.00,,,,,,,[],,62.0,43.0,62.0,43.0,62.0,43.0,62.0,43.0,0.0,0.0,0.0,0.0,0.0,0.0,595.0,191.0,307.0,114.0,307.0,114.0,307.0,115.0,0.0,0.0,0.0,Aston Villa,4.0
True,True,,,195546,0,0,0,0,-4.8,-295,"[{'offset': 0, 'projected_percent': '-11.2', 'likelihood': -1}, {'offset': 1, 'projected_percent': '-44.5', 'likelihood': -3}, {'offset': 2, 'projected_percent': '-77.7', 'likelihood': -4}]",,False,0,3,2.1,2.1,2,Emiliano,2.0,41,False,,,60,195546.jpg,2.0,False,Buendía Stati,1.4,False,,a,2,7,2,2159,2159,3511,3511,0.3,0.3,Buendía,,10.0,2021-06-10,1996-12-25,False,p195546,85,0,0,0,4,0,0,0,0,0,0,0,5,0.0,0.0,0.0,0.0,3,3,2,8,1,0.13,0.09,0.22,3.55,,,1.0,,1.0,,[],,503.0,198.0,503.0,198.0,503.0,198.0,503.0,198.0,0.14,0.0,0.1,0.24,3.76,4.24,65.0,43.0,136.0,67.0,136.0,67.0,168.0,52.0,1.06,0.0,8.47,Aston Villa,6.0
True,True,,,215711,0,0,0,0,-3.4,-44,"[{'offset': 0, 'projected_percent': '-11.4', 'likelihood': -1}, {'offset': 1, 'projected_percent': '-52.7', 'likelihood': -3}, {'offset': 2, 'projected_percent': '-94.0', 'likelihood': -5}]",,False,0,3,2.0,2.0,0,Leon,0.0,44,False,,,55,215711.jpg,0.0,False,Bailey,0.2,False,,a,2,7,0,434,434,544,544,0.0,0.0,Bailey,,107.0,2021-08-04,1997-08-09,False,p215711,0,0,0,0,0,0,0,0,0,0,0,0,0,0.0,0.0,0.0,0.0,0,0,0,0,0,0.00,0.00,0.00,0.00,,,,,,,[],,410.0,143.0,410.0,143.0,410.0,143.0,410.0,143.0,0.0,0.0,0.0,0.0,0.0,0.0,141.0,87.0,525.0,218.0,525.0,218.0,375.0,141.0,0.0,0.0,0.0,Aston Villa,5.5
True,True,,,122806,0,0,0,0,-6.6,-711,"[{'offset': 0, 'projected_percent': '-13.2', 'likelihood': -1}, {'offset': 1, 'projected_percent': '-46.7', 'likelihood': -3}, {'offset': 2, 'projected_percent': '-80.3', 'likelihood': -5}]",,False,0,3,2.0,2.0,1,John,1.0,45,False,,,55,122806.jpg,1.0,False,McGinn,3.2,False,,a,2,7,1,3217,3217,7419,7419,0.2,0.2,McGinn,,243.0,2018-08-08,1994-10-18,False,p122806,81,0,0,0,4,0,0,0,1,0,0,0,8,0.0,0.0,0.0,0.0,2,3,1,6,1,0.04,0.01,0.05,3.55,2.0,,,,,,[],,387.0,132.0,387.0,132.0,387.0,132.0,387.0,132.0,0.04,0.0,0.01,0.05,3.94,4.44,118.0,76.0,221.0,101.0,221.0,101.0,101.0,34.0,1.11,0.0,6.67,Aston Villa,5.5
True,True,,,88894,0,0,0,0,0.1,-18,"[{'offset': 0, 'projected_percent': '0.1', 'likelihood': 1}, {'offset': 1, 'projected_percent': '-8.1', 'likelihood': -1}, {'offset': 2, 'projected_percent': '-19.5', 'likelihood': -1}]",,False,0,3,1.5,1.5,2,Ross,2.0,46,False,,,50,88894.jpg,2.0,False,Barkley,0.2,False,,a,2,7,2,663,663,487,487,0.4,0.4,Barkley,,241.0,2024-07-01,1993-12-05,False,p88894,73,0,0,0,4,0,0,0,0,0,0,0,11,0.0,0.0,0.0,0.0,1,0,0,1,1,0.10,0.02,0.12,3.47,,,,,,,[],,212.0,31.0,212.0,31.0,212.0,31.0,212.0,31.0,0.12,0.0,0.02,0.14,4.28,4.93,229.0,141.0,110.0,50.0,110.0,50.0,322.0,112.0,1.23,0.0,1.23,Aston Villa,5.0
True,True,100.0,100.0,226944,0,0,0,0,0.1,-42,"[{'offset': 0, 'projected_percent': '-1.0', 'likelihood': -1}, {'offset': 1, 'projected_percent': '-18.4', 'likelihood': -1}, {'offset': 2, 'projected_percent': '-35.8', 'likelihood': -2}]",,False,0,3,1.5,1.5,2,Boubacar,2.0,47,False,,2026-07-23T12:01:23.337269Z,50,226944.jpg,2.0,False,Kamara,0.4,False,,a,2,7,2,1083,1083,1031,1031,0.4,0.4,Kamara,,73.0,2022-06-11,1999-11-23,False,p226944,90,0,0,0,4,0,0,0,0,0,0,0,9,0.0,0.0,0.0,0.0,3,2,2,7,1,0.00,0.00,0.00,3.67,,,,,,,[],,264.0,57.0,264.0,57.0,264.0,57.0,264.0,57.0,0.0,0.0,0.0,0.0,3.67,4.0,281.0,167.0,116.0,53.0,116.0,53.0,280.0,92.0,1.0,0.0,7.0,Aston Villa,5.0
True,True,0.0,0.0,449871,0,0,0,0,-10.2,-8,"[{'offset': 0, 'projected_percent': '-13.7', 'likelihood': -1}, {'offset': 1, 'projected_percent': '-31.5', 'likelihood': -2}, {'offset': 2, 'projected_percent': '-49.4', 'likelihood': -3}]",,False,0,3,0.0,0.0,0,Amadou,0.0,48,False,Knee injury - Unknown return date,2026-07-23T12:01:23.352497Z,50,449871.jpg,0.0,False,Onana,0.0,False,,i,2,7,0,60,60,186,186,0.0,0.0,Onana,,21.0,2024-07-22,2001-08-16,False,p449871,0,0,0,0,0,0,0,0,0,0,0,0,0,0.0,0.0,0.0,0.0,0,0,0,0,0,0.00,0.00,0.00,0.00,,,,,,,[],,291.0,71.0,291.0,71.0,291.0,71.0,291.0,71.0,0.0,0.0,0.0,0.0,0.0,0.0,308.0,181.0,462.0,180.0,462.0,180.0,532.0,220.0,0.0,0.0,0.0,Aston Villa,5.0
True,False,0.0,0.0,469247,0,0,0,0,0.0,-4,"[{'offset': 0, 'projected_percent': '0.0', 'likelihood': 0}, {'offset': 1, 'projected_percent': '0.0', 'likelihood': 0}, {'offset': 2, 'projected_percent': '0.0', 'likelihood': 0}]",,False,0,3,0.0,0.0,0,Samuel,0.0,49,False,Has joined Bolton Wanderers on loan for the rest of the season,2026-08-17T13:52:28.532616Z,50,469247.jpg,0.0,False,Iling-Junior,0.0,False,,u,2,7,0,0,0,61,61,0.0,0.0,Iling Jr,,241.0,2024-07-01,2003-10-04,False,p469247,0,0,0,0,0,0,0,0,0,0,0,0,0,0.0,0.0,0.0,0.0,0,0,0,0,0,0.00,0.00,0.00,0.00,,,,,,,[],,303.0,76.0,303.0,76.0,303.0,76.0,303.0,76.0,0.0,0.0,0.0,0.0,0.0,0.0,320.0,186.0,470.0,185.0,470.0,185.0,596.0,261.0,0.0,0.0,0.0,Aston Villa,5.0
True,True,,,645618,0,0,0,0,0.1,-51,"[{'offset': 0, 'projected_percent': '-1.2', 'likelihood': -1}, {'offset': 1, 'projected_percent': '-12.5', 'likelihood': -1}, {'offset': 2, 'projected_percent': '-23.8', 'likelihood': -2}]",,False,0,3,1.0,1.0,0,Bradley,0.0,50,False,,,45,645618.jpg,0.0,False,Burrowes,0.7,False,,a,2,7,0,1324,1324,1390,1390,0.0,0.0,Burrowes,,241.0,2025-01-09,2008-03-04,False,p645618,0,0,0,0,0,0,0,0,0,0,0,0,0,0.0,0.0,0.0,0.0,0,0,0,0,0,0.00,0.00,0.00,0.00,,,,,,,[],,205.0,26.0,205.0,26.0,205.0,26.0,205.0,26.0,0.0,0.0,0.0,0.0,0.0,0.0,531.0,264.0,404.0,148.0,404.0,148.0,225.0,72.0,0.0,0.0,0.0,Aston Villa,4.5
True,True,,,577285,0,0,0,0,0.2,29,"[{'offset': 0, 'projected_percent': '0.2', 'likelihood': 1}, {'offset': 1, 'projected_percent': '0.7', 'likelihood': 1}, {'offset': 2, 'projected_percent': '1.1', 'likelihood': 1}]",,False,0,3,1.0,1.0,2,George,2.0,51,False,,,45,577285.jpg,2.0,False,Hemmings,0.7,False,,a,2,7,2,1147,1147,911,911,0.4,0.4,George Hemmings,,241.0,2025-08-05,2007-03-04,False,p577285,90,0,0,0,4,0,0,0,0,0,0,0,12,0.0,0.0,0.0,0.0,0,2,3,5,1,0.00,0.02,0.02,3.67,,,,,,,[],,190.0,20.0,190.0,20.0,190.0,20.0,190.0,20.0,0.0,0.0,0.02,0.02,3.67,4.0,516.0,258.0,108.0,49.0,108.0,49.0,230.0,75.0,1.0,0.0,5.0,Aston Villa,4.5
True,True,,,653481,0,0,0,0,0.0,-6,"[{'offset': 0, 'projected_percent': '0.0', 'likelihood': 0}, {'offset': 1, 'projected_percent': '-19.5', 'likelihood': -1}, {'offset': 2, 'projected_percent': '-40.2', 'likelihood': -3}]",,False,0,3,1.5,1.5,1,Alysson Edward Franco,1.0,52,False,,,50,653481.jpg,1.0,False,da Rocha dos Santos,0.0,False,,a,2,7,1,168,168,139,139,0.2,0.2,Alysson,Alysson,30.0,2026-01-01,2006-05-05,False,p653481,8,0,0,0,0,0,0,0,0,0,0,0,5,0.0,0.0,0.0,0.0,1,1,1,3,0,0.00,0.00,0.00,0.13,,,,,,,[],,376.0,125.0,376.0,125.0,376.0,125.0,376.0,125.0,0.0,0.0,0.0,0.0,1.46,0.0,393.0,235.0,216.0,97.0,216.0,97.0,485.0,201.0,0.0,0.0,33.75,Aston Villa,5.0
True,True,0.0,0.0,614071,0,0,0,0,-26.4,-133,"[{'offset': 0, 'projected_percent': '-32.0', 'likelihood': -2}, {'offset': 1, 'projected_percent': '-60.7', 'likelihood': -4}, {'offset': 2, 'projected_percent': '-89.5', 'likelihood': -5}]",,False,0,3,0.0,0.0,0,Johan,0.0,53,False,Knee injury - Unknown return date,2026-08-15T15:30:06.388335Z,60,614071.jpg,0.0,False,Manzambi,0.3,False,,i,2,7,0,110,110,3227,3227,0.0,0.0,Manzambi,,207.0,2026-07-17,2005-10-14,False,p614071,0,0,0,0,0,0,0,0,0,0,0,0,0,0.0,0.0,0.0,0.0,0,0,0,0,0,0.00,0.00,0.00,0.00,,,,,,,[],,549.0,227.0,549.0,227.0,549.0,227.0,549.0,227.0,0.0,0.0,0.0,0.0,0.0,0.0,111.0,72.0,579.0,251.0,579.0,251.0,319.0,110.0,0.0,0.0,0.0,Aston Villa,6.0
True,True,0.0,0.0,448089,0,0,0,0,-0.0,0,"[{'offset': 0, 'projected_percent': '-0.0', 'likelihood': 0}, {'offset': 1, 'projected_percent': '-0.0', 'likelihood': 0}, {'offset': 2, 'projected_percent': '-0.0', 'likelihood': 0}]",2026-08-31T13:00:07.426195Z,False,0,3,0.0,0.0,-2,Joao,-2.0,54,False,Suspended until 19 Sep,2026-08-23T17:30:08.367415Z,55,448089.jpg,-2.0,False,Gomes,0.1,False,,s,2,7,-2,67,67,581,581,-0.4,-0.4,Gomes,João Gomes,30.0,2026-07-20,2001-02-12,False,p448089,39,0,0,0,4,0,0,0,0,1,0,0,-3,0.0,0.0,0.0,0.0,1,2,4,7,1,0.00,0.01,0.01,2.57,,,,,,,[],,437.0,161.0,437.0,161.0,437.0,161.0,437.0,161.0,0.0,0.0,0.02,0.02,5.93,9.23,168.0,105.0,604.0,266.0,604.0,266.0,461.0,188.0,2.31,0.0,16.15,Aston Villa,5.5
True,True,,,178301,0,0,0,0,-15.1,-4085,"[{'offset': 0, 'projected_percent': '-27.0', 'likelihood': -2}, {'offset': 1, 'projected_percent': '-88.1', 'likelihood': -5}, {'offset': 2, 'projected_percent': '-149.3', 'likelihood': -5}]",,False,0,4,2.5,2.5,0,Ollie,0.0,55,False,,,80,178301.jpg,0.0,False,Watkins,10.2,False,,a,2,7,0,5240,5240,32305,32305,0.0,0.0,Watkins,,241.0,2020-09-09,1995-12-30,False,p178301,0,0,0,0,0,0,0,0,0,0,0,0,0,0.0,0.0,0.0,0.0,0,0,0,0,0,0.00,0.00,0.00,0.00,,,,,2.0,,[],,593.0,69.0,593.0,69.0,593.0,69.0,593.0,69.0,0.0,0.0,0.0,0.0,0.0,0.0,7.0,3.0,599.0,71.0,599.0,71.0,39.0,7.0,0.0,0.0,0.0,Aston Villa,8.0
True,True,75.0,75.0,173879,0,0,0,0,-10.0,-45,"[{'offset': 0, 'projected_percent': '-15.6', 'likelihood': -1}, {'offset': 1, 'projected_percent': '-44.4', 'likelihood': -3}, {'offset': 2, 'projected_percent': '-73.3', 'likelihood': -4}]",,False,0,4,1.3,1.3,0,Tammy,0.0,56,False,Knock - 75% chance of playing,2026-08-15T16:00:07.558543Z,55,173879.jpg,0.0,False,Abraham,0.1,False,,d,2,7,0,222,222,617,617,0.0,0.0,Abraham,,241.0,2026-01-27,1997-10-02,False,p173879,0,0,0,0,0,0,0,0,0,0,0,0,0,0.0,0.0,0.0,0.0,0,0,0,0,0,0.00,0.00,0.00,0.00,,,,,,,[],,392.0,28.0,392.0,28.0,392.0,28.0,392.0,28.0,0.0,0.0,0.0,0.0,0.0,0.0,123.0,32.0,515.0,52.0,515.0,52.0,398.0,60.0,0.0,0.0,0.0,Aston Villa,5.5
True,True,,,493105,0,0,0,0,-7.2,-158,"[{'offset': 0, 'projected_percent': '-14.6', 'likelihood': -1}, {'offset': 1, 'projected_percent': '-52.8', 'likelihood': -3}, {'offset': 2, 'projected_percent': '-91.0', 'likelihood': -5}]",,False,0,3,2.1,2.1,1,Alejandro,1.0,160,False,,,60,493105.jpg,1.0,False,Garnacho Ferreyra,0.6,False,,a,2,7,1,1059,1059,1975,1975,0.2,0.2,Garnacho,,10.0,2026-07-23,2004-07-01,False,p493105,4,0,0,0,0,0,0,0,0,0,0,0,2,0.0,0.0,0.0,0.0,0,0,0,0,0,0.00,0.00,0.00,0.13,,,,,,,[],,533.0,215.0,533.0,215.0,533.0,215.0,533.0,215.0,0.0,0.0,0.0,0.0,2.92,0.0,95.0,60.0,254.0,119.0,254.0,119.0,238.0,78.0,0.0,0.0,0.0,Aston Villa,6.0
True,True,0.0,0.0,690838,0,0,0,0,0.0,0,"[{'offset': 0, 'projected_percent': '0.0', 'likelihood': 0}, {'offset': 1, 'projected_percent': '0.0', 'likelihood': 0}, {'offset': 2, 'projected_percent': '0.0', 'likelihood': 0}]",2026-08-26T13:58:15.135862Z,False,0,4,0.0,0.0,0,Brian,0.0,582,False,Unspecified injury - Unknown return date,2026-08-15T16:00:07.974271Z,55,690838.jpg,0.0,False,Madjo,0.5,False,,i,2,7,0,511,511,1939,1939,0.0,0.0,Madjo,,241.0,2026-01-12,2009-01-12,False,p690838,0,0,0,0,0,0,0,0,0,0,0,0,0,0.0,0.0,0.0,0.0,0,0,0,0,0,0.00,0.00,0.00,0.00,,,,,,,[],,493.0,44.0,493.0,44.0,493.0,44.0,493.0,44.0,0.0,0.0,0.0,0.0,0.0,0.0,224.0,48.0,560.0,59.0,560.0,59.0,256.0,44.0,0.0,0.0,0.0,Aston Villa,5.5
True,True,,,487992,0,0,0,0,0.0,0,"[{'offset': 0, 'projected_percent': '0.0', 'likelihood': 0}, {'offset': 1, 'projected_percent': '0.0', 'likelihood': 0}, {'offset': 2, 'projected_percent': '0.0', 'likelihood': 0}]",2026-09-02T14:00:12.061795Z,False,0,2,1.7,1.7,1,Matteo,1.0,596,False,,,45,487992.jpg,1.0,False,Ruggeri,0.1,False,,a,2,7,1,458,458,245,245,0.2,0.2,Ruggeri,,106.0,2026-08-19,2002-07-11,False,p487992,8,0,0,0,0,0,0,0,0,0,0,0,3,0.0,0.0,0.0,0.0,0,0,2,2,0,0.00,0.00,0.00,0.13,,,,,,,[],,154.0,104.0,154.0,104.0,154.0,104.0,154.0,104.0,0.0,0.0,0.0,0.0,1.46,0.0,480.0,131.0,184.0,72.0,184.0,72.0,421.0,150.0,0.0,0.0,22.5,Aston Villa,4.5
True,True,,,433969,0,0,0,0,0.0,0,"[{'offset': 0, 'projected_percent': '0.0', 'likelihood': 0}, {'offset': 1, 'projected_percent': '0.0', 'likelihood': 0}, {'offset': 2, 'projected_percent': '0.0', 'likelihood': 0}]",2026-09-02T14:00:48.901511Z,False,0,1,2.6,2.6,0,Zion,0.0,597,False,,,50,433969.jpg,0.0,False,Suzuki,0.8,False,,a,2,7,0,1666,1666,1257,1257,0.0,0.0,Suzuki,,108.0,2026-08-19,2002-08-21,False,p433969,0,0,0,0,0,0,0,0,0,0,0,0,0,0.0,0.0,0.0,0.0,0,0,0,0,0,0.00,0.00,0.00,0.00,,,,,,,[],,281.0,57.0,281.0,57.0,281.0,57.0,281.0,57.0,0.0,0.0,0.0,0.0,0.0,0.0,298.0,15.0,453.0,64.0,453.0,64.0,210.0,30.0,0.0,0.0,0.0,Aston Villa,5.0
True,True,,,569577,0,0,0,0,0.0,0,"[{'offset': 0, 'projected_percent': '0', 'likelihood': 0}, {'offset': 1, 'projected_percent': '0', 'likelihood': 0}, {'offset': 2, 'projected_percent': '0', 'likelihood': 0}]",2026-09-05T18:20:01.582031Z,True,0,2,,,0,Triston,0.0,606,False,,,40,569577.jpg,0.0,False,Rowe,0.0,False,,a,2,7,0,0,0,0,0,0.0,0.0,Rowe,,,,,False,p569577,0,0,0,0,0,0,0,0,0,0,0,0,0,0.0,0.0,0.0,0.0,0,0,0,0,0,0.00,0.00,0.00,0.00,,,,,,,[],,,,,,,,,,0.0,0.0,0.0,0.0,0.0,0.0,,,,,,,,,0.0,0.0,0.0,Aston Villa,4.0
True,True,,,457569,0,0,0,0,0.8,124,"[{'offset': 0, 'projected_percent': '1.2', 'likelihood': 1}, {'offset': 1, 'projected_percent': '3.0', 'likelihood': 1}, {'offset': 2, 'projected_percent': '4.8', 'likelihood': 1}]",,False,0,1,1.9,1.9,2,Đorđe,2.0,57,False,,,45,457569.jpg,2.0,False,Petrović,3.3,False,,a,3,91,2,4266,4266,2245,2245,0.4,0.4,Petrović,,190.0,2025-07-16,1999-10-08,False,p457569,90,0,0,0,2,0,0,0,0,0,4,0,13,0.0,0.0,0.0,0.0,2,5,0,0,1,0.00,0.00,0.00,2.36,,,,,,,[],,140.0,37.0,140.0,37.0,140.0,37.0,140.0,37.0,0.0,4.0,0.0,0.0,2.36,2.0,466.0,38.0,105.0,9.0,105.0,9.0,99.0,14.0,1.0,0.0,0.0,Bournemouth,4.5
True,True,,,40383,0,0,0,0,0.1,-18,"[{'offset': 0, 'projected_percent': '0.1', 'likelihood': 1}, {'offset': 1, 'projected_percent': '-0.6', 'likelihood': -1}, {'offset': 2, 'projected_percent': '-1.5', 'likelihood': -1}]",,False,0,1,1.0,1.0,0,Fraser,0.0,58,False,,,40,40383.jpg,0.0,False,Forster,3.2,False,,a,3,91,0,1846,1846,1640,1640,0.0,0.0,Forster,,241.0,2026-01-02,1988-03-17,False,p40383,0,0,0,0,0,0,0,0,0,0,0,0,0,0.0,0.0,0.0,0.0,0,0,0,0,0,0.00,0.00,0.00,0.00,,,,,,,[],,2.0,2.0,2.0,2.0,2.0,2.0,2.0,2.0,0.0,0.0,0.0,0.0,0.0,0.0,535.0,49.0,264.0,20.0,264.0,20.0,100.0,15.0,0.0,0.0,0.0,Bournemouth,4.0
True,True,,,444172,0,0,0,0,0.1,2,"[{'offset': 0, 'projected_percent': '0.1', 'likelihood': 1}, {'offset': 1, 'projected_percent': '0.1', 'likelihood': 1}, {'offset': 2, 'projected_percent': '0.1', 'likelihood': 1}]",,False,0,1,1.0,1.0,0,Will,0.0,59,False,,,40,444172.jpg,0.0,False,Dennis,0.2,False,,a,3,91,0,320,320,151,151,0.0,0.0,Dennis,,241.0,2019-08-01,2000-07-10,False,p444172,0,0,0,0,0,0,0,0,0,0,0,0,0,0.0,0.0,0.0,0.0,0,0,0,0,0,0.00,0.00,0.00,0.00,,,,,,,[],,35.0,14.0,35.0,14.0,35.0,14.0,35.0,14.0,0.0,0.0,0.0,0.0,0.0,0.0,568.0,61.0,286.0,32.0,286.0,32.0,353.0,38.0,0.0,0.0,0.0,Bournemouth,4.0
True,True,,,463981,0,0,0,0,0.6,36,"[{'offset': 0, 'projected_percent': '0.7', 'likelihood': 1}, {'offset': 1, 'projected_percent': '1.3', 'likelihood': 1}, {'offset': 2, 'projected_percent': '1.8', 'likelihood': 1}]",,False,0,2,2.5,2.5,1,James,1.0,60,False,,,55,463981.jpg,1.0,False,Hill,0.9,False,,a,3,91,1,2432,2432,1300,1300,0.2,0.2,Hill,,241.0,2022-01-05,2002-01-10,False,p463981,90,0,0,0,2,0,0,0,0,0,0,0,0,0.0,0.0,0.0,0.0,5,1,1,6,1,0.00,0.00,0.00,2.36,,,,,,,[],,444.0,179.0,444.0,179.0,444.0,179.0,444.0,179.0,0.0,0.0,0.0,0.0,2.36,2.0,175.0,24.0,232.0,86.0,232.0,86.0,207.0,76.0,1.0,0.0,6.0,Bournemouth,5.5
True,True,,,494521,0,0,0,0,0.6,-44,"[{'offset': 0, 'projected_percent': '0.4', 'likelihood': 1}, {'offset': 1, 'projected_percent': '-0.5', 'likelihood': -1}, {'offset': 2, 'projected_percent': '-2.0', 'likelihood': -1}]",,False,0,2,2.5,2.5,1,Adrien,1.0,61,False,,,55,494521.jpg,1.0,False,Truffert,4.4,False,,a,3,91,1,5258,5258,4425,4425,0.2,0.2,Truffert,,73.0,2025-06-16,2001-11-20,False,p494521,90,0,0,0,2,0,0,0,0,0,0,0,-2,0.0,0.0,0.0,0.0,5,7,2,7,1,0.00,0.00,0.00,2.36,,,,,,,[],,461.0,183.0,461.0,183.0,461.0,183.0,461.0,183.0,0.0,0.0,0.0,0.0,2.36,2.0,192.0,28.0,238.0,87.0,238.0,87.0,73.0,29.0,1.0,0.0,7.0,Bournemouth,5.5
True,True,,,242882,0,0,0,0,0.4,-8,"[{'offset': 0, 'projected_percent': '0.4', 'likelihood': 1}, {'offset': 1, 'projected_percent': '0.3', 'likelihood': 1}, {'offset': 2, 'projected_percent': '0.2', 'likelihood': 1}]",,False,0,2,2.2,2.2,0,Bafodé,0.0,62,False,,,50,242882.jpg,0.0,False,Diakité,0.2,False,,a,3,91,0,1116,1116,476,476,0.0,0.0,Diakité,,73.0,2025-08-13,2001-01-06,False,p242882,0,0,0,0,0,0,0,0,0,0,0,0,0,0.0,0.0,0.0,0.0,0,0,0,0,0,0.00,0.00,0.00,0.00,,,,,,,[],,274.0,139.0,274.0,139.0,274.0,139.0,274.0,139.0,0.0,0.0,0.0,0.0,0.0,0.0,291.0,52.0,449.0,170.0,449.0,170.0,350.0,133.0,0.0,0.0,0.0,Bournemouth,5.0
True,True,0.0,0.0,620487,0,0,0,0,-12.1,0,"[{'offset': 0, 'projected_percent': '-12.1', 'likelihood': -1}, {'offset': 1, 'projected_percent': '-12.1', 'likelihood': -1}, {'offset': 2, 'projected_percent': '-12.1', 'likelihood': -1}]",,False,0,2,0.0,0.0,0,Veljko,0.0,63,False,Unspecified injury - Unknown return date,2026-08-06T10:00:10.456051Z,50,620487.jpg,0.0,False,Milosavljevic,0.0,False,,i,3,91,0,19,19,89,89,0.0,0.0,Milosavljević,,190.0,2025-09-01,2007-06-28,False,p620487,0,0,0,0,0,0,0,0,0,0,0,0,0,0.0,0.0,0.0,0.0,0,0,0,0,0,0.00,0.00,0.00,0.00,,,,,,,[],,370.0,164.0,370.0,164.0,370.0,164.0,370.0,164.0,0.0,0.0,0.0,0.0,0.0,0.0,387.0,77.0,508.0,184.0,508.0,184.0,571.0,193.0,0.0,0.0,0.0,Bournemouth,5.0
True,True,,,54469,0,0,0,0,0.3,23,"[{'offset': 0, 'projected_percent': '0.3', 'likelihood': 1}, {'offset': 1, 'projected_percent': '0.7', 'likelihood': 1}, {'offset': 2, 'projected_percent': '1.0', 'likelihood': 1}]",,False,0,2,1.7,1.7,1,Adam,1.0,64,False,,,45,54469.jpg,1.0,False,Smith,0.1,False,,a,3,91,1,673,673,168,168,0.2,0.2,Smith,,241.0,2014-01-28,1991-04-29,False,p54469,90,0,0,0,2,0,0,0,0,0,0,0,4,0.0,0.0,0.0,0.0,4,3,1,5,1,0.00,0.00,0.00,2.36,,,,,,,[],,72.0,52.0,72.0,52.0,72.0,52.0,72.0,52.0,0.0,0.0,0.0,0.0,2.36,2.0,398.0,79.0,167.0,58.0,167.0,58.0,411.0,147.0,1.0,0.0,5.0,Bournemouth,4.5
True,True,0.0,0.0,436893,0,0,0,0,-16.5,-8,"[{'offset': 0, 'projected_percent': '-21.0', 'likelihood': -2}, {'offset': 1, 'projected_percent': '-44.2', 'likelihood': -3}, {'offset': 2, 'projected_percent': '-67.3', 'likelihood': -4}]",,False,0,2,0.0,0.0,0,Julián,0.0,65,False,Thigh injury - Unknown return date,2026-08-09T08:00:05.645826Z,45,436893.jpg,0.0,False,Araujo Zúñiga,0.0,False,,i,3,91,0,35,35,186,186,0.0,0.0,J.Araujo,,139.0,2024-08-13,2001-08-13,False,p436893,0,0,0,0,0,0,0,0,0,0,0,0,0,0.0,0.0,0.0,0.0,0,0,0,0,0,0.00,0.00,0.00,0.00,,,,,,,[],https://www.afcb.co.uk/news/2026/august/06/araujo-undergoes-successful-surgery/,135.0,93.0,135.0,93.0,135.0,93.0,135.0,93.0,0.0,0.0,0.0,0.0,0.0,0.0,461.0,120.0,355.0,143.0,355.0,143.0,545.0,188.0,0.0,0.0,0.0,Bournemouth,4.5
True,True,75.0,75.0,575901,0,0,0,0,-7.4,-32,"[{'offset': 0, 'projected_percent': '-9.8', 'likelihood': -1}, {'offset': 1, 'projected_percent': '-22.4', 'likelihood': -2}, {'offset': 2, 'projected_percent': '-34.9', 'likelihood': -2}]",,False,0,2,0.8,0.8,0,Julio,0.0,66,False,Hamstring injury - 75% chance of playing,2026-08-15T16:30:07.021055Z,40,575901.jpg,0.0,False,Soler Barreto,0.2,False,,d,3,91,0,133,133,678,678,0.0,0.0,Soler,,10.0,2025-01-07,2005-02-16,False,p575901,0,0,0,0,0,0,0,0,0,0,0,0,0,0.0,0.0,0.0,0.0,0,0,0,0,0,0.00,0.00,0.00,0.00,,,,,,,[],,59.0,40.0,59.0,40.0,59.0,40.0,59.0,40.0,0.0,0.0,0.0,0.0,0.0,0.0,592.0,188.0,304.0,111.0,304.0,111.0,341.0,131.0,0.0,0.0,0.0,Bournemouth,4.0
True,True,,,499604,0,0,0,0,1.1,32,"[{'offset': 0, 'projected_percent': '1.2', 'likelihood': 1}, {'offset': 1, 'projected_percent': '1.6', 'likelihood': 1}, {'offset': 2, 'projected_percent': '2.1', 'likelihood': 1}]",,False,0,3,2.3,2.3,2,Rayan Vitor,2.0,67,False,,,65,499604.jpg,2.0,False,Simplício Rocha,2.8,False,,a,3,91,2,5840,5840,3938,3938,0.3,0.3,Rayan,Rayan,30.0,2026-01-27,2006-08-03,False,p499604,88,0,0,0,1,0,0,0,0,0,0,0,9,0.0,0.0,0.0,0.0,1,0,0,1,1,0.04,0.03,0.07,2.16,,,,,,,[],,569.0,243.0,569.0,243.0,569.0,243.0,569.0,243.0,0.04,0.0,0.03,0.07,2.21,1.02,50.0,35.0,149.0,74.0,149.0,74.0,107.0,35.0,1.02,0.0,1.02,Bournemouth,6.5
True,True,,,201658,0,0,0,0,3.8,1086,"[{'offset': 0, 'projected_percent': '6.9', 'likelihood': 1}, {'offset': 1, 'projected_percent': '22.9', 'likelihood': 2}, {'offset': 2, 'projected_percent': '38.8', 'likelihood': 2}]",,False,0,3,2.1,2.1,10,Marcus,10.0,68,False,,,60,201658.jpg,10.0,False,Tavernier,1.7,False,,a,3,91,10,10253,10253,1735,1735,1.7,1.7,Tavernier,,241.0,2022-08-01,1999-03-22,False,p201658,90,1,0,0,2,0,0,0,0,0,0,3,32,0.0,0.0,0.0,0.0,2,4,2,8,1,0.40,0.03,0.43,2.36,1.0,,1.0,,3.0,,[],,504.0,199.0,504.0,199.0,504.0,199.0,504.0,199.0,0.4,0.0,0.03,0.43,2.36,2.0,66.0,44.0,15.0,7.0,15.0,7.0,142.0,43.0,1.0,0.0,8.0,Bournemouth,6.0
True,True,,,503139,0,0,0,0,-0.3,-103,"[{'offset': 0, 'projected_percent': '-2.3', 'likelihood': -1}, {'offset': 1, 'projected_percent': '-12.6', 'likelihood': -1}, {'offset': 2, 'projected_percent': '-22.9', 'likelihood': -2}]",,False,0,3,2.1,2.1,2,Alex,2.0,69,False,,,60,503139.jpg,2.0,False,Scott,1.5,False,,a,3,91,2,2033,2033,2258,2258,0.3,0.3,Scott,,241.0,2023-08-10,2003-08-21,False,p503139,90,0,0,0,2,0,0,0,0,0,0,0,17,0.0,0.0,0.0,0.0,1,6,4,11,1,0.00,0.01,0.01,2.36,2.0,,4.0,,,,[],,536.0,218.0,536.0,218.0,536.0,218.0,536.0,218.0,0.0,0.0,0.01,0.01,2.36,2.0,98.0,63.0,142.0,70.0,142.0,70.0,157.0,46.0,1.0,0.0,11.0,Bournemouth,6.0
True,True,,,222683,0,0,0,0,0.9,69,"[{'offset': 0, 'projected_percent': '1.1', 'likelihood': 1}, {'offset': 1, 'projected_percent': '2.1', 'likelihood': 1}, {'offset': 2, 'projected_percent': '3.1', 'likelihood': 1}]",,False,0,3,2.1,2.1,3,Justin,3.0,70,False,,,60,222683.jpg,3.0,False,Kluivert,1.2,False,,a,3,91,3,3276,3276,1664,1664,0.5,0.5,Kluivert,,152.0,2023-07-01,1999-05-05,False,p222683,74,0,0,1,0,0,0,0,0,0,0,0,15,0.0,0.0,0.0,0.0,1,5,3,9,1,0.11,0.00,0.11,2.04,3.0,,2.0,,2.0,,[],,512.0,202.0,512.0,202.0,512.0,202.0,512.0,202.0,0.13,0.0,0.0,0.13,2.48,0.0,74.0,47.0,95.0,43.0,95.0,43.0,178.0,58.0,1.22,1.22,10.95,Bournemouth,6.0
True,True,,,155408,0,0,0,0,0.2,16,"[{'offset': 0, 'projected_percent': '0.3', 'likelihood': 1}, {'offset': 1, 'projected_percent': '0.5', 'likelihood': 1}, {'offset': 2, 'projected_percent': '0.7', 'likelihood': 1}]",,False,0,3,1.5,1.5,3,Lewis,3.0,71,False,,,50,155408.jpg,3.0,False,Cook,0.2,False,,a,3,91,3,703,703,343,343,0.6,0.6,Cook,,241.0,2016-07-08,1997-02-03,False,p155408,75,0,0,1,0,0,0,0,0,0,0,0,8,0.0,0.0,0.0,0.0,3,3,1,7,1,0.00,0.00,0.00,2.04,5.0,,,,,,[],,227.0,37.0,227.0,37.0,227.0,37.0,227.0,37.0,0.0,0.0,0.0,0.0,2.45,0.0,244.0,147.0,77.0,31.0,77.0,31.0,374.0,140.0,1.2,1.2,8.4,Bournemouth,5.0
True,True,,,496208,0,0,0,0,-0.9,1,"[{'offset': 0, 'projected_percent': '-0.7', 'likelihood': -1}, {'offset': 1, 'projected_percent': '0.0', 'likelihood': 0}, {'offset': 2, 'projected_percent': '0.0', 'likelihood': 0}]",,False,0,3,1.5,1.5,1,Ben,1.0,72,False,,,50,496208.jpg,1.0,False,Gannon-Doak,0.1,False,,a,3,91,1,148,148,184,184,0.2,0.2,Gannon-Doak,,243.0,2025-08-18,2005-11-11,False,p496208,1,0,0,0,1,0,0,0,0,0,0,0,3,0.0,0.0,0.0,0.0,0,1,0,1,0,0.00,0.00,0.00,0.19,,,,,,,[],,323.0,87.0,323.0,87.0,323.0,87.0,323.0,87.0,0.0,0.0,0.0,0.0,17.1,90.0,340.0,197.0,201.0,86.0,201.0,86.0,435.0,174.0,0.0,0.0,90.0,Bournemouth,5.0
True,True,100.0,75.0,200785,0,0,0,0,-19.0,19,"[{'offset': 0, 'projected_percent': '-16.3', 'likelihood': -1}, {'offset': 1, 'projected_percent': '-2.4', 'likelihood': -1}, {'offset': 2, 'projected_percent': '0.2', 'likelihood': 1}]",,False,0,3,1.5,1.1,1,Tyler,1.0,73,False,,2026-08-15T16:30:07.029928Z,50,200785.jpg,1.0,False,Adams,0.2,False,,a,3,91,1,367,367,1068,1068,0.2,0.2,Adams,,229.0,2023-08-20,1999-02-14,False,p200785,15,0,0,0,2,0,0,0,0,0,0,0,3,0.0,0.0,0.0,0.0,2,0,0,2,0,0.00,0.00,0.00,0.31,,,,,,,[],,240.0,46.0,240.0,46.0,240.0,46.0,240.0,46.0,0.0,0.0,0.0,0.0,1.86,12.0,257.0,156.0,193.0,83.0,193.0,83.0,345.0,123.0,0.0,0.0,12.0,Bournemouth,5.0
True,True,75.0,75.0,111317,0,0,0,0,-14.1,-11,"[{'offset': 0, 'projected_percent': '-17.8', 'likelihood': -1}, {'offset': 1, 'projected_percent': '-36.7', 'likelihood': -2}, {'offset': 2, 'projected_percent': '-55.5', 'likelihood': -3}]",,False,0,3,1.1,1.1,0,David,0.0,74,False,Unspecified injury - 75% chance of playing,2026-08-15T16:30:07.037929Z,50,111317.jpg,0.0,False,Brooks,0.0,False,,d,3,91,0,28,28,244,244,0.0,0.0,Brooks,,244.0,2018-07-01,1997-07-08,False,p111317,0,0,0,0,0,0,0,0,0,0,0,0,0,0.0,0.0,0.0,0.0,0,0,0,0,0,0.00,0.00,0.00,0.00,4.0,,3.0,,,,[],,219.0,32.0,219.0,32.0,219.0,32.0,219.0,32.0,0.0,0.0,0.0,0.0,0.0,0.0,236.0,142.0,415.0,153.0,415.0,153.0,483.0,199.0,0.0,0.0,0.0,Bournemouth,5.0
True,True,100.0,0.0,158499,0,0,0,0,0.0,0,"[{'offset': 0, 'projected_percent': '0.0', 'likelihood': 0}, {'offset': 1, 'projected_percent': '0.0', 'likelihood': 0}, {'offset': 2, 'projected_percent': '0.0', 'likelihood': 0}]",2026-08-31T15:30:07.730886Z,False,0,3,1.5,0.0,0,Ryan,0.0,75,False,,2026-07-24T17:30:10.035483Z,50,158499.jpg,0.0,False,Christie,0.0,False,,a,3,91,0,35,35,44,44,0.0,0.0,Christie,,243.0,2021-08-31,1995-02-22,False,p158499,0,0,0,0,0,0,0,0,0,0,0,0,0,0.0,0.0,0.0,0.0,0,0,0,0,0,0.00,0.00,0.00,0.00,6.0,,,,,,[],,228.0,38.0,228.0,38.0,228.0,38.0,228.0,38.0,0.0,0.0,0.0,0.0,0.0,0.0,245.0,148.0,421.0,158.0,421.0,158.0,573.0,244.0,0.0,0.0,0.0,Bournemouth,5.0
True,True,,,614574,0,0,0,0,-0.4,-2,"[{'offset': 0, 'projected_percent': '-4.3', 'likelihood': -1}, {'offset': 1, 'projected_percent': '-24.2', 'likelihood': -2}, {'offset': 2, 'projected_percent': '-44.2', 'likelihood': -3}]",,False,0,3,1.5,1.5,1,Alex,1.0,76,False,,,50,614574.jpg,1.0,False,Tóth,0.0,False,,a,3,91,1,30,30,35,35,0.2,0.2,Tóth.A,,98.0,2026-01-20,2005-10-23,False,p614574,15,0,0,0,2,0,0,0,0,0,0,0,5,0.0,0.0,0.0,0.0,0,1,1,2,0,0.00,0.00,0.00,0.31,,,,,,,[],,369.0,121.0,369.0,121.0,369.0,121.0,369.0,121.0,0.0,0.0,0.0,0.0,1.86,12.0,386.0,231.0,212.0,94.0,212.0,94.0,560.0,235.0,0.0,0.0,12.0,Bournemouth,5.0
True,True,0.0,0.0,489888,0,0,0,0,-24.6,-20,"[{'offset': 0, 'projected_percent': '-31.8', 'likelihood': -2}, {'offset': 1, 'projected_percent': '-68.7', 'likelihood': -4}, {'offset': 2, 'projected_percent': '-105.6', 'likelihood': -5}]",,False,0,3,0.0,0.0,0,Amine,0.0,77,False,Unspecified injury - Unknown return date,2026-08-15T16:00:07.590566Z,50,489888.jpg,0.0,False,Adli,0.0,False,,i,3,91,0,15,15,363,363,0.0,0.0,Adli,,145.0,2025-08-21,2000-05-10,False,p489888,0,0,0,0,0,0,0,0,0,0,0,0,0,0.0,0.0,0.0,0.0,0,0,0,0,0,0.00,0.00,0.00,0.00,,,,,,,[],,315.0,82.0,315.0,82.0,315.0,82.0,315.0,82.0,0.0,0.0,0.0,0.0,0.0,0.0,332.0,192.0,478.0,190.0,478.0,190.0,523.0,217.0,0.0,0.0,0.0,Bournemouth,5.0
True,True,0.0,0.0,560262,0,0,0,0,-24.3,-191,"[{'offset': 0, 'projected_percent': '-29.3', 'likelihood': -2}, {'offset': 1, 'projected_percent': '-54.9', 'likelihood': -3}, {'offset': 2, 'projected_percent': '-80.4', 'likelihood': -5}]",,False,0,3,0.0,0.0,0,Junior,0.0,78,False,Foot injury - Unknown return date,2026-07-29T17:30:09.796802Z,75,560262.jpg,0.0,False,Kroupi,0.4,False,,i,3,91,0,205,205,4837,4837,0.0,0.0,Kroupi.Jr,,73.0,2025-02-02,2006-06-23,False,p560262,0,0,0,0,0,0,0,0,0,0,0,0,0,0.0,0.0,0.0,0.0,0,0,0,0,0,0.00,0.00,0.00,0.00,,,,,1.0,,[],https://www.afcb.co.uk/news/2026/july/29/junior-kroupi-undergoes-successful-surgery-after-foot-injury/,592.0,259.0,592.0,259.0,592.0,259.0,592.0,259.0,0.0,0.0,0.0,0.0,0.0,0.0,22.0,13.0,598.0,264.0,598.0,264.0,272.0,89.0,0.0,0.0,0.0,Bournemouth,7.5
True,True,,,444102,0,0,0,0,4.3,1107,"[{'offset': 0, 'projected_percent': '7.5', 'likelihood': 1}, {'offset': 1, 'projected_percent': '23.7', 'likelihood': 2}, {'offset': 2, 'projected_percent': '40.0', 'likelihood': 2}]",,False,0,4,2.0,2.0,4,Francisco Evanilson,4.0,79,False,,,60,444102.jpg,4.0,False,de Lima Barbosa,2.4,False,,a,3,91,4,11284,11284,2822,2822,0.7,0.7,Evanilson,Evanilson,30.0,2024-08-16,1999-10-06,False,p444102,74,0,1,1,0,0,0,0,1,0,0,0,17,0.0,0.0,0.0,0.0,4,3,1,8,1,0.00,0.21,0.21,2.04,,,,,,,[],,522.0,54.0,522.0,54.0,522.0,54.0,522.0,54.0,0.0,0.0,0.26,0.26,2.48,0.0,84.0,22.0,72.0,7.0,72.0,7.0,117.0,15.0,1.22,1.22,9.73,Bournemouth,6.0
True,False,0.0,0.0,168636,0,0,0,0,0.0,-20,"[{'offset': 0, 'projected_percent': '0.0', 'likelihood': 0}, {'offset': 1, 'projected_percent': '0.0', 'likelihood': 0}, {'offset': 2, 'projected_percent': '0.0', 'likelihood': 0}]",,False,0,4,0.0,0.0,0,Enes,0.0,80,False,Has joined Getafe permanently,2026-08-14T14:14:21.881112Z,55,168636.jpg,0.0,False,Ünal,0.0,False,,u,3,91,0,0,0,419,419,0.0,0.0,Enes Ünal,,219.0,2024-07-01,1997-05-10,False,p168636,0,0,0,0,0,0,0,0,0,0,0,0,0,0.0,0.0,0.0,0.0,0,0,0,0,0,0.00,0.00,0.00,0.00,,,,,,,[],,389.0,26.0,389.0,26.0,389.0,26.0,389.0,26.0,0.0,0.0,0.0,0.0,0.0,0.0,120.0,30.0,514.0,51.0,514.0,51.0,516.0,69.0,0.0,0.0,0.0,Bournemouth,5.5
True,True,100.0,75.0,561245,0,0,0,0,-16.2,6,"[{'offset': 0, 'projected_percent': '-14.5', 'likelihood': -1}, {'offset': 1, 'projected_percent': '-5.6', 'likelihood': -1}, {'offset': 2, 'projected_percent': '0.0', 'likelihood': 0}]",,False,0,4,2.0,1.5,0,Álvaro,0.0,81,False,,2026-08-15T16:30:07.054142Z,60,561245.jpg,0.0,False,Rodríguez,0.1,False,,a,3,91,0,129,129,407,407,0.0,0.0,Rodríguez,,230.0,2026-07-14,2004-07-14,False,p561245,0,0,0,0,0,0,0,0,0,0,0,0,0,0.0,0.0,0.0,0.0,0,0,0,0,0,0.00,0.00,0.00,0.00,,,,,,,[],,544.0,60.0,544.0,60.0,544.0,60.0,544.0,60.0,0.0,0.0,0.0,0.0,0.0,0.0,106.0,28.0,575.0,65.0,575.0,65.0,423.0,61.0,0.0,0.0,0.0,Bournemouth,6.0
True,True,,,483067,0,0,0,0,0.5,40,"[{'offset': 0, 'projected_percent': '0.6', 'likelihood': 1}, {'offset': 1, 'projected_percent': '1.2', 'likelihood': 1}, {'offset': 2, 'projected_percent': '1.8', 'likelihood': 1}]",,False,0,2,2.2,2.2,2,António João,2.0,566,False,,,50,483067.jpg,2.0,False,Pereira de Albuquerque Tavares da Silva,0.3,False,,a,3,91,2,1376,1376,377,377,0.4,0.4,Silva,António Silva,173.0,2026-08-01,2003-10-30,False,p483067,90,0,0,0,2,0,0,0,1,0,0,0,5,0.0,0.0,0.0,0.0,13,1,0,13,1,0.00,0.00,0.00,2.36,,,,,,,[],,309.0,151.0,309.0,151.0,309.0,151.0,309.0,151.0,0.0,0.0,0.0,0.0,2.36,2.0,326.0,64.0,119.0,43.0,119.0,43.0,297.0,110.0,1.0,0.0,13.0,Bournemouth,5.0
True,True,,,494928,0,0,0,0,-0.9,-17,"[{'offset': 0, 'projected_percent': '-3.1', 'likelihood': -1}, {'offset': 1, 'projected_percent': '-14.5', 'likelihood': -1}, {'offset': 2, 'projected_percent': '-25.9', 'likelihood': -2}]",,False,0,2,1.7,1.7,0,Juanlu,0.0,573,False,,,45,494928.jpg,0.0,False,Sánchez,0.2,False,,a,3,91,0,213,213,266,266,0.0,0.0,Sanchez,,200.0,2026-08-06,2003-08-15,False,p494928,0,0,0,0,0,0,0,0,0,0,0,0,0,0.0,0.0,0.0,0.0,0,0,0,0,0,0.00,0.00,0.00,0.00,,,,,,,[],,160.0,105.0,160.0,105.0,160.0,105.0,160.0,105.0,0.0,0.0,0.0,0.0,0.0,0.0,486.0,132.0,365.0,146.0,365.0,146.0,331.0,125.0,0.0,0.0,0.0,Bournemouth,4.5
True,True,,,200720,0,0,0,0,4.9,962,"[{'offset': 0, 'projected_percent': '7.6', 'likelihood': 1}, {'offset': 1, 'projected_percent': '21.8', 'likelihood': 2}, {'offset': 2, 'projected_percent': '35.9', 'likelihood': 2}]",,False,0,1,2.6,2.6,7,Caoimhín,7.0,82,False,,,50,200720.jpg,7.0,False,Kelleher,5.9,False,,a,4,94,7,14368,14368,3176,3176,1.4,1.4,Kelleher,,104.0,2025-06-03,1998-11-23,False,p200720,90,0,0,1,0,0,0,0,0,0,4,0,34,0.0,0.0,0.0,0.0,0,5,0,0,1,0.00,0.01,0.01,0.57,,,,,,,[],,239.0,53.0,239.0,53.0,239.0,53.0,239.0,53.0,0.0,4.0,0.01,0.01,0.57,0.0,256.0,11.0,33.0,3.0,33.0,3.0,62.0,8.0,1.0,1.0,0.0,Brentford,5.0
True,True,,,507433,0,0,0,0,-3.0,-4,"[{'offset': 0, 'projected_percent': '-4.1', 'likelihood': -1}, {'offset': 1, 'projected_percent': '-9.6', 'likelihood': -1}, {'offset': 2, 'projected_percent': '-15.2', 'likelihood': -1}]",,False,0,1,1.9,1.9,0,Hákon Rafn,0.0,83,False,,,45,507433.jpg,0.0,False,Valdimarsson,0.1,False,,a,4,94,0,150,150,204,204,0.0,0.0,Valdimarsson,,99.0,2024-01-26,2001-10-13,False,p507433,0,0,0,0,0,0,0,0,0,0,0,0,0,0.0,0.0,0.0,0.0,0,0,0,0,0,0.00,0.00,0.00,0.00,,,,,,,[],,165.0,42.0,165.0,42.0,165.0,42.0,165.0,42.0,0.0,0.0,0.0,0.0,0.0,0.0,491.0,43.0,370.0,53.0,370.0,53.0,418.0,46.0,0.0,0.0,0.0,Brentford,4.5
True,True,,,432830,0,0,0,0,2.1,356,"[{'offset': 0, 'projected_percent': '3.1', 'likelihood': 1}, {'offset': 1, 'projected_percent': '8.4', 'likelihood': 1}, {'offset': 2, 'projected_percent': '13.6', 'likelihood': 1}]",,False,0,2,2.5,2.5,6,Nathan,6.0,84,False,,,55,432830.jpg,6.0,False,Collins,1.9,False,,a,4,94,6,5678,5678,1709,1709,1.1,1.1,Collins,,104.0,2023-07-04,2001-04-30,False,p432830,90,0,0,1,0,0,0,0,0,0,0,0,21,0.0,0.0,0.0,0.0,3,3,0,3,1,0.34,0.04,0.38,0.57,,,,,,,[],,427.0,174.0,427.0,174.0,427.0,174.0,427.0,174.0,0.34,0.0,0.04,0.38,0.57,0.0,158.0,19.0,51.0,23.0,51.0,23.0,126.0,52.0,1.0,1.0,3.0,Brentford,5.5
True,True,0.0,0.0,444765,0,0,0,0,-20.4,-54,"[{'offset': 0, 'projected_percent': '-24.4', 'likelihood': -2}, {'offset': 1, 'projected_percent': '-45.4', 'likelihood': -3}, {'offset': 2, 'projected_percent': '-66.3', 'likelihood': -4}]",,False,0,2,0.0,0.0,0,Sepp,0.0,85,False,Groin injury - Unknown return date,2026-08-15T15:30:06.416627Z,50,444765.jpg,0.0,False,van den Berg,0.1,False,,i,4,94,0,68,68,1398,1398,0.0,0.0,Van den Berg,,152.0,2024-08-22,2001-12-20,False,p444765,0,0,0,0,0,0,0,0,0,0,0,0,0,0.0,0.0,0.0,0.0,0,0,0,0,0,0.00,0.00,0.00,0.00,,,,,,,[],https://www.brentfordfc.com/en/news/article/first-team-brentford-v-tottenham-hotspur-premier-league-team-news-mamadou-sangar%C3%A9,288.0,144.0,288.0,144.0,288.0,144.0,288.0,144.0,0.0,0.0,0.0,0.0,0.0,0.0,305.0,57.0,459.0,173.0,459.0,173.0,390.0,140.0,0.0,0.0,0.0,Brentford,5.0
True,True,,,249231,0,0,0,0,4.1,512,"[{'offset': 0, 'projected_percent': '5.6', 'likelihood': 1}, {'offset': 1, 'projected_percent': '13.1', 'likelihood': 1}, {'offset': 2, 'projected_percent': '20.6', 'likelihood': 2}]",,False,0,3,2.0,2.0,10,Keane,10.0,86,False,,,55,249231.jpg,10.0,False,Lewis-Potter,0.6,False,,a,4,94,10,9252,9252,1034,1034,1.8,1.8,Lewis-Potter,,241.0,2022-07-12,2001-02-22,False,p249231,90,1,0,1,0,0,0,0,0,0,0,2,37,0.0,0.0,0.0,0.0,4,5,1,10,1,0.77,0.12,0.89,0.57,,,1.0,,,,[],,423.0,151.0,423.0,151.0,423.0,151.0,423.0,151.0,0.77,0.0,0.12,0.89,0.57,0.0,154.0,95.0,14.0,6.0,14.0,6.0,243.0,79.0,1.0,1.0,10.0,Brentford,5.5
True,True,,,191866,0,0,0,0,4.4,629,"[{'offset': 0, 'projected_percent': '6.2', 'likelihood': 1}, {'offset': 1, 'projected_percent': '15.5', 'likelihood': 1}, {'offset': 2, 'projected_percent': '24.7', 'likelihood': 2}]",,False,0,2,1.7,1.7,8,Kristoffer,8.0,87,False,,,45,191866.jpg,8.0,False,Ajer,3.6,False,,a,4,94,8,10448,10448,1742,1742,1.8,1.8,Ajer,,161.0,2021-07-21,1998-04-17,False,p191866,90,0,0,1,0,0,0,0,0,0,0,0,29,0.0,0.0,0.0,0.0,8,3,2,10,1,0.11,0.02,0.13,0.57,,,,,,,[],,102.0,67.0,102.0,67.0,102.0,67.0,102.0,67.0,0.11,0.0,0.02,0.13,0.57,0.0,428.0,94.0,28.0,12.0,28.0,12.0,93.0,37.0,1.0,1.0,10.0,Brentford,4.5
True,True,,,607464,0,0,0,0,33.8,5181,"[{'offset': 0, 'projected_percent': '48.6', 'likelihood': 3}, {'offset': 1, 'projected_percent': '124.7', 'likelihood': 5}, {'offset': 2, 'projected_percent': '200.8', 'likelihood': 5}]",,False,1,2,1.7,1.7,13,Michael,13.0,88,True,,,45,607464.jpg,13.0,False,Kayode,4.1,False,,a,4,94,13,68119,68119,2414,2414,2.9,2.9,Kayode,,106.0,2025-07-01,2004-07-10,False,p607464,75,1,0,1,0,0,0,0,0,0,0,1,36,0.0,0.0,0.0,0.0,4,5,0,4,1,0.50,0.00,0.50,0.47,,,,,,,[],,199.0,119.0,199.0,119.0,199.0,119.0,199.0,119.0,0.6,0.0,0.0,0.6,0.56,0.0,525.0,146.0,6.0,4.0,6.0,4.0,80.0,30.0,1.2,1.2,4.8,Brentford,4.5
True,True,,,194010,0,0,0,0,-5.1,-13,"[{'offset': 0, 'projected_percent': '-6.5', 'likelihood': -1}, {'offset': 1, 'projected_percent': '-13.9', 'likelihood': -1}, {'offset': 2, 'projected_percent': '-21.2', 'likelihood': -2}]",,False,0,2,1.7,1.7,0,Rico,0.0,89,False,,,45,194010.jpg,0.0,False,Henry,0.3,False,,a,4,94,0,207,207,479,479,0.0,0.0,Henry,,107.0,2016-08-31,1997-07-08,False,p194010,0,0,0,0,0,0,0,0,0,0,0,0,0,0.0,0.0,0.0,0.0,0,0,0,0,0,0.00,0.00,0.00,0.00,,,,,,,[],,103.0,68.0,103.0,68.0,103.0,68.0,103.0,68.0,0.0,0.0,0.0,0.0,0.0,0.0,429.0,95.0,335.0,128.0,335.0,128.0,314.0,118.0,0.0,0.0,0.0,Brentford,4.5
True,True,,,472713,0,0,0,0,0.0,-4,"[{'offset': 0, 'projected_percent': '0.0', 'likelihood': 0}, {'offset': 1, 'projected_percent': '-3.5', 'likelihood': -1}, {'offset': 2, 'projected_percent': '-12.1', 'likelihood': -1}]",,False,0,2,1.7,1.7,1,Aaron,1.0,90,False,,,45,472713.jpg,1.0,False,Hickey,0.1,False,,a,4,94,1,191,191,126,126,0.2,0.2,Hickey,,243.0,2022-07-09,2002-06-10,False,p472713,14,0,0,0,0,0,0,0,0,0,0,0,2,0.0,0.0,0.0,0.0,0,2,0,0,0,0.00,0.00,0.00,0.10,,,,,,,[],,147.0,100.0,147.0,100.0,147.0,100.0,147.0,100.0,0.0,0.0,0.0,0.0,0.64,0.0,473.0,127.0,180.0,69.0,180.0,69.0,457.0,159.0,0.0,0.0,0.0,Brentford,4.5
True,True,,,231065,0,0,0,0,-4.6,-5,"[{'offset': 0, 'projected_percent': '-6.3', 'likelihood': -1}, {'offset': 1, 'projected_percent': '-15.6', 'likelihood': -1}, {'offset': 2, 'projected_percent': '-24.9', 'likelihood': -2}]",,False,0,2,1.7,1.7,0,Ethan,0.0,91,False,,,45,231065.jpg,0.0,False,Pinnock,0.1,False,,a,4,94,0,150,150,233,233,0.0,0.0,Pinnock,,107.0,2019-07-02,1993-05-29,False,p231065,0,0,0,0,0,0,0,0,0,0,0,0,0,0.0,0.0,0.0,0.0,0,0,0,0,0,0.00,0.00,0.00,0.00,,,,,,,[],,119.0,81.0,119.0,81.0,119.0,81.0,119.0,81.0,0.0,0.0,0.0,0.0,0.0,0.0,445.0,108.0,343.0,133.0,343.0,133.0,446.0,156.0,0.0,0.0,0.0,Brentford,4.5
True,True,,,570241,0,0,0,0,-0.6,0,"[{'offset': 0, 'projected_percent': '-0.6', 'likelihood': -1}, {'offset': 1, 'projected_percent': '-0.6', 'likelihood': -1}, {'offset': 2, 'projected_percent': '-0.6', 'likelihood': -1}]",,False,0,2,1.7,1.7,0,Kim,0.0,92,False,,,45,570241.jpg,0.0,False,Ji-soo,0.0,False,,a,4,94,0,44,44,48,48,0.0,0.0,Ji-soo,Kim Ji-Soo,114.0,2023-07-20,2004-12-24,False,p570241,0,0,0,0,0,0,0,0,0,0,0,0,0,0.0,0.0,0.0,0.0,0,0,0,0,0,0.00,0.00,0.00,0.00,,,,,,,[],,185.0,113.0,185.0,113.0,185.0,113.0,185.0,113.0,0.0,0.0,0.0,0.0,0.0,0.0,511.0,140.0,388.0,153.0,388.0,153.0,543.0,187.0,0.0,0.0,0.0,Brentford,4.5
True,True,,,513086,0,0,0,0,-4.6,-12,"[{'offset': 0, 'projected_percent': '-6.6', 'likelihood': -1}, {'offset': 1, 'projected_percent': '-16.7', 'likelihood': -1}, {'offset': 2, 'projected_percent': '-26.9', 'likelihood': -2}]",,False,0,2,1.7,1.7,0,Jannik,0.0,93,False,,,45,513086.jpg,0.0,False,Schuster,0.2,False,,a,4,94,0,53,53,220,220,0.0,0.0,Schuster,,14.0,2026-06-15,2006-05-16,False,p513086,0,0,0,0,0,0,0,0,0,0,0,0,0,0.0,0.0,0.0,0.0,0,0,0,0,0,0.00,0.00,0.00,0.00,,,,,,,[],,166.0,107.0,166.0,107.0,166.0,107.0,166.0,107.0,0.0,0.0,0.0,0.0,0.0,0.0,492.0,134.0,371.0,148.0,371.0,148.0,366.0,139.0,0.0,0.0,0.0,Brentford,4.5
True,True,,,513418,0,0,0,0,0.3,25,"[{'offset': 0, 'projected_percent': '0.3', 'likelihood': 1}, {'offset': 1, 'projected_percent': '0.7', 'likelihood': 1}, {'offset': 2, 'projected_percent': '1.1', 'likelihood': 1}]",,False,0,3,2.1,2.1,3,Kevin,3.0,94,False,,,60,513418.jpg,3.0,False,Schade,3.6,False,,a,4,94,3,5190,5190,4913,4913,0.5,0.5,Schade,,80.0,2023-07-01,2001-11-27,False,p513418,90,0,0,1,0,0,0,0,0,0,0,0,17,0.0,0.0,0.0,0.0,1,5,3,9,1,0.52,0.01,0.53,0.57,,,,,2.0,,[],,538.0,220.0,538.0,220.0,538.0,220.0,538.0,220.0,0.52,0.0,0.01,0.53,0.57,0.0,100.0,65.0,96.0,44.0,96.0,44.0,94.0,32.0,1.0,1.0,9.0,Brentford,6.0
True,True,,,533463,0,0,0,0,-0.7,12,"[{'offset': 0, 'projected_percent': '-0.4', 'likelihood': -1}, {'offset': 1, 'projected_percent': '0.1', 'likelihood': 1}, {'offset': 2, 'projected_percent': '0.3', 'likelihood': 1}]",,False,0,3,2.3,2.3,3,Dango,3.0,95,False,,,65,533463.jpg,3.0,False,Ouattara,1.2,False,,a,4,94,3,1881,1881,2104,2104,0.5,0.5,O.Dango,,35.0,2025-08-16,2002-02-11,False,p533463,66,0,0,1,0,0,0,0,0,0,0,0,6,0.0,0.0,0.0,0.0,2,4,0,6,1,0.05,0.29,0.34,0.47,2.0,,,,,,[],,572.0,245.0,572.0,245.0,572.0,245.0,572.0,245.0,0.07,0.0,0.4,0.47,0.64,0.0,53.0,37.0,98.0,46.0,98.0,46.0,177.0,57.0,1.36,1.36,8.18,Brentford,6.5
True,True,,,440089,0,0,0,0,-11.3,-64,"[{'offset': 0, 'projected_percent': '-14.5', 'likelihood': -1}, {'offset': 1, 'projected_percent': '-31.1', 'likelihood': -2}, {'offset': 2, 'projected_percent': '-47.6', 'likelihood': -3}]",,False,0,3,2.0,2.0,1,Mikkel,1.0,96,False,,,55,440089.jpg,1.0,False,Damsgaard,0.6,False,,a,4,94,1,516,516,1709,1709,0.2,0.2,Damsgaard,,58.0,2022-08-10,2000-07-03,False,p440089,14,0,0,0,0,0,0,0,0,0,0,0,6,0.0,0.0,0.0,0.0,0,3,1,4,0,0.00,0.11,0.11,0.10,3.0,,3.0,,,,[],,431.0,157.0,431.0,157.0,431.0,157.0,431.0,157.0,0.0,0.0,0.71,0.71,0.64,0.0,162.0,101.0,229.0,106.0,229.0,106.0,244.0,80.0,0.0,0.0,25.71,Brentford,5.5
True,True,,,207283,0,0,0,0,0.3,45,"[{'offset': 0, 'projected_percent': '0.4', 'likelihood': 1}, {'offset': 1, 'projected_percent': '1.0', 'likelihood': 1}, {'offset': 2, 'projected_percent': '1.7', 'likelihood': 1}]",,False,0,3,2.0,2.0,6,Mathias,6.0,97,False,,,55,207283.jpg,6.0,False,Jensen,0.2,False,,a,4,94,6,754,754,263,263,1.1,1.1,Jensen,,58.0,2019-07-10,1996-01-01,False,p207283,66,0,1,1,0,0,0,0,0,0,0,0,22,0.0,0.0,0.0,0.0,0,3,2,5,1,0.08,0.34,0.42,0.47,1.0,,2.0,,3.0,,[],,407.0,141.0,407.0,141.0,407.0,141.0,407.0,141.0,0.11,0.0,0.46,0.57,0.64,0.0,138.0,85.0,50.0,21.0,50.0,21.0,348.0,125.0,1.36,1.36,6.82,Brentford,5.5
True,True,,,204580,0,0,0,0,2.0,353,"[{'offset': 0, 'projected_percent': '3.0', 'likelihood': 1}, {'offset': 1, 'projected_percent': '8.1', 'likelihood': 1}, {'offset': 2, 'projected_percent': '13.3', 'likelihood': 1}]",,False,0,3,1.5,1.5,9,Vitaly,9.0,98,False,,,50,204580.jpg,9.0,False,Janelt,0.2,False,,a,4,94,9,4184,4184,443,443,1.8,1.8,Janelt,,80.0,2020-10-03,1998-05-10,False,p204580,90,1,0,1,0,0,0,0,1,0,0,0,35,0.0,0.0,0.0,0.0,6,3,4,13,1,0.39,0.17,0.56,0.57,4.0,,,,,,[],,243.0,48.0,243.0,48.0,243.0,48.0,243.0,48.0,0.39,0.0,0.17,0.56,0.57,0.0,260.0,158.0,19.0,10.0,19.0,10.0,377.0,142.0,1.0,1.0,13.0,Brentford,5.0
True,True,0.0,0.0,543295,0,0,0,0,-4.4,0,"[{'offset': 0, 'projected_percent': '-4.4', 'likelihood': -1}, {'offset': 1, 'projected_percent': '-4.4', 'likelihood': -1}, {'offset': 2, 'projected_percent': '-4.4', 'likelihood': -1}]",,False,0,3,0.0,0.0,0,Antoni,0.0,99,False,Knee injury - Unknown return date,2026-07-23T12:01:23.384798Z,50,543295.jpg,0.0,False,Milambo,0.0,False,,i,4,94,0,11,11,18,18,0.0,0.0,Milambo,,152.0,2025-07-03,2005-04-03,False,p543295,0,0,0,0,0,0,0,0,0,0,0,0,0,0.0,0.0,0.0,0.0,0,0,0,0,0,0.00,0.00,0.00,0.00,,,,,,,[],https://www.brentfordfc.com/en/news/video/first-team-fabio-carvalho-brentford-injury-return-keith-andrews?utm_source=chatgpt.com,349.0,106.0,349.0,106.0,349.0,106.0,349.0,106.0,0.0,0.0,0.0,0.0,0.0,0.0,366.0,216.0,498.0,202.0,498.0,202.0,600.0,263.0,0.0,0.0,0.0,Brentford,5.0
True,True,75.0,75.0,244858,0,0,0,0,-15.6,-5,"[{'offset': 0, 'projected_percent': '-20.2', 'likelihood': -2}, {'offset': 1, 'projected_percent': '-43.9', 'likelihood': -3}, {'offset': 2, 'projected_percent': '-67.6', 'likelihood': -4}]",,False,0,3,1.1,1.1,0,Fábio,0.0,100,False,Lack of match fitness - 75% chance of playing,2026-08-18T13:58:17.442072Z,50,244858.jpg,0.0,False,Freitas Gouveia Carvalho,0.0,False,,d,4,94,0,15,15,93,93,0.0,0.0,Carvalho,Fábio Carvalho,173.0,2024-08-12,2002-08-30,False,p244858,0,0,0,0,0,0,0,0,0,0,0,0,0,0.0,0.0,0.0,0.0,0,0,0,0,0,0.00,0.00,0.00,0.00,,,,,,,[],https://www.brentfordfc.com/en/news/video/first-team-fabio-carvalho-brentford-injury-return-keith-andrews?utm_source=chatgpt.com,275.0,64.0,275.0,64.0,275.0,64.0,275.0,64.0,0.0,0.0,0.0,0.0,0.0,0.0,292.0,174.0,450.0,174.0,450.0,174.0,559.0,234.0,0.0,0.0,0.0,Brentford,5.0
True,True,,,508395,0,0,0,0,-9.3,-169,"[{'offset': 0, 'projected_percent': '-13.1', 'likelihood': -1}, {'offset': 1, 'projected_percent': '-32.9', 'likelihood': -2}, {'offset': 2, 'projected_percent': '-52.8', 'likelihood': -3}]",,False,0,3,1.5,1.5,1,Yehor,1.0,102,False,,,50,508395.jpg,1.0,False,Yarmoliuk,1.3,False,,a,4,94,1,271,271,2696,2696,0.2,0.2,Yarmoliuk,,225.0,2022-10-28,2004-03-01,False,p508395,23,0,0,0,0,0,0,0,0,0,0,0,7,0.0,0.0,0.0,0.0,1,3,2,6,0,0.04,0.00,0.04,0.10,,,,,,,[],,332.0,92.0,332.0,92.0,332.0,92.0,332.0,92.0,0.16,0.0,0.0,0.16,0.39,0.0,349.0,202.0,204.0,88.0,204.0,88.0,172.0,55.0,0.0,0.0,23.48,Brentford,5.0
True,True,,,183656,0,0,0,0,-3.6,0,"[{'offset': 0, 'projected_percent': '-3.6', 'likelihood': -1}, {'offset': 1, 'projected_percent': '-3.6', 'likelihood': -1}, {'offset': 2, 'projected_percent': '-3.6', 'likelihood': -1}]",,False,0,3,1.5,1.5,0,Josh,0.0,103,False,,,50,183656.jpg,0.0,False,Dasilva,0.0,False,,a,4,94,0,66,66,89,89,0.0,0.0,Dasilva,,241.0,2025-10-23,1998-10-23,False,p183656,0,0,0,0,0,0,0,0,0,0,0,0,0,0.0,0.0,0.0,0.0,0,0,0,0,0,0.00,0.00,0.00,0.00,,,,,,,[],,236.0,43.0,236.0,43.0,236.0,43.0,236.0,43.0,0.0,0.0,0.0,0.0,0.0,0.0,253.0,153.0,426.0,161.0,426.0,161.0,528.0,219.0,0.0,0.0,0.0,Brentford,5.0
True,True,,,444180,0,0,0,0,-2.4,-20,"[{'offset': 0, 'projected_percent': '-5.9', 'likelihood': -1}, {'offset': 1, 'projected_percent': '-23.8', 'likelihood': -2}, {'offset': 2, 'projected_percent': '-41.6', 'likelihood': -3}]",,False,0,3,2.1,2.1,1,Jaidon,1.0,105,False,,,60,444180.jpg,1.0,False,Anthony,0.2,False,,a,4,94,1,446,446,547,547,0.2,0.2,Anthony,,241.0,2026-07-07,1999-12-01,False,p444180,23,0,0,0,0,0,0,0,0,0,0,0,9,0.0,0.0,0.0,0.0,0,6,2,8,0,0.03,0.35,0.38,0.10,,,,,,,[],,523.0,209.0,523.0,209.0,523.0,209.0,523.0,209.0,0.12,0.0,1.37,1.49,0.39,0.0,85.0,54.0,252.0,118.0,252.0,118.0,370.0,137.0,0.0,0.0,31.3,Brentford,6.0
True,True,,,502500,0,0,0,0,-0.5,124,"[{'offset': 0, 'projected_percent': '-0.3', 'likelihood': -1}, {'offset': 1, 'projected_percent': '1.3', 'likelihood': 1}, {'offset': 2, 'projected_percent': '3.1', 'likelihood': 1}]",,False,0,4,2.5,2.5,0,Igor Thiago,0.0,106,False,,,80,502500.jpg,0.0,False,Nascimento Rodrigues,17.2,False,,a,4,94,0,19740,19740,21956,21956,0.0,0.0,Thiago,Igor Thiago,30.0,2024-07-01,2001-06-26,False,p502500,82,0,0,1,0,0,0,1,0,0,0,0,-3,0.0,0.0,0.0,0.0,1,4,0,5,1,1.00,0.08,1.08,0.50,,,,,1.0,,[],,598.0,70.0,598.0,70.0,598.0,70.0,598.0,70.0,1.1,0.0,0.09,1.19,0.55,0.0,12.0,4.0,600.0,72.0,600.0,72.0,23.0,4.0,1.1,1.1,5.49,Brentford,8.0
True,True,,,593174,0,0,0,0,0.4,-5,"[{'offset': 0, 'projected_percent': '0.4', 'likelihood': 1}, {'offset': 1, 'projected_percent': '0.3', 'likelihood': 1}, {'offset': 2, 'projected_percent': '0.2', 'likelihood': 1}]",,False,0,4,1.0,1.0,0,Kaye,0.0,107,False,,,45,593174.jpg,0.0,False,Furo,0.9,False,,a,4,94,0,2171,2171,1682,1682,0.0,0.0,Furo,,21.0,2026-01-11,2007-02-06,False,p593174,0,0,0,0,0,0,0,0,0,0,0,0,0,0.0,0.0,0.0,0.0,0,0,0,0,0,0.00,0.00,0.00,0.00,,,,,,,[],,194.0,9.0,194.0,9.0,194.0,9.0,194.0,9.0,0.0,0.0,0.0,0.0,0.0,0.0,520.0,69.0,395.0,38.0,395.0,38.0,203.0,33.0,0.0,0.0,0.0,Brentford,4.5
True,True,,,75115,0,0,0,0,0.1,4,"[{'offset': 0, 'projected_percent': '0.1', 'likelihood': 1}, {'offset': 1, 'projected_percent': '0.2', 'likelihood': 1}, {'offset': 2, 'projected_percent': '0.2', 'likelihood': 1}]",,False,0,4,1.8,1.8,1,Callum,1.0,108,False,,,55,75115.jpg,1.0,False,Wilson,0.4,False,,a,4,94,1,1112,1112,970,970,0.2,0.2,Wilson,,241.0,2026-07-09,1992-02-27,False,p75115,7,0,0,0,0,0,0,0,0,0,0,0,4,0.0,0.0,0.0,0.0,0,0,0,0,0,0.03,0.04,0.07,0.07,,,,,,,[],,382.0,25.0,382.0,25.0,382.0,25.0,382.0,25.0,0.39,0.0,0.51,0.9,0.9,0.0,113.0,29.0,219.0,19.0,219.0,19.0,279.0,48.0,0.0,0.0,0.0,Brentford,5.5
True,True,,,513545,0,0,0,0,38.4,5593,"[{'offset': 0, 'projected_percent': '54.3', 'likelihood': 3}, {'offset': 1, 'projected_percent': '136.5', 'likelihood': 5}, {'offset': 2, 'projected_percent': '218.6', 'likelihood': 5}]",,False,1,3,2.0,2.0,14,Mamadou,14.0,565,True,,,55,513545.jpg,14.0,False,Sangaré,4.2,False,,a,4,94,14,74114,74114,2206,2206,2.5,2.5,M.Sangaré,,132.0,2026-08-01,2002-06-26,False,p513545,75,0,2,1,0,0,0,0,0,0,0,3,41,0.0,0.0,0.0,0.0,4,7,2,13,1,0.05,0.33,0.38,0.47,,,,,,,[],,469.0,180.0,469.0,180.0,469.0,180.0,469.0,180.0,0.06,0.0,0.4,0.46,0.56,0.0,200.0,124.0,5.0,2.0,5.0,2.0,78.0,26.0,1.2,1.2,15.6,Brentford,5.5
True,True,,,489639,0,0,0,0,2.2,561,"[{'offset': 0, 'projected_percent': '3.8', 'likelihood': 1}, {'offset': 1, 'projected_percent': '12.1', 'likelihood': 1}, {'offset': 2, 'projected_percent': '20.3', 'likelihood': 2}]",,False,0,1,1.9,1.9,6,Bart,6.0,109,False,,,45,489639.jpg,6.0,False,Verbruggen,21.7,False,,a,5,36,6,13017,13017,7966,7966,1.3,1.3,Verbruggen,,152.0,2023-07-03,2002-08-18,False,p489639,90,0,0,1,0,0,0,0,0,0,0,0,25,0.0,0.0,0.0,0.0,0,4,0,0,1,0.00,0.00,0.00,0.31,,,,,,,[],,155.0,41.0,155.0,41.0,155.0,41.0,155.0,41.0,0.0,0.0,0.0,0.0,0.31,0.0,481.0,42.0,45.0,5.0,45.0,5.0,14.0,3.0,1.0,1.0,0.0,Brighton,4.5
True,True,,,49262,0,0,0,0,0.0,-40,"[{'offset': 0, 'projected_percent': '-0.3', 'likelihood': -1}, {'offset': 1, 'projected_percent': '-1.7', 'likelihood': -1}, {'offset': 2, 'projected_percent': '-3.2', 'likelihood': -1}]",,False,0,1,1.0,1.0,0,Jason,0.0,111,False,,,40,49262.jpg,0.0,False,Steele,4.1,False,,a,5,36,0,2202,2202,2224,2224,0.0,0.0,Steele,,241.0,2018-07-01,1990-08-18,False,p49262,0,0,0,0,0,0,0,0,0,0,0,0,0,0.0,0.0,0.0,0.0,0,0,0,0,0,0.00,0.00,0.00,0.00,,,,,,,[],,3.0,3.0,3.0,3.0,3.0,3.0,3.0,3.0,0.0,0.0,0.0,0.0,0.0,0.0,536.0,50.0,265.0,21.0,265.0,21.0,79.0,12.0,0.0,0.0,0.0,Brighton,4.0
True,True,75.0,,231416,0,0,0,0,-8.2,-1229,"[{'offset': 0, 'projected_percent': '-15.3', 'likelihood': -1}, {'offset': 1, 'projected_percent': '-51.5', 'likelihood': -3}, {'offset': 2, 'projected_percent': '-87.8', 'likelihood': -5}]",,False,0,2,1.3,1.7,0,Ferdi,0.0,113,False,Unspecified injury - 75% chance of playing,2026-08-23T13:00:07.595211Z,45,231416.jpg,0.0,False,Kadıoğlu,2.8,False,,d,5,36,0,1815,1815,9809,9809,0.0,0.0,F.Kadıoğlu,,219.0,2024-08-27,1999-10-07,False,p231416,0,0,0,0,0,0,0,0,0,0,0,0,0,0.0,0.0,0.0,0.0,0,0,0,0,0,0.00,0.00,0.00,0.00,3.0,,,,,,[],,120.0,82.0,120.0,82.0,120.0,82.0,120.0,82.0,0.0,0.0,0.0,0.0,0.0,0.0,446.0,109.0,344.0,134.0,344.0,134.0,108.0,43.0,0.0,0.0,0.0,Brighton,4.5
True,True,,,204120,0,0,0,0,0.1,59,"[{'offset': 0, 'projected_percent': '0.3', 'likelihood': 1}, {'offset': 1, 'projected_percent': '1.2', 'likelihood': 1}, {'offset': 2, 'projected_percent': '2.1', 'likelihood': 1}]",,False,0,2,1.7,1.7,6,Olivier,6.0,114,False,,,45,204120.jpg,6.0,False,Boscagli,0.2,False,,a,5,36,6,489,489,202,202,1.3,1.3,Boscagli,,73.0,2025-07-02,1997-11-18,False,p204120,90,0,0,1,0,0,0,0,0,0,0,0,29,0.0,0.0,0.0,0.0,5,5,1,6,1,0.00,0.04,0.04,0.31,,,,,,,[],,107.0,71.0,107.0,71.0,107.0,71.0,107.0,71.0,0.0,0.0,0.04,0.04,0.31,0.0,433.0,98.0,40.0,17.0,40.0,17.0,328.0,123.0,1.0,1.0,6.0,Brighton,4.5
True,True,,,465730,0,0,0,0,25.4,8119,"[{'offset': 0, 'projected_percent': '48.5', 'likelihood': 3}, {'offset': 1, 'projected_percent': '167.8', 'likelihood': 5}, {'offset': 2, 'projected_percent': '287.0', 'likelihood': 5}]",,False,1,2,1.7,1.7,17,Maxim,17.0,115,True,,,45,465730.jpg,17.0,False,De Cuyper,2.3,False,,a,5,36,17,53370,53370,1654,1654,3.8,3.8,De Cuyper,,21.0,2025-07-05,2000-12-22,False,p465730,77,1,1,1,0,0,0,0,0,0,0,2,48,0.0,0.0,0.0,0.0,1,3,4,5,1,1.40,0.18,1.58,0.31,2.0,,4.0,,,,[],,144.0,98.0,144.0,98.0,144.0,98.0,144.0,98.0,1.64,0.0,0.21,1.85,0.36,0.0,470.0,125.0,1.0,1.0,1.0,1.0,119.0,50.0,1.17,1.17,5.84,Brighton,4.5
True,True,,,83299,0,0,0,0,1.0,173,"[{'offset': 0, 'projected_percent': '1.5', 'likelihood': 1}, {'offset': 1, 'projected_percent': '4.1', 'likelihood': 1}, {'offset': 2, 'projected_percent': '6.6', 'likelihood': 1}]",,False,0,2,1.7,1.7,6,Lewis,6.0,116,False,,,45,83299.jpg,6.0,False,Dunk,1.1,False,,a,5,36,6,2673,2673,883,883,1.3,1.3,Dunk,,241.0,2009-07-01,1991-11-21,False,p83299,90,0,0,1,0,0,0,0,0,0,0,0,24,0.0,0.0,0.0,0.0,2,2,1,3,1,0.00,0.04,0.04,0.31,,,3.0,,,,[],,77.0,53.0,77.0,53.0,77.0,53.0,77.0,53.0,0.0,0.0,0.04,0.04,0.31,0.0,403.0,80.0,39.0,16.0,39.0,16.0,189.0,73.0,1.0,1.0,3.0,Brighton,4.5
True,True,,,550090,0,0,0,0,0.0,-4,"[{'offset': 0, 'projected_percent': '-4.3', 'likelihood': -1}, {'offset': 1, 'projected_percent': '-36.6', 'likelihood': -2}, {'offset': 2, 'projected_percent': '-68.9', 'likelihood': -4}]",,False,0,2,1.7,1.7,0,Diego,0.0,117,False,,,45,550090.jpg,0.0,False,Coppola,0.0,False,,a,5,36,0,53,53,45,45,0.0,0.0,Coppola,,,,,False,p550090,0,0,0,0,0,0,0,0,0,0,0,0,0,0.0,0.0,0.0,0.0,0,0,0,0,0,0.00,0.00,0.00,0.00,,,,,,,[],,177.0,111.0,177.0,111.0,177.0,111.0,177.0,111.0,0.0,0.0,0.0,0.0,0.0,0.0,503.0,138.0,381.0,151.0,381.0,151.0,546.0,189.0,0.0,0.0,0.0,Brighton,4.5
True,True,,,223434,0,0,0,0,0.0,-8,"[{'offset': 0, 'projected_percent': '-0.7', 'likelihood': -1}, {'offset': 1, 'projected_percent': '-14.7', 'likelihood': -1}, {'offset': 2, 'projected_percent': '-28.8', 'likelihood': -2}]",,False,0,2,1.7,1.7,0,Igor Julio,0.0,118,False,,,45,223434.jpg,0.0,False,dos Santos de Paulo,0.1,False,,a,5,36,0,170,170,160,160,0.0,0.0,Igor,Igor Julio,30.0,2023-07-26,1998-02-07,False,p223434,0,0,0,0,0,0,0,0,0,0,0,0,0,0.0,0.0,0.0,0.0,0,0,0,0,0,0.00,0.00,0.00,0.00,,,,,,,[],,114.0,76.0,114.0,76.0,114.0,76.0,114.0,76.0,0.0,0.0,0.0,0.0,0.0,0.0,440.0,103.0,342.0,132.0,342.0,132.0,436.0,152.0,0.0,0.0,0.0,Brighton,4.5
True,True,,,451490,0,0,0,0,0.0,2,"[{'offset': 0, 'projected_percent': '0.0', 'likelihood': 0}, {'offset': 1, 'projected_percent': '0.1', 'likelihood': 1}, {'offset': 2, 'projected_percent': '0.1', 'likelihood': 1}]",,False,0,2,1.7,1.7,1,João Pedro,1.0,119,False,,,45,451490.jpg,1.0,False,Loureiro da Costa,0.0,False,,a,5,36,1,74,74,38,38,0.2,0.2,Costinha,Costinha,173.0,2026-06-15,2000-03-26,False,p451490,26,0,0,0,0,0,0,0,0,0,0,0,7,0.0,0.0,0.0,0.0,3,0,1,4,0,0.08,0.00,0.08,0.10,,,,,,,[],,139.0,96.0,139.0,96.0,139.0,96.0,139.0,96.0,0.28,0.0,0.0,0.28,0.35,0.0,465.0,123.0,176.0,66.0,176.0,66.0,529.0,179.0,0.0,0.0,13.85,Brighton,4.5
True,True,,,454490,0,0,0,0,0.1,2,"[{'offset': 0, 'projected_percent': '0.1', 'likelihood': 1}, {'offset': 1, 'projected_percent': '0.1', 'likelihood': 1}, {'offset': 2, 'projected_percent': '0.1', 'likelihood': 1}]",,False,0,2,2.2,2.2,0,Michael,0.0,120,False,,,50,454490.jpg,0.0,False,Svoboda,0.1,False,,a,5,36,0,249,249,119,119,0.0,0.0,Svoboda,,14.0,2026-07-02,1998-10-15,False,p454490,0,0,0,0,0,0,0,0,0,0,0,0,0,0.0,0.0,0.0,0.0,0,0,0,0,0,0.00,0.00,0.00,0.00,,,,,,,[],,293.0,145.0,293.0,145.0,293.0,145.0,293.0,145.0,0.0,0.0,0.0,0.0,0.0,0.0,310.0,58.0,464.0,174.0,464.0,174.0,478.0,167.0,0.0,0.0,0.0,Brighton,5.0
True,True,0.0,0.0,451340,0,0,0,0,-14.5,-12,"[{'offset': 0, 'projected_percent': '-17.0', 'likelihood': -1}, {'offset': 1, 'projected_percent': '-30.3', 'likelihood': -2}, {'offset': 2, 'projected_percent': '-43.6', 'likelihood': -3}]",,False,0,3,0.0,0.0,0,Mitoma,0.0,121,False,Hamstring injury - Unknown return date,2026-07-24T18:30:10.661894Z,60,451340.jpg,0.0,False,Kaoru,0.0,False,,i,5,36,0,68,68,400,400,0.0,0.0,Mitoma,,108.0,2021-08-09,1997-05-20,False,p451340,0,0,0,0,0,0,0,0,0,0,0,0,0,0.0,0.0,0.0,0.0,0,0,0,0,0,0.00,0.00,0.00,0.00,,,,,,,[],https://www.brightonandhovealbion.com/media-article/successful-surgery-for-mitoma,525.0,211.0,525.0,211.0,525.0,211.0,525.0,211.0,0.0,0.0,0.0,0.0,0.0,0.0,87.0,56.0,567.0,244.0,567.0,244.0,481.0,197.0,0.0,0.0,0.0,Brighton,6.0
True,True,0.0,0.0,592031,0,0,0,0,-27.8,-43,"[{'offset': 0, 'projected_percent': '-32.9', 'likelihood': -2}, {'offset': 1, 'projected_percent': '-58.9', 'likelihood': -3}, {'offset': 2, 'projected_percent': '-85.0', 'likelihood': -5}]",,False,0,3,0.0,0.0,0,Yankuba,0.0,122,False,Leg injury - Expected back 28 Nov,2026-08-14T18:00:06.418033Z,60,592031.jpg,0.0,False,Minteh,0.1,False,,i,5,36,0,60,60,1196,1196,0.0,0.0,Minteh,,78.0,2024-07-01,2004-07-22,False,p592031,0,0,0,0,0,0,0,0,0,0,0,0,0,0.0,0.0,0.0,0.0,0,0,0,0,0,0.00,0.00,0.00,0.00,5.0,,,,,,[],https://www.brightonandhovealbion.com/media-article/fabian-hurzeler-reflects-on-albions-pre-season-win-over-as-roma?utm_source=premier-league-web&utm_medium=referral&utm_campaign=pl-referral-always-on&utm_term=content-card,545.0,223.0,545.0,223.0,545.0,223.0,545.0,223.0,0.0,0.0,0.0,0.0,0.0,0.0,107.0,68.0,576.0,248.0,576.0,248.0,433.0,172.0,0.0,0.0,0.0,Brighton,6.0
True,True,,,532529,0,0,0,0,11.0,2890,"[{'offset': 0, 'projected_percent': '19.2', 'likelihood': 1}, {'offset': 1, 'projected_percent': '61.6', 'likelihood': 4}, {'offset': 2, 'projected_percent': '104.1', 'likelihood': 5}]",,False,1,3,2.1,2.1,16,Jack,16.0,123,True,,,60,532529.jpg,16.0,False,Hinshelwood,0.8,False,,a,5,36,16,24799,24799,1504,1504,2.7,2.7,Hinshelwood,,241.0,2022-12-30,2005-04-11,False,p532529,63,2,0,1,0,0,0,0,0,0,0,3,54,0.0,0.0,0.0,0.0,0,1,2,3,1,1.41,0.02,1.43,0.21,,,,,,,[],,539.0,221.0,539.0,221.0,539.0,221.0,539.0,221.0,2.01,0.0,0.03,2.04,0.3,0.0,101.0,66.0,2.0,1.0,2.0,1.0,217.0,70.0,1.43,1.43,4.29,Brighton,6.0
True,True,,,60307,0,0,0,0,-4.1,-1326,"[{'offset': 0, 'projected_percent': '-6.9', 'likelihood': -1}, {'offset': 1, 'projected_percent': '-21.3', 'likelihood': -2}, {'offset': 2, 'projected_percent': '-35.7', 'likelihood': -2}]",,False,0,3,2.0,2.0,2,Pascal,2.0,124,False,,,55,60307.jpg,2.0,False,Groß,14.1,False,,a,5,36,2,6702,6702,17624,17624,0.4,0.4,Groß,,80.0,2026-01-02,1991-06-15,False,p60307,90,0,0,1,0,0,0,0,1,0,0,0,19,0.0,0.0,0.0,0.0,0,3,3,6,1,0.00,0.25,0.25,0.31,1.0,,1.0,,1.0,,[],,381.0,129.0,381.0,129.0,381.0,129.0,381.0,129.0,0.0,0.0,0.25,0.25,0.31,0.0,112.0,73.0,124.0,59.0,124.0,59.0,28.0,9.0,1.0,1.0,6.0,Brighton,5.5
True,True,,,463067,0,0,0,0,1.3,437,"[{'offset': 0, 'projected_percent': '2.6', 'likelihood': 1}, {'offset': 1, 'projected_percent': '9.0', 'likelihood': 1}, {'offset': 2, 'projected_percent': '15.4', 'likelihood': 1}]",,False,0,4,1.8,1.8,5,Georginio,5.0,125,False,,,55,463067.jpg,5.0,False,Rutter,0.9,False,,a,5,36,5,4215,4215,1168,1168,0.9,0.9,Georginio,,73.0,2024-08-19,2002-04-20,False,p463067,90,0,1,1,0,0,0,0,0,0,0,0,21,0.0,0.0,0.0,0.0,1,4,2,7,1,0.07,0.44,0.51,0.31,,,,,,,[],,443.0,37.0,443.0,37.0,443.0,37.0,443.0,37.0,0.07,0.0,0.44,0.51,0.31,0.0,174.0,41.0,63.0,5.0,63.0,5.0,199.0,32.0,1.0,1.0,7.0,Brighton,5.5
True,True,,,219249,0,0,0,0,-4.4,-21,"[{'offset': 0, 'projected_percent': '-10.3', 'likelihood': -1}, {'offset': 1, 'projected_percent': '-40.8', 'likelihood': -3}, {'offset': 2, 'projected_percent': '-71.4', 'likelihood': -4}]",,False,0,3,2.0,2.0,0,Matt,0.0,126,False,,,55,219249.jpg,0.0,False,O'Riley,0.1,False,,a,5,36,0,194,194,282,282,0.0,0.0,O'Riley,,58.0,2024-08-26,2000-11-21,False,p219249,0,0,0,0,0,0,0,0,0,0,0,0,0,0.0,0.0,0.0,0.0,0,0,0,0,0,0.00,0.00,0.00,0.00,,,,,3.0,,[],,412.0,144.0,412.0,144.0,412.0,144.0,412.0,144.0,0.0,0.0,0.0,0.0,0.0,0.0,143.0,88.0,527.0,219.0,527.0,219.0,422.0,166.0,0.0,0.0,0.0,Brighton,5.5
True,True,,,514254,0,0,0,0,0.3,140,"[{'offset': 0, 'projected_percent': '0.7', 'likelihood': 1}, {'offset': 1, 'projected_percent': '2.8', 'likelihood': 1}, {'offset': 2, 'projected_percent': '4.9', 'likelihood': 1}]",,False,0,3,1.5,1.5,6,Diego,6.0,127,False,,,50,514254.jpg,6.0,False,Gómez Amarilla,3.9,False,,a,5,36,6,3631,3631,3209,3209,1.2,1.2,Gomez,Diego Gómez,168.0,2025-01-01,2003-03-27,False,p514254,85,0,1,1,0,0,0,0,0,0,0,0,29,0.0,0.0,0.0,0.0,2,1,3,6,1,0.19,0.48,0.67,0.31,,,5.0,,,,[],,336.0,94.0,336.0,94.0,336.0,94.0,336.0,94.0,0.2,0.0,0.51,0.71,0.33,0.0,353.0,204.0,47.0,20.0,47.0,20.0,83.0,28.0,1.06,1.06,6.35,Brighton,5.0
True,False,0.0,0.0,536916,0,0,0,0,0.0,0,"[{'offset': 0, 'projected_percent': '0.0', 'likelihood': 0}, {'offset': 1, 'projected_percent': '0.0', 'likelihood': 0}, {'offset': 2, 'projected_percent': '0.0', 'likelihood': 0}]",,False,0,3,0.0,0.0,0,Facundo,0.0,128,False,Has joined Elche on loan for the rest of the season,2026-08-10T14:03:07.561436Z,50,536916.jpg,0.0,False,Buonanotte,0.0,False,,u,5,36,0,0,0,73,73,0.0,0.0,Buonanotte,,10.0,2023-01-01,2004-12-23,False,p536916,0,0,0,0,0,0,0,0,0,0,0,0,0,0.0,0.0,0.0,0.0,0,0,0,0,0,0.00,0.00,0.00,0.00,,,,,,,[],,347.0,104.0,347.0,104.0,347.0,104.0,347.0,104.0,0.0,0.0,0.0,0.0,0.0,0.0,364.0,214.0,497.0,201.0,497.0,201.0,590.0,256.0,0.0,0.0,0.0,Brighton,5.0
True,True,,,509416,0,0,0,0,-3.9,-36,"[{'offset': 0, 'projected_percent': '-5.4', 'likelihood': -1}, {'offset': 1, 'projected_percent': '-13.5', 'likelihood': -1}, {'offset': 2, 'projected_percent': '-21.5', 'likelihood': -2}]",,False,0,3,2.0,2.0,2,Yasin,2.0,129,False,,,55,509416.jpg,2.0,False,Ayari,0.7,False,,a,5,36,2,832,832,1405,1405,0.4,0.4,Ayari,,206.0,2023-01-30,2003-10-06,False,p509416,63,0,0,1,0,0,0,0,1,0,0,0,6,0.0,0.0,0.0,0.0,1,4,0,5,1,0.11,0.03,0.14,0.21,4.0,,2.0,,,,[],,468.0,179.0,468.0,179.0,468.0,179.0,468.0,179.0,0.16,0.0,0.04,0.2,0.3,0.0,199.0,123.0,132.0,64.0,132.0,64.0,227.0,74.0,1.43,1.43,7.14,Brighton,5.5
True,True,,,467779,0,0,0,0,0.6,253,"[{'offset': 0, 'projected_percent': '1.3', 'likelihood': 1}, {'offset': 1, 'projected_percent': '5.0', 'likelihood': 1}, {'offset': 2, 'projected_percent': '8.7', 'likelihood': 1}]",,False,0,2,2.2,2.2,7,Mats,7.0,130,False,,,50,467779.jpg,7.0,False,Wieffer,0.3,False,,a,5,36,7,1560,1560,389,389,1.4,1.4,Wieffer,,152.0,2024-07-06,1999-11-16,False,p467779,77,0,0,1,0,0,0,0,0,0,0,1,31,0.0,0.0,0.0,0.0,3,5,4,7,1,0.07,0.05,0.12,0.31,,,,,,,[],,301.0,148.0,301.0,148.0,301.0,148.0,301.0,148.0,0.08,0.0,0.06,0.14,0.36,0.0,318.0,61.0,34.0,13.0,34.0,13.0,306.0,114.0,1.17,1.17,8.18,Brighton,5.0
True,True,0.0,0.0,535301,0,0,0,0,-4.3,-41,"[{'offset': 0, 'projected_percent': '-6.5', 'likelihood': -1}, {'offset': 1, 'projected_percent': '-17.8', 'likelihood': -1}, {'offset': 2, 'projected_percent': '-29.1', 'likelihood': -2}]",,False,0,3,0.0,0.0,0,Carlos,0.0,131,False,Ankle injury - Unknown return date,2026-08-06T16:00:10.997714Z,50,535301.jpg,0.0,False,Baleba,0.2,False,,i,5,36,0,780,780,1226,1226,0.0,0.0,Baleba,,38.0,2023-08-29,2004-01-03,False,p535301,0,0,0,0,0,0,0,0,0,0,0,0,0,0.0,0.0,0.0,0.0,0,0,0,0,0,0.00,0.00,0.00,0.00,,,,,,,[],,342.0,99.0,342.0,99.0,342.0,99.0,342.0,99.0,0.0,0.0,0.0,0.0,0.0,0.0,359.0,209.0,493.0,197.0,493.0,197.0,352.0,127.0,0.0,0.0,0.0,Brighton,5.0
True,False,0.0,0.0,597320,0,0,0,0,0.0,-32,"[{'offset': 0, 'projected_percent': '0.0', 'likelihood': 0}, {'offset': 1, 'projected_percent': '0.0', 'likelihood': 0}, {'offset': 2, 'projected_percent': '0.0', 'likelihood': 0}]",,False,0,3,0.0,0.0,0,Harry,0.0,132,False,Has joined Leicester City on loan for the rest of the season,2026-08-17T13:53:19.019938Z,45,597320.jpg,0.0,False,Howell,0.1,False,,u,5,36,0,0,0,569,569,0.0,0.0,Howell,,,,,False,p597320,0,0,0,0,0,0,0,0,0,0,0,0,0,0.0,0.0,0.0,0.0,0,0,0,0,0,0.00,0.00,0.00,0.00,,,,,,,[],,196.0,23.0,196.0,23.0,196.0,23.0,196.0,23.0,0.0,0.0,0.0,0.0,0.0,0.0,522.0,261.0,397.0,145.0,397.0,145.0,464.0,190.0,0.0,0.0,0.0,Brighton,4.5
True,False,0.0,0.0,549074,0,0,0,0,0.0,-1,"[{'offset': 0, 'projected_percent': '0.0', 'likelihood': 0}, {'offset': 1, 'projected_percent': '0.0', 'likelihood': 0}, {'offset': 2, 'projected_percent': '0.0', 'likelihood': 0}]",,False,0,3,0.0,0.0,0,Tom,0.0,133,False,Has joined Leicester City on loan for the rest of the season,2026-08-03T14:05:44.459483Z,50,549074.jpg,0.0,False,Watson,0.0,False,,u,5,36,0,0,0,18,18,0.0,0.0,Watson,,241.0,2025-06-01,2006-04-08,False,p549074,0,0,0,0,0,0,0,0,0,0,0,0,0,0.0,0.0,0.0,0.0,0,0,0,0,0,0.00,0.00,0.00,0.00,,,,,,,[],,352.0,109.0,352.0,109.0,352.0,109.0,352.0,109.0,0.0,0.0,0.0,0.0,0.0,0.0,369.0,219.0,500.0,204.0,500.0,204.0,599.0,262.0,0.0,0.0,0.0,Brighton,5.0
True,True,,,556637,0,0,0,0,0.1,-23,"[{'offset': 0, 'projected_percent': '0.0', 'likelihood': 0}, {'offset': 1, 'projected_percent': '-11.3', 'likelihood': -1}, {'offset': 2, 'projected_percent': '-23.1', 'likelihood': -2}]",,False,0,3,1.0,1.0,0,Nehemiah,0.0,134,False,,,45,556637.jpg,0.0,False,Oriola,0.3,False,,a,5,36,0,574,574,481,481,0.0,0.0,Oriola,,241.0,2025-10-17,2007-06-11,False,p556637,0,0,0,0,0,0,0,0,0,0,0,0,0,0.0,0.0,0.0,0.0,0,0,0,0,0,0.00,0.00,0.00,0.00,,,,,,,[],,181.0,18.0,181.0,18.0,181.0,18.0,181.0,18.0,0.0,0.0,0.0,0.0,0.0,0.0,507.0,256.0,385.0,141.0,385.0,141.0,298.0,100.0,0.0,0.0,0.0,Brighton,4.5
True,True,,,700308,0,0,0,0,-0.9,-13,"[{'offset': 0, 'projected_percent': '-6.2', 'likelihood': -1}, {'offset': 1, 'projected_percent': '-33.2', 'likelihood': -2}, {'offset': 2, 'projected_percent': '-60.1', 'likelihood': -4}]",,False,0,3,1.5,1.5,1,Zadok,1.0,135,False,,,50,700308.jpg,1.0,False,Yohanna,0.1,False,,a,5,36,1,127,127,151,151,0.2,0.2,Yohanna,,157.0,2026-06-15,2007-06-29,False,p700308,12,0,0,0,0,0,0,0,0,0,0,0,3,0.0,0.0,0.0,0.0,0,0,0,0,0,0.00,0.02,0.02,0.00,,,,,,,[],,380.0,128.0,380.0,128.0,380.0,128.0,380.0,128.0,0.0,0.0,0.15,0.15,0.0,0.0,397.0,238.0,218.0,99.0,218.0,99.0,451.0,182.0,0.0,0.0,0.0,Brighton,5.0
True,True,0.0,0.0,608181,0,0,0,0,-9.5,0,"[{'offset': 0, 'projected_percent': '-9.5', 'likelihood': -1}, {'offset': 1, 'projected_percent': '-9.5', 'likelihood': -1}, {'offset': 2, 'projected_percent': '-9.5', 'likelihood': -1}]",,False,0,4,0.0,0.0,0,Stefanos,0.0,137,False,Knee injury - Unknown return date,2026-07-23T12:01:23.432796Z,55,608181.jpg,0.0,False,Tzimas,0.0,False,,i,5,36,0,30,30,73,73,0.0,0.0,Tzimas,,83.0,2025-02-03,2006-01-06,False,p608181,0,0,0,0,0,0,0,0,0,0,0,0,0,0.0,0.0,0.0,0.0,0,0,0,0,0,0.00,0.00,0.00,0.00,,,,,,,[],https://www.brightonandhovealbion.com/media-article/fabian-hurzeler-reflects-on-a-successful-training-camp?srsltid=AfmBOoq6Qw6fHwT9Mxn5PIGBhoGos01rwVude5hxVRG_7iMPpS-YkOIf&utm_source=chatgpt.com,489.0,42.0,489.0,42.0,489.0,42.0,489.0,42.0,0.0,0.0,0.0,0.0,0.0,0.0,220.0,46.0,557.0,58.0,557.0,58.0,582.0,71.0,0.0,0.0,0.0,Brighton,5.5
True,True,,,647850,0,0,0,0,-2.7,-16,"[{'offset': 0, 'projected_percent': '-4.8', 'likelihood': -1}, {'offset': 1, 'projected_percent': '-15.8', 'likelihood': -1}, {'offset': 2, 'projected_percent': '-26.7', 'likelihood': -2}]",,False,0,4,1.8,1.8,1,Charalampos,1.0,138,False,,,55,647850.jpg,1.0,False,Kostoulas,0.2,False,,a,5,36,1,240,240,386,386,0.2,0.2,Kostoulas,,83.0,2025-07-01,2007-05-30,False,p647850,26,0,0,0,0,0,0,0,0,0,0,0,-3,0.0,0.0,0.0,0.0,0,1,0,1,0,0.16,0.00,0.16,0.10,,,,,,,[],,492.0,43.0,492.0,43.0,492.0,43.0,492.0,43.0,0.55,0.0,0.0,0.55,0.35,0.0,223.0,47.0,243.0,25.0,243.0,25.0,333.0,54.0,0.0,0.0,3.46,Brighton,5.5
True,True,0.0,0.0,487117,0,0,0,0,-3.9,2,"[{'offset': 0, 'projected_percent': '-3.4', 'likelihood': -1}, {'offset': 1, 'projected_percent': '-1.0', 'likelihood': -1}, {'offset': 2, 'projected_percent': '0.0', 'likelihood': 0}]",,False,0,4,0.0,0.0,0,Evan,0.0,139,False,Ankle injury - Expected back 10 Oct,2026-07-23T12:01:23.448357Z,50,487117.jpg,0.0,False,Ferguson,0.0,False,,i,5,36,0,113,113,185,185,0.0,0.0,Ferguson,,104.0,2021-08-23,2004-10-19,False,p487117,0,0,0,0,0,0,0,0,0,0,0,0,0,0.0,0.0,0.0,0.0,0,0,0,0,0,0.00,0.00,0.00,0.00,,,,,,,[],https://www.brightonandhovealbion.com/media-article/fabian-hurzeler-reflects-on-a-successful-training-camp?srsltid=AfmBOoq6Qw6fHwT9Mxn5PIGBhoGos01rwVude5hxVRG_7iMPpS-YkOIf&utm_source=chatgpt.com,312.0,19.0,312.0,19.0,312.0,19.0,312.0,19.0,0.0,0.0,0.0,0.0,0.0,0.0,329.0,55.0,476.0,45.0,476.0,45.0,514.0,68.0,0.0,0.0,0.0,Brighton,5.0
True,True,100.0,100.0,222694,0,0,0,0,0.1,-20,"[{'offset': 0, 'projected_percent': '0.0', 'likelihood': 0}, {'offset': 1, 'projected_percent': '-12.6', 'likelihood': -1}, {'offset': 2, 'projected_percent': '-25.2', 'likelihood': -2}]",,False,0,2,2.2,2.2,0,Pascal,0.0,328,False,,2026-08-15T20:30:07.523574Z,50,222694.jpg,0.0,False,Struijk,0.2,False,,a,5,36,0,502,502,437,437,0.0,0.0,Struijk,,152.0,2026-06-30,1999-08-11,False,p222694,0,0,0,0,0,0,0,0,0,0,0,0,0,0.0,0.0,0.0,0.0,0,0,0,0,0,0.00,0.00,0.00,0.00,,,,,,,[],,262.0,137.0,262.0,137.0,262.0,137.0,262.0,137.0,0.0,0.0,0.0,0.0,0.0,0.0,279.0,50.0,439.0,168.0,439.0,168.0,324.0,122.0,0.0,0.0,0.0,Brighton,5.0
True,True,,,610799,0,0,0,0,1.4,290,"[{'offset': 0, 'projected_percent': '2.2', 'likelihood': 1}, {'offset': 1, 'projected_percent': '6.5', 'likelihood': 1}, {'offset': 2, 'projected_percent': '10.7', 'likelihood': 1}]",,False,0,2,2.2,2.2,6,Luka,6.0,504,False,,,50,610799.jpg,6.0,False,Vušković,2.5,False,,a,5,36,6,4674,4674,2035,2035,1.2,1.2,Vuskovic,,97.0,2026-07-14,2007-02-24,False,p610799,90,0,0,1,0,0,0,0,0,0,0,0,19,0.0,0.0,0.0,0.0,4,2,0,4,1,0.19,0.03,0.22,0.31,,,,,,,[],,367.0,163.0,367.0,163.0,367.0,163.0,367.0,163.0,0.19,0.0,0.03,0.22,0.31,0.0,384.0,76.0,49.0,22.0,49.0,22.0,114.0,47.0,1.0,1.0,4.0,Brighton,5.0
True,True,,,538007,0,0,0,0,0.0,0,"[{'offset': 0, 'projected_percent': '0.0', 'likelihood': 0}, {'offset': 1, 'projected_percent': '0.0', 'likelihood': 0}, {'offset': 2, 'projected_percent': '0.0', 'likelihood': 0}]",2026-09-01T14:01:16.200061Z,False,0,4,2.0,2.0,0,Promise,0.0,594,False,,,60,538007.jpg,0.0,False,David,0.3,False,,a,5,36,0,871,871,644,644,0.0,0.0,David,,39.0,2026-08-18,2001-07-03,False,p538007,0,0,0,0,0,0,0,0,0,0,0,0,0,0.0,0.0,0.0,0.0,0,0,0,0,0,0.00,0.00,0.00,0.00,,,,,2.0,,[],,540.0,57.0,540.0,57.0,540.0,57.0,540.0,57.0,0.0,0.0,0.0,0.0,0.0,0.0,102.0,25.0,573.0,63.0,573.0,63.0,311.0,52.0,0.0,0.0,0.0,Brighton,6.0
True,True,,,612855,0,0,0,0,0.0,0,"[{'offset': 0, 'projected_percent': '0.0', 'likelihood': 0}, {'offset': 1, 'projected_percent': '0.0', 'likelihood': 0}, {'offset': 2, 'projected_percent': '0.0', 'likelihood': 0}]",2026-09-03T13:04:41.322924Z,False,0,3,1.5,1.5,1,Ibrahim,1.0,600,False,,,50,612855.jpg,1.0,False,Osman,0.0,False,,a,5,36,1,70,70,33,33,0.2,0.2,Osman,,81.0,2024-07-01,2004-11-29,False,p612855,12,0,0,0,0,0,0,0,0,0,0,0,7,0.0,0.0,0.0,0.0,0,2,0,2,0,0.00,0.05,0.05,0.00,,,,,,,[],,368.0,120.0,368.0,120.0,368.0,120.0,368.0,120.0,0.0,0.0,0.38,0.38,0.0,0.0,385.0,230.0,211.0,93.0,211.0,93.0,570.0,242.0,0.0,0.0,15.0,Brighton,5.0
True,True,,,611695,0,0,0,0,0.0,0,"[{'offset': 0, 'projected_percent': '0', 'likelihood': 0}, {'offset': 1, 'projected_percent': '0', 'likelihood': 0}, {'offset': 2, 'projected_percent': '0', 'likelihood': 0}]",2026-09-05T18:19:45.373499Z,True,0,3,,,0,Malick,0.0,605,False,,,45,611695.jpg,0.0,False,Yalcouyé,0.0,False,,a,5,36,0,0,0,0,0,0.0,0.0,Yalcouyé,,,,,False,p611695,0,0,0,0,0,0,0,0,0,0,0,0,0,0.0,0.0,0.0,0.0,0,0,0,0,0,0.00,0.00,0.00,0.00,,,,,,,[],,,,,,,,,,0.0,0.0,0.0,0.0,0.0,0.0,,,,,,,,,0.0,0.0,0.0,Brighton,4.5
True,True,,,244850,0,0,0,0,2.0,108,"[{'offset': 0, 'projected_percent': '2.3', 'likelihood': 1}, {'offset': 1, 'projected_percent': '3.9', 'likelihood': 1}, {'offset': 2, 'projected_percent': '5.4', 'likelihood': 1}]",,False,0,3,2.6,2.6,0,Morgan,0.0,40,False,,,75,244850.jpg,0.0,False,Rogers,24.4,False,,a,6,8,0,17001,17001,13614,13614,0.0,0.0,Rogers,,241.0,2026-07-21,2002-07-26,False,p244850,0,0,0,0,0,0,0,0,0,0,0,0,0,0.0,0.0,0.0,0.0,0,0,0,0,0,0.00,0.00,0.00,0.00,4.0,,,,,,[],,586.0,255.0,586.0,255.0,586.0,255.0,586.0,255.0,0.0,0.0,0.0,0.0,0.0,0.0,16.0,9.0,594.0,262.0,594.0,262.0,12.0,6.0,0.0,0.0,0.0,Chelsea,7.5
True,True,75.0,75.0,56979,0,0,0,0,-5.4,-5,"[{'offset': 0, 'projected_percent': '-7.3', 'likelihood': -1}, {'offset': 1, 'projected_percent': '-17.0', 'likelihood': -1}, {'offset': 2, 'projected_percent': '-26.8', 'likelihood': -2}]",,False,0,3,1.1,1.1,0,Jordan,0.0,101,False,Wrist injury - 75% chance of playing,2026-08-09T09:30:07.136250Z,50,56979.jpg,0.0,False,Henderson,0.0,False,,d,6,8,0,92,92,168,168,0.0,0.0,Henderson,Jordan Henderson,241.0,2026-08-03,1990-06-17,False,p56979,0,0,0,0,0,0,0,0,0,0,0,0,0,0.0,0.0,0.0,0.0,0,0,0,0,0,0.00,0.00,0.00,0.00,,,,,,,[],,208.0,29.0,208.0,29.0,208.0,29.0,208.0,29.0,0.0,0.0,0.0,0.0,0.0,0.0,225.0,139.0,407.0,151.0,407.0,151.0,497.0,207.0,0.0,0.0,0.0,Chelsea,5.0
True,True,75.0,75.0,50175,0,0,0,0,-16.2,-326,"[{'offset': 0, 'projected_percent': '-20.8', 'likelihood': -2}, {'offset': 1, 'projected_percent': '-44.4', 'likelihood': -3}, {'offset': 2, 'projected_percent': '-67.9', 'likelihood': -4}]",,False,0,4,1.5,1.5,0,Danny,0.0,136,False,Unspecified injury - 75% chance of playing,2026-08-20T14:00:07.949090Z,60,50175.jpg,0.0,False,Welbeck,1.1,False,,d,6,8,0,250,250,6060,6060,0.0,0.0,Welbeck,,241.0,2026-08-01,1990-11-26,False,p50175,0,0,0,0,0,0,0,0,0,0,0,0,0,0.0,0.0,0.0,0.0,0,0,0,0,0,0.00,0.00,0.00,0.00,,,,,,,[],https://www.chelseafc.com/en/news/article/xabi-alonso-delivers-the-latest-chelsea-team-news-ahead-of-fulham,495.0,45.0,495.0,45.0,495.0,45.0,495.0,45.0,0.0,0.0,0.0,0.0,0.0,0.0,57.0,13.0,561.0,60.0,561.0,60.0,182.0,27.0,0.0,0.0,0.0,Chelsea,6.0
True,True,,,215059,0,0,0,0,0.3,73,"[{'offset': 0, 'projected_percent': '0.5', 'likelihood': 1}, {'offset': 1, 'projected_percent': '1.6', 'likelihood': 1}, {'offset': 2, 'projected_percent': '2.6', 'likelihood': 1}]",,False,0,1,2.6,2.6,0,Robert,0.0,140,False,,,50,215059.jpg,0.0,False,Lynch Sánchez,2.4,False,,a,6,8,0,2494,2494,2103,2103,0.0,0.0,Sánchez,,200.0,2023-08-05,1997-11-18,False,p215059,0,0,0,0,0,0,0,0,0,0,0,0,0,0.0,0.0,0.0,0.0,0,0,0,0,0,0.00,0.00,0.00,0.00,,,,,,,[],,252.0,54.0,252.0,54.0,252.0,54.0,252.0,54.0,0.0,0.0,0.0,0.0,0.0,0.0,269.0,12.0,433.0,62.0,433.0,62.0,116.0,18.0,0.0,0.0,0.0,Chelsea,5.0
True,False,0.0,0.0,508479,0,0,0,0,0.0,-10,"[{'offset': 0, 'projected_percent': '0.0', 'likelihood': 0}, {'offset': 1, 'projected_percent': '0.0', 'likelihood': 0}, {'offset': 2, 'projected_percent': '0.0', 'likelihood': 0}]",,False,0,1,0.0,0.0,0,Filip,0.0,141,False,Has joined RC Strasbourg on loan for the rest of the season,2026-08-12T14:07:02.607115Z,50,508479.jpg,0.0,False,Jörgensen,0.0,False,,u,6,8,0,0,0,239,239,0.0,0.0,Jörgensen,,58.0,2024-07-30,2002-04-16,False,p508479,0,0,0,0,0,0,0,0,0,0,0,0,0,0.0,0.0,0.0,0.0,0,0,0,0,0,0.00,0.00,0.00,0.00,,,,,,,[],,333.0,63.0,333.0,63.0,333.0,63.0,333.0,63.0,0.0,0.0,0.0,0.0,0.0,0.0,350.0,21.0,490.0,67.0,490.0,67.0,555.0,65.0,0.0,0.0,0.0,Chelsea,5.0
True,True,,,225796,0,0,0,0,7.4,454,"[{'offset': 0, 'projected_percent': '8.7', 'likelihood': 1}, {'offset': 1, 'projected_percent': '15.3', 'likelihood': 1}, {'offset': 2, 'projected_percent': '22.0', 'likelihood': 2}]",,False,0,2,2.5,2.5,0,Reece,0.0,142,False,,,55,225796.jpg,0.0,False,James,10.3,False,,a,6,8,0,19951,19951,7193,7193,0.0,0.0,James,,241.0,2019-05-15,1999-12-08,False,p225796,0,0,0,0,0,0,0,0,0,0,0,0,0,0.0,0.0,0.0,0.0,0,0,0,0,0,0.00,0.00,0.00,0.00,1.0,,1.0,,,,[],,414.0,171.0,414.0,171.0,414.0,171.0,414.0,171.0,0.0,0.0,0.0,0.0,0.0,0.0,145.0,16.0,529.0,188.0,529.0,188.0,38.0,14.0,0.0,0.0,0.0,Chelsea,5.5
True,False,0.0,0.0,180736,0,0,0,0,0.0,-112,"[{'offset': 0, 'projected_percent': '0.0', 'likelihood': 0}, {'offset': 1, 'projected_percent': '0.0', 'likelihood': 0}, {'offset': 2, 'projected_percent': '0.0', 'likelihood': 0}]",,False,0,2,0.0,0.0,0,Trevoh,0.0,143,False,Has joined Como permanently,2026-08-10T14:03:50.769483Z,55,180736.jpg,0.0,False,Chalobah,0.2,False,,u,6,8,0,0,0,3357,3357,0.0,0.0,Chalobah,,241.0,2018-02-16,1999-07-05,False,p180736,0,0,0,0,0,0,0,0,0,0,0,0,0,0.0,0.0,0.0,0.0,0,0,0,0,0,0.00,0.00,0.00,0.00,,,,,,,[],,395.0,167.0,395.0,167.0,395.0,167.0,395.0,167.0,0.0,0.0,0.0,0.0,0.0,0.0,126.0,12.0,518.0,185.0,518.0,185.0,359.0,137.0,0.0,0.0,0.0,Chelsea,5.5
True,True,,,482609,0,0,0,0,1.3,62,"[{'offset': 0, 'projected_percent': '1.4', 'likelihood': 1}, {'offset': 1, 'projected_percent': '2.3', 'likelihood': 1}, {'offset': 2, 'projected_percent': '3.3', 'likelihood': 1}]",,False,0,2,2.2,2.2,0,Malo,0.0,144,False,,,50,482609.jpg,0.0,False,Gusto,1.2,False,,a,6,8,0,3605,3605,1624,1624,0.0,0.0,Gusto,,73.0,2023-01-28,2003-05-19,False,p482609,0,0,0,0,0,0,0,0,0,0,0,0,0,0.0,0.0,0.0,0.0,0,0,0,0,0,0.00,0.00,0.00,0.00,,,,,,,[],,308.0,150.0,308.0,150.0,308.0,150.0,308.0,150.0,0.0,0.0,0.0,0.0,0.0,0.0,325.0,63.0,473.0,176.0,473.0,176.0,175.0,70.0,0.0,0.0,0.0,Chelsea,5.0
True,True,0.0,0.0,444463,0,0,0,0,-5.4,0,"[{'offset': 0, 'projected_percent': '-5.4', 'likelihood': -1}, {'offset': 1, 'projected_percent': '-5.4', 'likelihood': -1}, {'offset': 2, 'projected_percent': '-5.4', 'likelihood': -1}]",,False,0,2,0.0,0.0,0,Wesley,0.0,145,False,Suspended until 6 Sep,2026-07-23T12:01:23.464591Z,50,444463.jpg,0.0,False,Fofana,0.0,False,,s,6,8,0,38,38,72,72,0.0,0.0,Fofana,Wesley Fofana,73.0,2022-08-31,2000-12-17,False,p444463,0,0,0,0,0,0,0,0,0,0,0,0,0,0.0,0.0,0.0,0.0,0,0,0,0,0,0.00,0.00,0.00,0.00,,,,,,,[],,287.0,143.0,287.0,143.0,287.0,143.0,287.0,143.0,0.0,0.0,0.0,0.0,0.0,0.0,304.0,56.0,458.0,172.0,458.0,172.0,568.0,192.0,0.0,0.0,0.0,Chelsea,5.0
True,True,,,242880,0,0,0,0,0.0,1,"[{'offset': 0, 'projected_percent': '0.0', 'likelihood': 0}, {'offset': 1, 'projected_percent': '0.0', 'likelihood': 0}, {'offset': 2, 'projected_percent': '0.0', 'likelihood': 0}]",,False,0,2,1.7,1.7,0,Benoît,0.0,146,False,,,45,242880.jpg,0.0,False,Badiashile Mukinayi,0.0,False,,a,6,8,0,127,127,106,106,0.0,0.0,B.Badiashile,,73.0,2023-01-05,2001-03-26,False,p242880,0,0,0,0,0,0,0,0,0,0,0,0,0,0.0,0.0,0.0,0.0,0,0,0,0,0,0.00,0.00,0.00,0.00,,,,,,,[],,126.0,86.0,126.0,86.0,126.0,86.0,126.0,86.0,0.0,0.0,0.0,0.0,0.0,0.0,452.0,113.0,349.0,138.0,349.0,138.0,526.0,178.0,0.0,0.0,0.0,Chelsea,4.5
True,True,,,109646,0,0,0,0,-2.8,-6,"[{'offset': 0, 'projected_percent': '-3.6', 'likelihood': -1}, {'offset': 1, 'projected_percent': '-8.1', 'likelihood': -1}, {'offset': 2, 'projected_percent': '-12.5', 'likelihood': -1}]",,False,0,2,1.7,1.7,0,Tosin,0.0,147,False,,,45,109646.jpg,0.0,False,Adarabioyo,0.2,False,,a,6,8,0,121,121,249,249,0.0,0.0,Tosin,,241.0,2024-07-01,1997-09-24,False,p109646,0,0,0,0,0,0,0,0,0,0,0,0,0,0.0,0.0,0.0,0.0,0,0,0,0,0,0.00,0.00,0.00,0.00,,,,,,,[],,85.0,57.0,85.0,57.0,85.0,57.0,85.0,57.0,0.0,0.0,0.0,0.0,0.0,0.0,411.0,84.0,322.0,122.0,322.0,122.0,338.0,129.0,0.0,0.0,0.0,Chelsea,4.5
True,True,,,551210,0,0,0,0,0.0,-5,"[{'offset': 0, 'projected_percent': '0.0', 'likelihood': 0}, {'offset': 1, 'projected_percent': '-1.1', 'likelihood': -1}, {'offset': 2, 'projected_percent': '-2.7', 'likelihood': -1}]",,False,0,2,1.7,1.7,0,Jorrel,0.0,148,False,,,45,551210.jpg,0.0,False,Hato,0.5,False,,a,6,8,0,637,637,643,643,0.0,0.0,Hato,,152.0,2025-08-03,2006-03-07,False,p551210,0,0,0,0,0,0,0,0,0,0,0,0,0,0.0,0.0,0.0,0.0,0,0,0,0,0,0.00,0.00,0.00,0.00,,,,,,,[],,178.0,112.0,178.0,112.0,178.0,112.0,178.0,112.0,0.0,0.0,0.0,0.0,0.0,0.0,504.0,139.0,382.0,152.0,382.0,152.0,261.0,97.0,0.0,0.0,0.0,Chelsea,4.5
True,True,,,460028,0,0,0,0,1.0,79,"[{'offset': 0, 'projected_percent': '1.2', 'likelihood': 1}, {'offset': 1, 'projected_percent': '2.4', 'likelihood': 1}, {'offset': 2, 'projected_percent': '3.6', 'likelihood': 1}]",,False,0,2,2.2,2.2,0,Levi,0.0,149,False,,,50,460028.jpg,0.0,False,Samuels Colwill,1.6,False,,a,6,8,0,3302,3302,1652,1652,0.0,0.0,Colwill,,241.0,2022-07-01,2003-02-26,False,p460028,0,0,0,0,0,0,0,0,0,0,0,0,0,0.0,0.0,0.0,0.0,0,0,0,0,0,0.00,0.00,0.00,0.00,,,,,,,[],,294.0,146.0,294.0,146.0,294.0,146.0,294.0,146.0,0.0,0.0,0.0,0.0,0.0,0.0,311.0,59.0,465.0,175.0,465.0,175.0,147.0,62.0,0.0,0.0,0.0,Chelsea,5.0
True,True,,,574458,0,0,0,0,0.0,-7,"[{'offset': 0, 'projected_percent': '0.0', 'likelihood': 0}, {'offset': 1, 'projected_percent': '-8.7', 'likelihood': -1}, {'offset': 2, 'projected_percent': '-21.1', 'likelihood': -2}]",,False,0,2,1.7,1.7,0,Mamadou,0.0,150,False,,,45,574458.jpg,0.0,False,Sarr,0.1,False,,a,6,8,0,213,213,152,152,0.0,0.0,M.Sarr,Mamadou Sarr,189.0,2025-06-09,2005-08-29,False,p574458,0,0,0,0,0,0,0,0,0,0,0,0,0,0.0,0.0,0.0,0.0,0,0,0,0,0,0.00,0.00,0.00,0.00,,,,,,,[],,186.0,114.0,186.0,114.0,186.0,114.0,186.0,114.0,0.0,0.0,0.0,0.0,0.0,0.0,512.0,141.0,389.0,154.0,389.0,154.0,444.0,155.0,0.0,0.0,0.0,Chelsea,4.5
True,True,,,577016,0,0,0,0,0.0,-7,"[{'offset': 0, 'projected_percent': '0.0', 'likelihood': 0}, {'offset': 1, 'projected_percent': '-3.2', 'likelihood': -1}, {'offset': 2, 'projected_percent': '-7.0', 'likelihood': -1}]",,False,0,2,1.7,1.7,0,Josh,0.0,151,False,,,45,577016.jpg,0.0,False,Acheampong,0.3,False,,a,6,8,0,457,457,448,448,0.0,0.0,Acheampong,,241.0,2024-03-10,2006-05-05,False,p577016,0,0,0,0,0,0,0,0,0,0,0,0,0,0.0,0.0,0.0,0.0,0,0,0,0,0,0.00,0.00,0.00,0.00,,,,,,,[],,189.0,116.0,189.0,116.0,189.0,116.0,189.0,116.0,0.0,0.0,0.0,0.0,0.0,0.0,515.0,143.0,391.0,155.0,391.0,155.0,300.0,112.0,0.0,0.0,0.0,Chelsea,4.5
True,True,,,620109,0,0,0,0,0.7,51,"[{'offset': 0, 'projected_percent': '0.8', 'likelihood': 1}, {'offset': 1, 'projected_percent': '1.6', 'likelihood': 1}, {'offset': 2, 'projected_percent': '2.3', 'likelihood': 1}]",,False,0,2,2.5,2.5,0,Marco,0.0,152,False,,,55,620109.jpg,0.0,False,Palestra,3.0,False,,a,6,8,0,3190,3190,1906,1906,0.0,0.0,Palestra,,106.0,2026-07-01,2005-03-03,False,p620109,0,0,0,0,0,0,0,0,0,0,0,0,0,0.0,0.0,0.0,0.0,0,0,0,0,0,0.00,0.00,0.00,0.00,,,,,,,[],,491.0,189.0,491.0,189.0,491.0,189.0,491.0,189.0,0.0,0.0,0.0,0.0,0.0,0.0,222.0,34.0,559.0,194.0,559.0,194.0,105.0,41.0,0.0,0.0,0.0,Chelsea,5.5
True,True,,,220362,0,0,0,0,0.0,-3,"[{'offset': 0, 'projected_percent': '0.0', 'likelihood': 0}, {'offset': 1, 'projected_percent': '-0.3', 'likelihood': -1}, {'offset': 2, 'projected_percent': '-6.2', 'likelihood': -1}]",,False,0,2,1.7,1.7,0,Axel,0.0,153,False,,,45,220362.jpg,0.0,False,Disasi,0.1,False,,a,6,8,0,207,207,148,148,0.0,0.0,Disasi,,73.0,2023-08-04,1998-03-11,False,p220362,0,0,0,0,0,0,0,0,0,0,0,0,0,0.0,0.0,0.0,0.0,0,0,0,0,0,0.00,0.00,0.00,0.00,,,,,,,[],,111.0,74.0,111.0,74.0,111.0,74.0,111.0,74.0,0.0,0.0,0.0,0.0,0.0,0.0,437.0,101.0,340.0,131.0,340.0,131.0,466.0,162.0,0.0,0.0,0.0,Chelsea,4.5
True,True,,,244851,0,0,0,0,0.6,143,"[{'offset': 0, 'projected_percent': '1.0', 'likelihood': 1}, {'offset': 1, 'projected_percent': '3.1', 'likelihood': 1}, {'offset': 2, 'projected_percent': '5.2', 'likelihood': 1}]",,False,0,3,3.2,3.2,0,Cole,0.0,154,False,,,95,244851.jpg,0.0,False,Palmer,10.6,False,,a,6,8,0,8420,8420,6130,6130,0.0,0.0,Palmer,,241.0,2023-09-01,2002-05-06,False,p244851,0,0,0,0,0,0,0,0,0,0,0,0,0,0.0,0.0,0.0,0.0,0,0,0,0,0,0.00,0.00,0.00,0.00,,,3.0,,1.0,,[],,602.0,265.0,602.0,265.0,602.0,265.0,602.0,265.0,0.0,0.0,0.0,0.0,0.0,0.0,4.0,3.0,601.0,265.0,601.0,265.0,36.0,13.0,0.0,0.0,0.0,Chelsea,9.5
True,True,,,448047,0,0,0,0,1.0,73,"[{'offset': 0, 'projected_percent': '1.2', 'likelihood': 1}, {'offset': 1, 'projected_percent': '2.3', 'likelihood': 1}, {'offset': 2, 'projected_percent': '3.4', 'likelihood': 1}]",,False,0,3,2.5,2.5,0,Enzo,0.0,155,False,,,70,448047.jpg,0.0,False,Fernández,5.3,False,,a,6,8,0,7494,7494,6283,6283,0.0,0.0,Enzo,,10.0,2023-01-31,2001-01-17,False,p448047,0,0,0,0,0,0,0,0,0,0,0,0,0,0.0,0.0,0.0,0.0,0,0,0,0,0,0.00,0.00,0.00,0.00,3.0,,2.0,,2.0,,[],,581.0,253.0,581.0,253.0,581.0,253.0,581.0,253.0,0.0,0.0,0.0,0.0,0.0,0.0,29.0,19.0,592.0,261.0,592.0,261.0,65.0,21.0,0.0,0.0,0.0,Chelsea,7.0
True,True,,,247632,0,0,0,0,0.1,13,"[{'offset': 0, 'projected_percent': '0.1', 'likelihood': 1}, {'offset': 1, 'projected_percent': '0.3', 'likelihood': 1}, {'offset': 2, 'projected_percent': '0.5', 'likelihood': 1}]",,False,0,3,2.3,2.3,0,Pedro,0.0,156,False,,,65,247632.jpg,0.0,False,Lomba Neto,1.4,False,,a,6,8,0,2015,2015,2017,2017,0.0,0.0,Neto,Pedro Neto,173.0,2024-08-11,2000-03-09,False,p247632,0,0,0,0,0,0,0,0,0,0,0,0,0,0.0,0.0,0.0,0.0,0,0,0,0,0,0.00,0.00,0.00,0.00,2.0,,4.0,,,,[],,561.0,237.0,561.0,237.0,561.0,237.0,561.0,237.0,0.0,0.0,0.0,0.0,0.0,0.0,42.0,29.0,582.0,254.0,582.0,254.0,166.0,50.0,0.0,0.0,0.0,Chelsea,6.5
True,True,,,624773,0,0,0,0,-1.3,-19,"[{'offset': 0, 'projected_percent': '-1.7', 'likelihood': -1}, {'offset': 1, 'projected_percent': '-3.9', 'likelihood': -1}, {'offset': 2, 'projected_percent': '-6.1', 'likelihood': -1}]",,False,0,3,2.3,2.3,0,Estêvão,0.0,157,False,,,65,624773.jpg,0.0,False,Almeida de Oliveira Gonçalves,1.3,False,,a,6,8,0,2208,2208,2647,2647,0.0,0.0,Estêvão,Estêvão,30.0,2025-07-14,2007-04-24,False,p624773,0,0,0,0,0,0,0,0,0,0,0,0,0,0.0,0.0,0.0,0.0,0,0,0,0,0,0.00,0.00,0.00,0.00,5.0,,,,3.0,,[],,574.0,247.0,574.0,247.0,574.0,247.0,574.0,247.0,0.0,0.0,0.0,0.0,0.0,0.0,55.0,39.0,589.0,259.0,589.0,259.0,170.0,53.0,0.0,0.0,0.0,Chelsea,6.5
True,True,,,463936,0,0,0,0,-4.4,-4,"[{'offset': 0, 'projected_percent': '-7.5', 'likelihood': -1}, {'offset': 1, 'projected_percent': '-23.2', 'likelihood': -2}, {'offset': 2, 'projected_percent': '-38.9', 'likelihood': -2}]",,False,0,3,2.1,2.1,0,Jamie,0.0,158,False,,,60,463936.jpg,0.0,False,Bynoe-Gittens,0.0,False,,a,6,8,0,95,95,122,122,0.0,0.0,Gittens,,241.0,2025-07-05,2004-08-08,False,p463936,0,0,0,0,0,0,0,0,0,0,0,0,0,0.0,0.0,0.0,0.0,0,0,0,0,0,0.00,0.00,0.00,0.00,,,,,,,[],,527.0,212.0,527.0,212.0,527.0,212.0,527.0,212.0,0.0,0.0,0.0,0.0,0.0,0.0,89.0,57.0,569.0,245.0,569.0,245.0,503.0,211.0,0.0,0.0,0.0,Chelsea,6.0
True,True,,,486672,0,0,0,0,0.5,-18,"[{'offset': 0, 'projected_percent': '0.5', 'likelihood': 1}, {'offset': 1, 'projected_percent': '0.2', 'likelihood': 1}, {'offset': 2, 'projected_percent': '-0.1', 'likelihood': -1}]",,False,0,3,2.0,2.0,0,Moisés,0.0,159,False,,,55,486672.jpg,0.0,False,Caicedo Corozo,4.0,False,,a,6,8,0,6213,6213,5871,5871,0.0,0.0,Caicedo,Moisés Caicedo,62.0,2023-08-14,2001-11-02,False,p486672,0,0,0,0,0,0,0,0,0,0,0,0,0,0.0,0.0,0.0,0.0,0,0,0,0,0,0.00,0.00,0.00,0.00,,,,,,,[],,459.0,172.0,459.0,172.0,459.0,172.0,459.0,172.0,0.0,0.0,0.0,0.0,0.0,0.0,190.0,116.0,545.0,230.0,545.0,230.0,81.0,27.0,0.0,0.0,0.0,Chelsea,5.5
True,True,,,514356,0,0,0,0,0.0,1,"[{'offset': 0, 'projected_percent': '0.0', 'likelihood': 0}, {'offset': 1, 'projected_percent': '0.0', 'likelihood': 0}, {'offset': 2, 'projected_percent': '0.1', 'likelihood': 1}]",,False,0,3,1.5,1.5,0,Roméo,0.0,161,False,,,50,514356.jpg,0.0,False,Lavia,0.1,False,,a,6,8,0,149,149,134,134,0.0,0.0,Lavia,,21.0,2023-08-18,2004-01-06,False,p514356,0,0,0,0,0,0,0,0,0,0,0,0,0,0.0,0.0,0.0,0.0,0,0,0,0,0,0.00,0.00,0.00,0.00,,,,,,,[],,337.0,95.0,337.0,95.0,337.0,95.0,337.0,95.0,0.0,0.0,0.0,0.0,0.0,0.0,354.0,205.0,492.0,196.0,492.0,196.0,473.0,193.0,0.0,0.0,0.0,Chelsea,5.0
True,True,,,491007,0,0,0,0,0.0,-20,"[{'offset': 0, 'projected_percent': '-2.6', 'likelihood': -1}, {'offset': 1, 'projected_percent': '-17.1', 'likelihood': -1}, {'offset': 2, 'projected_percent': '-31.6', 'likelihood': -2}]",,False,0,3,1.0,1.0,0,Dário,0.0,163,False,,,45,491007.jpg,0.0,False,Luís Essugo,0.2,False,,a,6,8,0,494,494,561,561,0.0,0.0,D.Essugo,Dário Essugo,173.0,2025-06-02,2005-03-14,False,p491007,0,0,0,0,0,0,0,0,0,0,0,0,0,0.0,0.0,0.0,0.0,0,0,0,0,0,0.00,0.00,0.00,0.00,,,,,,,[],,157.0,11.0,157.0,11.0,157.0,11.0,157.0,11.0,0.0,0.0,0.0,0.0,0.0,0.0,483.0,249.0,362.0,134.0,362.0,134.0,342.0,120.0,0.0,0.0,0.0,Chelsea,4.5
True,True,100.0,100.0,593117,0,0,0,0,-6.3,-4,"[{'offset': 0, 'projected_percent': '-9.0', 'likelihood': -1}, {'offset': 1, 'projected_percent': '-23.0', 'likelihood': -2}, {'offset': 2, 'projected_percent': '-37.0', 'likelihood': -2}]",,False,0,3,2.0,2.0,0,Geovany,0.0,164,False,,2026-07-24T20:30:10.609931Z,55,593117.jpg,0.0,False,Quenda,0.0,False,,a,6,8,0,65,65,119,119,0.0,0.0,Quenda,Geovany Quenda,173.0,2026-06-15,2007-04-30,False,p593117,0,0,0,0,0,0,0,0,0,0,0,0,0,0.0,0.0,0.0,0.0,0,0,0,0,0,0.00,0.00,0.00,0.00,,,,,,,[],,488.0,193.0,488.0,193.0,488.0,193.0,488.0,193.0,0.0,0.0,0.0,0.0,0.0,0.0,219.0,137.0,556.0,239.0,556.0,239.0,493.0,205.0,0.0,0.0,0.0,Chelsea,5.5
True,True,,,475168,0,0,0,0,12.9,1742,"[{'offset': 0, 'projected_percent': '17.8', 'likelihood': 1}, {'offset': 1, 'projected_percent': '43.4', 'likelihood': 3}, {'offset': 2, 'projected_percent': '69.0', 'likelihood': 4}]",,False,0,4,2.4,2.4,0,João Pedro,0.0,165,False,,,75,475168.jpg,0.0,False,Junqueira de Jesus,64.0,False,,a,6,8,0,35095,35095,10657,10657,0.0,0.0,João Pedro,João Pedro,30.0,2025-07-02,2001-09-26,False,p475168,0,0,0,0,0,0,0,0,0,0,0,0,0,0.0,0.0,0.0,0.0,0,0,0,0,0,0.00,0.00,0.00,0.00,,,,,,,[],,589.0,67.0,589.0,67.0,589.0,67.0,589.0,67.0,0.0,0.0,0.0,0.0,0.0,0.0,19.0,7.0,596.0,69.0,596.0,69.0,2.0,2.0,0.0,0.0,0.0,Chelsea,7.5
True,True,,,517052,0,0,0,0,0.0,25,"[{'offset': 0, 'projected_percent': '0.1', 'likelihood': 1}, {'offset': 1, 'projected_percent': '0.4', 'likelihood': 1}, {'offset': 2, 'projected_percent': '0.8', 'likelihood': 1}]",,False,0,4,2.1,2.1,0,Nicolas,0.0,166,False,,,65,517052.jpg,0.0,False,Jackson,0.4,False,,a,6,8,0,929,929,931,931,0.0,0.0,N.Jackson,,189.0,2023-07-01,2001-06-20,False,p517052,0,0,0,0,0,0,0,0,0,0,0,0,0,0.0,0.0,0.0,0.0,0,0,0,0,0,0.00,0.00,0.00,0.00,,,,,,,[],,571.0,62.0,571.0,62.0,571.0,62.0,571.0,62.0,0.0,0.0,0.0,0.0,0.0,0.0,52.0,12.0,588.0,66.0,588.0,66.0,281.0,49.0,0.0,0.0,0.0,Chelsea,6.5
True,True,,,463034,0,0,0,0,-4.9,-25,"[{'offset': 0, 'projected_percent': '-6.4', 'likelihood': -1}, {'offset': 1, 'projected_percent': '-14.6', 'likelihood': -1}, {'offset': 2, 'projected_percent': '-22.7', 'likelihood': -2}]",,False,0,4,1.8,1.8,0,Liam,0.0,167,False,,,55,463034.jpg,0.0,False,Delap,0.5,False,,a,6,8,0,674,674,1102,1102,0.0,0.0,Delap,,241.0,2025-06-04,2003-02-08,False,p463034,0,0,0,0,0,0,0,0,0,0,0,0,0,0.0,0.0,0.0,0.0,0,0,0,0,0,0.00,0.00,0.00,0.00,,,,,4.0,,[],,442.0,36.0,442.0,36.0,442.0,36.0,442.0,36.0,0.0,0.0,0.0,0.0,0.0,0.0,173.0,40.0,539.0,57.0,539.0,57.0,263.0,46.0,0.0,0.0,0.0,Chelsea,5.5
True,True,,,499309,0,0,0,0,-0.8,-33,"[{'offset': 0, 'projected_percent': '-2.8', 'likelihood': -1}, {'offset': 1, 'projected_percent': '-12.8', 'likelihood': -1}, {'offset': 2, 'projected_percent': '-22.9', 'likelihood': -2}]",,False,0,4,1.4,1.4,0,Marc,0.0,168,False,,,50,499309.jpg,0.0,False,Guiu Paz,0.5,False,,a,6,8,0,910,910,1108,1108,0.0,0.0,Marc Guiu,,200.0,2024-07-01,2006-01-04,False,p499309,0,0,0,0,0,0,0,0,0,0,0,0,0,0.0,0.0,0.0,0.0,0,0,0,0,0,0.00,0.00,0.00,0.00,,,,,,,[],,326.0,20.0,326.0,20.0,326.0,20.0,326.0,20.0,0.0,0.0,0.0,0.0,0.0,0.0,343.0,56.0,487.0,46.0,487.0,46.0,257.0,45.0,0.0,0.0,0.0,Chelsea,5.0
True,True,,,567119,0,0,0,0,0.1,-7,"[{'offset': 0, 'projected_percent': '0.1', 'likelihood': 1}, {'offset': 1, 'projected_percent': '-0.4', 'likelihood': -1}, {'offset': 2, 'projected_percent': '-3.4', 'likelihood': -1}]",,False,0,4,1.0,1.0,0,Shumaira,0.0,169,False,,,45,567119.jpg,0.0,False,Mheuka,0.4,False,,a,6,8,0,960,960,835,835,0.0,0.0,Mheuka,,,,,False,p567119,0,0,0,0,0,0,0,0,0,0,0,0,0,0.0,0.0,0.0,0.0,0,0,0,0,0,0.00,0.00,0.00,0.00,,,,,,,[],,184.0,8.0,184.0,8.0,184.0,8.0,184.0,8.0,0.0,0.0,0.0,0.0,0.0,0.0,510.0,68.0,387.0,37.0,387.0,37.0,282.0,50.0,0.0,0.0,0.0,Chelsea,4.5
True,True,100.0,100.0,503037,0,0,0,0,0.1,-3,"[{'offset': 0, 'projected_percent': '0.1', 'likelihood': 1}, {'offset': 1, 'projected_percent': '0.1', 'likelihood': 1}, {'offset': 2, 'projected_percent': '0.0', 'likelihood': 0}]",,False,0,4,1.4,1.4,0,Emmanuel,0.0,170,False,,2026-07-24T20:30:10.622380Z,50,503037.jpg,0.0,False,Emegha,0.2,False,,a,6,8,0,664,664,479,479,0.0,0.0,Emegha,,152.0,2026-06-15,2003-02-03,False,p503037,0,0,0,0,0,0,0,0,0,0,0,0,0,0.0,0.0,0.0,0.0,0,0,0,0,0,0.00,0.00,0.00,0.00,,,,,,,[],,331.0,21.0,331.0,21.0,331.0,21.0,331.0,21.0,0.0,0.0,0.0,0.0,0.0,0.0,348.0,57.0,489.0,47.0,489.0,47.0,380.0,58.0,0.0,0.0,0.0,Chelsea,5.0
True,True,,,437499,0,0,0,0,-0.6,-51,"[{'offset': 0, 'projected_percent': '-0.7', 'likelihood': -1}, {'offset': 1, 'projected_percent': '-1.6', 'likelihood': -1}, {'offset': 2, 'projected_percent': '-2.4', 'likelihood': -1}]",,False,0,2,2.8,2.8,0,Maxence,0.0,200,False,,,60,437499.jpg,0.0,False,Lacroix,9.1,False,,a,6,8,0,7715,7715,9120,9120,0.0,0.0,Lacroix,,73.0,2026-07-30,2000-04-06,False,p437499,0,0,0,0,0,0,0,0,0,0,0,0,0,0.0,0.0,0.0,0.0,0,0,0,0,0,0.00,0.00,0.00,0.00,,,,,,,[],,518.0,193.0,518.0,193.0,518.0,193.0,518.0,193.0,0.0,0.0,0.0,0.0,0.0,0.0,80.0,8.0,566.0,195.0,566.0,195.0,46.0,17.0,0.0,0.0,0.0,Chelsea,6.0
True,True,,,549939,0,0,0,0,-3.5,-6,"[{'offset': 0, 'projected_percent': '-6.0', 'likelihood': -1}, {'offset': 1, 'projected_percent': '-18.8', 'likelihood': -1}, {'offset': 2, 'projected_percent': '-31.6', 'likelihood': -2}]",,False,0,1,1.9,1.9,0,Mike,0.0,560,False,,,45,549939.jpg,0.0,False,Penders,0.1,False,,a,6,8,0,76,76,128,128,0.0,0.0,Penders,,21.0,2024-08-27,2005-07-31,False,p549939,0,0,0,0,0,0,0,0,0,0,0,0,0,0.0,0.0,0.0,0.0,0,0,0,0,0,0.00,0.00,0.00,0.00,,,,,,,[],,176.0,45.0,176.0,45.0,176.0,45.0,176.0,45.0,0.0,0.0,0.0,0.0,0.0,0.0,502.0,46.0,380.0,56.0,380.0,56.0,455.0,50.0,0.0,0.0,0.0,Chelsea,4.5
True,True,,,622758,0,0,0,0,0.0,1,"[{'offset': 0, 'projected_percent': '0.0', 'likelihood': 0}, {'offset': 1, 'projected_percent': '0.0', 'likelihood': 0}, {'offset': 2, 'projected_percent': '0.1', 'likelihood': 1}]",,False,0,2,1.7,1.7,0,Aaron,0.0,561,False,,,45,622758.jpg,0.0,False,Anselmino,0.0,False,,a,6,8,0,81,81,48,48,0.0,0.0,Anselmino,,10.0,2024-08-08,2005-04-29,False,p622758,0,0,0,0,0,0,0,0,0,0,0,0,0,0.0,0.0,0.0,0.0,0,0,0,0,0,0.00,0.00,0.00,0.00,,,,,,,[],,202.0,121.0,202.0,121.0,202.0,121.0,202.0,121.0,0.0,0.0,0.0,0.0,0.0,0.0,528.0,148.0,401.0,158.0,401.0,158.0,536.0,184.0,0.0,0.0,0.0,Chelsea,4.5
True,True,,,543158,0,0,0,0,-4.5,-12,"[{'offset': 0, 'projected_percent': '-6.8', 'likelihood': -1}, {'offset': 1, 'projected_percent': '-18.7', 'likelihood': -1}, {'offset': 2, 'projected_percent': '-30.6', 'likelihood': -2}]",,False,0,3,2.0,2.0,0,Valentín,0.0,568,False,,,55,543158.jpg,0.0,False,Barco,0.1,False,,a,6,8,0,101,101,246,246,0.0,0.0,Barco,,10.0,2026-08-02,2004-07-23,False,p543158,0,0,0,0,0,0,0,0,0,0,0,0,0,0.0,0.0,0.0,0.0,0,0,0,0,0,0.00,0.00,0.00,0.00,,,,,,,[],,472.0,183.0,472.0,183.0,472.0,183.0,472.0,183.0,0.0,0.0,0.0,0.0,0.0,0.0,203.0,127.0,549.0,234.0,549.0,234.0,385.0,146.0,0.0,0.0,0.0,Chelsea,5.5
True,True,,,465920,0,0,0,0,0.0,0,"[{'offset': 0, 'projected_percent': '0.0', 'likelihood': 0}, {'offset': 1, 'projected_percent': '0.0', 'likelihood': 0}, {'offset': 2, 'projected_percent': '0.0', 'likelihood': 0}]",2026-08-25T13:54:19.353958Z,False,0,3,2.0,2.0,0,Mykhailo,0.0,578,False,,,55,465920.jpg,0.0,False,Mudryk,0.0,False,,a,6,8,0,96,96,153,153,0.0,0.0,Mudryk,,225.0,2023-01-15,2001-01-05,False,p465920,0,0,0,0,0,0,0,0,0,0,0,0,0,0.0,0.0,0.0,0.0,0,0,0,0,0,0.00,0.00,0.00,0.00,,,,,,,[],,447.0,164.0,447.0,164.0,447.0,164.0,447.0,164.0,0.0,0.0,0.0,0.0,0.0,0.0,178.0,108.0,541.0,226.0,541.0,226.0,480.0,196.0,0.0,0.0,0.0,Chelsea,5.5
True,True,,,498444,0,0,0,0,0.0,0,"[{'offset': 0, 'projected_percent': '0.0', 'likelihood': 0}, {'offset': 1, 'projected_percent': '0.0', 'likelihood': 0}, {'offset': 2, 'projected_percent': '0.0', 'likelihood': 0}]",2026-08-26T13:59:02.213705Z,False,0,2,2.2,2.2,0,Pep,0.0,583,False,,,50,498444.jpg,0.0,False,Chavarría,0.2,False,,a,6,8,0,343,343,248,248,0.0,0.0,Chavarria,,200.0,2026-08-12,1998-04-10,False,p498444,0,0,0,0,0,0,0,0,0,0,0,0,0,0.0,0.0,0.0,0.0,0,0,0,0,0,0.00,0.00,0.00,0.00,,,,,,,[],,325.0,157.0,325.0,157.0,325.0,157.0,325.0,157.0,0.0,0.0,0.0,0.0,0.0,0.0,342.0,70.0,486.0,181.0,486.0,181.0,340.0,130.0,0.0,0.0,0.0,Chelsea,5.0
True,True,,,428580,0,0,0,0,0.1,-1,"[{'offset': 0, 'projected_percent': '0.1', 'likelihood': 1}, {'offset': 1, 'projected_percent': '0.1', 'likelihood': 1}, {'offset': 2, 'projected_percent': '0.1', 'likelihood': 1}]",,False,0,3,1.5,1.5,2,Frank,2.0,104,False,,,50,428580.jpg,2.0,False,Onyeka,0.2,False,,a,7,9,2,454,454,343,343,0.4,0.4,Onyeka,,157.0,2026-07-01,1998-01-01,False,p428580,90,0,0,0,3,0,0,0,0,0,0,0,8,0.0,0.0,0.0,0.0,3,5,1,9,1,0.00,0.01,0.01,1.88,,,,,,,[],,279.0,67.0,279.0,67.0,279.0,67.0,279.0,67.0,0.0,0.0,0.01,0.01,1.88,3.0,296.0,177.0,118.0,54.0,118.0,54.0,378.0,143.0,1.0,0.0,9.0,Coventry City,5.0
True,True,,,472739,0,0,0,0,0.2,16,"[{'offset': 0, 'projected_percent': '0.2', 'likelihood': 1}, {'offset': 1, 'projected_percent': '0.5', 'likelihood': 1}, {'offset': 2, 'projected_percent': '0.7', 'likelihood': 1}]",,False,0,1,1.9,1.9,1,Carl,1.0,110,False,,,45,472739.jpg,1.0,False,Rushworth,1.2,False,,a,7,9,1,1254,1254,1011,1011,0.2,0.2,Rushworth,,241.0,2026-08-04,2001-07-02,False,p472739,90,0,0,0,3,0,0,0,0,0,2,0,0,0.0,0.0,0.0,0.0,1,7,0,0,1,0.00,0.01,0.01,1.88,,,,,,,[],,148.0,38.0,148.0,38.0,148.0,38.0,148.0,38.0,0.0,2.0,0.01,0.01,1.88,3.0,474.0,39.0,181.0,15.0,181.0,15.0,180.0,26.0,1.0,0.0,0.0,Coventry City,4.5
True,True,,,484389,0,0,0,0,-2.4,-35,"[{'offset': 0, 'projected_percent': '-3.1', 'likelihood': -1}, {'offset': 1, 'projected_percent': '-6.4', 'likelihood': -1}, {'offset': 2, 'projected_percent': '-9.7', 'likelihood': -1}]",,False,0,1,1.0,1.0,0,Oliver,0.0,171,False,,,40,484389.jpg,0.0,False,Dovin,1.6,False,,a,7,9,0,432,432,1297,1297,0.0,0.0,Dovin,,206.0,2024-07-19,2002-07-11,False,p484389,0,0,0,0,0,0,0,0,0,0,0,0,0,0.0,0.0,0.0,0.0,0,0,0,0,0,0.00,0.00,0.00,0.00,,,,,,,[],,45.0,17.0,45.0,17.0,45.0,17.0,45.0,17.0,0.0,0.0,0.0,0.0,0.0,0.0,578.0,64.0,292.0,35.0,292.0,35.0,149.0,21.0,0.0,0.0,0.0,Coventry City,4.0
True,True,,,110690,0,0,0,0,-7.8,-35,"[{'offset': 0, 'projected_percent': '-9.9', 'likelihood': -1}, {'offset': 1, 'projected_percent': '-20.6', 'likelihood': -2}, {'offset': 2, 'projected_percent': '-31.4', 'likelihood': -2}]",,False,0,1,1.9,1.9,0,Ben,0.0,172,False,,,45,110690.jpg,0.0,False,Wilson,0.5,False,,a,7,9,0,48,48,766,766,0.0,0.0,Wilson,,241.0,2019-07-01,1992-08-09,False,p110690,0,0,0,0,0,0,0,0,0,0,0,0,0,0.0,0.0,0.0,0.0,0,0,0,0,0,0.00,0.00,0.00,0.00,,,,,,,[],,86.0,27.0,86.0,27.0,86.0,27.0,86.0,27.0,0.0,0.0,0.0,0.0,0.0,0.0,412.0,28.0,323.0,44.0,323.0,44.0,254.0,35.0,0.0,0.0,0.0,Coventry City,4.5
True,True,,,461102,0,0,0,0,2.4,73,"[{'offset': 0, 'projected_percent': '2.6', 'likelihood': 1}, {'offset': 1, 'projected_percent': '3.7', 'likelihood': 1}, {'offset': 2, 'projected_percent': '4.7', 'likelihood': 1}]",,False,0,2,1.0,1.0,3,Bobby,3.0,173,False,,,40,461102.jpg,3.0,False,Thomas,8.1,False,,a,7,9,3,8526,8526,4103,4103,0.8,0.8,Thomas,,241.0,2023-07-22,2001-01-30,False,p461102,90,0,0,0,3,0,0,0,0,0,0,0,11,0.0,0.0,0.0,0.0,9,2,1,10,1,0.02,0.01,0.03,1.88,,,,,,,[],,41.0,26.0,41.0,26.0,41.0,26.0,41.0,26.0,0.02,0.0,0.01,0.03,1.88,3.0,574.0,174.0,75.0,31.0,75.0,31.0,54.0,21.0,1.0,0.0,10.0,Coventry City,4.0
True,True,,,436761,0,0,0,0,-6.4,-51,"[{'offset': 0, 'projected_percent': '-8.6', 'likelihood': -1}, {'offset': 1, 'projected_percent': '-19.6', 'likelihood': -1}, {'offset': 2, 'projected_percent': '-30.7', 'likelihood': -2}]",,False,0,2,1.0,1.0,0,Liam,0.0,174,False,,,40,436761.jpg,0.0,False,Kitching,0.7,False,,a,7,9,0,139,139,1037,1037,0.0,0.0,Kitching,,241.0,2023-09-01,1999-09-25,False,p436761,0,0,0,0,0,0,0,0,0,0,0,0,0,0.0,0.0,0.0,0.0,0,0,0,0,0,0.00,0.00,0.00,0.00,,,,,,,[],,34.0,21.0,34.0,21.0,34.0,21.0,34.0,21.0,0.0,0.0,0.0,0.0,0.0,0.0,567.0,169.0,285.0,98.0,285.0,98.0,224.0,86.0,0.0,0.0,0.0,Coventry City,4.0
True,True,,,451284,0,0,0,0,-0.3,-103,"[{'offset': 0, 'projected_percent': '-0.5', 'likelihood': -1}, {'offset': 1, 'projected_percent': '-1.7', 'likelihood': -1}, {'offset': 2, 'projected_percent': '-2.8', 'likelihood': -1}]",,False,0,2,1.0,1.0,1,Milan,1.0,175,False,,,40,451284.jpg,1.0,False,van Ewijk,13.7,False,,a,7,9,1,8158,8158,10551,10551,0.2,0.2,van Ewijk,,152.0,2023-07-27,2000-09-08,False,p451284,90,0,0,0,3,0,0,0,0,0,0,0,-8,0.0,0.0,0.0,0.0,6,3,1,7,1,0.00,0.01,0.01,1.88,,,,,,,[],,39.0,24.0,39.0,24.0,39.0,24.0,39.0,24.0,0.0,0.0,0.01,0.01,1.88,3.0,572.0,172.0,163.0,54.0,163.0,54.0,30.0,10.0,1.0,0.0,7.0,Coventry City,4.0
True,True,,,173878,0,0,0,0,-0.6,-23,"[{'offset': 0, 'projected_percent': '-1.4', 'likelihood': -1}, {'offset': 1, 'projected_percent': '-5.5', 'likelihood': -1}, {'offset': 2, 'projected_percent': '-9.6', 'likelihood': -1}]",,False,0,2,1.0,1.0,1,Jay,1.0,176,False,,,40,173878.jpg,1.0,False,Dasilva,0.9,False,,a,7,9,1,598,598,786,786,0.2,0.2,Dasilva,,244.0,2023-07-01,1998-04-22,False,p173878,90,0,0,0,3,0,0,0,0,0,0,0,-4,0.0,0.0,0.0,0.0,6,1,0,6,1,0.00,0.02,0.02,1.88,,,,,,,[],,19.0,9.0,19.0,9.0,19.0,9.0,19.0,9.0,0.0,0.0,0.02,0.02,1.88,3.0,552.0,157.0,161.0,52.0,161.0,52.0,208.0,77.0,1.0,0.0,6.0,Coventry City,4.0
True,True,,,465390,0,0,0,0,-7.4,-6,"[{'offset': 0, 'projected_percent': '-10.2', 'likelihood': -1}, {'offset': 1, 'projected_percent': '-24.9', 'likelihood': -2}, {'offset': 2, 'projected_percent': '-39.6', 'likelihood': -2}]",,False,0,2,1.0,1.0,0,Kaine,0.0,177,False,,,40,465390.jpg,0.0,False,Kesler-Hayden,0.1,False,,a,7,9,0,47,47,145,145,0.0,0.0,Kesler-Hayden,,241.0,2025-07-01,2002-10-23,False,p465390,0,0,0,0,0,0,0,0,0,0,0,0,0,0.0,0.0,0.0,0.0,0,0,0,0,0,0.00,0.00,0.00,0.00,,,,,,,[],,43.0,27.0,43.0,27.0,43.0,27.0,43.0,27.0,0.0,0.0,0.0,0.0,0.0,0.0,576.0,175.0,290.0,100.0,290.0,100.0,463.0,161.0,0.0,0.0,0.0,Coventry City,4.0
True,True,,,80178,0,0,0,0,0.0,-4,"[{'offset': 0, 'projected_percent': '0.0', 'likelihood': 0}, {'offset': 1, 'projected_percent': '-3.3', 'likelihood': -1}, {'offset': 2, 'projected_percent': '-9.9', 'likelihood': -1}]",,False,0,2,1.0,1.0,0,Jake,0.0,178,False,,,40,80178.jpg,0.0,False,Bidwell,0.1,False,,a,7,9,0,269,269,219,219,0.0,0.0,Bidwell,,241.0,2022-01-17,1993-03-21,False,p80178,0,0,0,0,0,0,0,0,0,0,0,0,0,0.0,0.0,0.0,0.0,0,0,0,0,0,0.00,0.00,0.00,0.00,,,,,,,[],,6.0,1.0,6.0,1.0,6.0,1.0,6.0,1.0,0.0,0.0,0.0,0.0,0.0,0.0,539.0,149.0,268.0,89.0,268.0,89.0,431.0,151.0,0.0,0.0,0.0,Coventry City,4.0
True,True,,,204813,0,0,0,0,-5.0,-2,"[{'offset': 0, 'projected_percent': '-6.4', 'likelihood': -1}, {'offset': 1, 'projected_percent': '-13.4', 'likelihood': -1}, {'offset': 2, 'projected_percent': '-20.4', 'likelihood': -2}]",,False,0,2,1.0,1.0,0,Joel,0.0,179,False,,,40,204813.jpg,0.0,False,Latibeaudiere,0.0,False,,a,7,9,0,44,44,98,98,0.0,0.0,Latibeaudiere,,107.0,2023-07-18,2000-01-06,False,p204813,0,0,0,0,0,0,0,0,0,0,0,0,0,0.0,0.0,0.0,0.0,0,0,0,0,0,0.00,0.00,0.00,0.00,,,,,,,[],,23.0,13.0,23.0,13.0,23.0,13.0,23.0,13.0,0.0,0.0,0.0,0.0,0.0,0.0,556.0,161.0,278.0,94.0,278.0,94.0,496.0,172.0,0.0,0.0,0.0,Coventry City,4.0
True,True,,,220583,0,0,0,0,-4.3,-4,"[{'offset': 0, 'projected_percent': '-4.9', 'likelihood': -1}, {'offset': 1, 'projected_percent': '-7.8', 'likelihood': -1}, {'offset': 2, 'projected_percent': '-10.7', 'likelihood': -1}]",,False,0,2,1.0,1.0,0,Luke,0.0,180,False,,,40,220583.jpg,0.0,False,Woolfenden,0.2,False,,a,7,9,0,231,231,398,398,0.0,0.0,Woolfenden,,241.0,2025-09-01,1998-10-21,False,p220583,0,0,0,0,0,0,0,0,0,0,0,0,0,0.0,0.0,0.0,0.0,0,0,0,0,0,0.00,0.00,0.00,0.00,,,,,,,[],,28.0,17.0,28.0,17.0,28.0,17.0,28.0,17.0,0.0,0.0,0.0,0.0,0.0,0.0,561.0,165.0,281.0,96.0,281.0,96.0,361.0,138.0,0.0,0.0,0.0,Coventry City,4.0
True,True,,,577411,0,0,0,0,-0.8,-1,"[{'offset': 0, 'projected_percent': '-1.6', 'likelihood': -1}, {'offset': 1, 'projected_percent': '-5.8', 'likelihood': -1}, {'offset': 2, 'projected_percent': '-10.0', 'likelihood': -1}]",,False,0,2,1.0,1.0,0,Miguel,0.0,181,False,,,40,577411.jpg,0.0,False,Brau,0.0,False,,a,7,9,0,62,62,74,74,0.0,0.0,Brau,,200.0,2025-07-01,2001-12-27,False,p577411,0,0,0,0,0,0,0,0,0,0,0,0,0,0.0,0.0,0.0,0.0,0,0,0,0,0,0.00,0.00,0.00,0.00,,,,,,,[],,60.0,41.0,60.0,41.0,60.0,41.0,60.0,41.0,0.0,0.0,0.0,0.0,0.0,0.0,593.0,189.0,305.0,112.0,305.0,112.0,498.0,173.0,0.0,0.0,0.0,Coventry City,4.0
True,True,,,539142,0,0,0,0,-0.5,3,"[{'offset': 0, 'projected_percent': '-0.4', 'likelihood': -1}, {'offset': 1, 'projected_percent': '0.0', 'likelihood': 0}, {'offset': 2, 'projected_percent': '0.0', 'likelihood': 0}]",,False,0,2,1.0,1.0,1,Aurèle,1.0,182,False,,,40,539142.jpg,1.0,False,Amenda,0.9,False,,a,7,9,1,685,685,867,867,0.2,0.2,Amenda,,207.0,2026-07-16,2003-07-31,False,p539142,90,0,0,0,3,0,0,0,0,0,0,0,1,0.0,0.0,0.0,0.0,9,4,0,9,1,0.00,0.01,0.01,1.88,,,,,,,[],,54.0,35.0,54.0,35.0,54.0,35.0,54.0,35.0,0.0,0.0,0.01,0.01,1.88,3.0,587.0,183.0,164.0,55.0,164.0,55.0,206.0,75.0,1.0,0.0,9.0,Coventry City,4.0
True,True,100.0,100.0,480457,0,0,0,0,-4.7,-5,"[{'offset': 0, 'projected_percent': '-5.7', 'likelihood': -1}, {'offset': 1, 'projected_percent': '-10.4', 'likelihood': -1}, {'offset': 2, 'projected_percent': '-15.1', 'likelihood': -1}]",,False,0,3,1.5,1.5,1,Jack,1.0,183,False,,2026-07-23T12:01:23.481435Z,50,480457.jpg,1.0,False,Rudoni,0.1,False,,a,7,9,1,187,187,320,320,0.2,0.2,Rudoni,,241.0,2024-06-20,2001-06-14,False,p480457,20,0,0,0,0,0,0,0,0,0,0,0,3,0.0,0.0,0.0,0.0,0,4,1,5,0,0.15,0.00,0.15,0.29,3.0,,1.0,,,,[],,306.0,78.0,306.0,78.0,306.0,78.0,306.0,78.0,0.68,0.0,0.0,0.68,1.3,0.0,323.0,188.0,200.0,85.0,200.0,85.0,386.0,147.0,0.0,0.0,22.5,Coventry City,5.0
True,True,,,168144,0,0,0,0,0.1,-9,"[{'offset': 0, 'projected_percent': '0.1', 'likelihood': 1}, {'offset': 1, 'projected_percent': '-1.0', 'likelihood': -1}, {'offset': 2, 'projected_percent': '-7.4', 'likelihood': -1}]",,False,0,3,1.5,1.5,2,Matt,2.0,184,False,,,50,168144.jpg,2.0,False,Grimes,0.2,False,,a,7,9,2,521,521,338,338,0.4,0.4,Grimes,,241.0,2025-01-31,1995-07-15,False,p168144,90,0,0,0,3,0,0,0,0,0,0,0,14,0.0,0.0,0.0,0.0,4,3,0,7,1,0.00,0.01,0.01,1.88,1.0,,,,3.0,,[],,230.0,40.0,230.0,40.0,230.0,40.0,230.0,40.0,0.0,0.0,0.01,0.01,1.88,3.0,247.0,150.0,111.0,51.0,111.0,51.0,349.0,126.0,1.0,0.0,7.0,Coventry City,5.0
True,True,,,501459,0,0,0,0,-14.9,-13,"[{'offset': 0, 'projected_percent': '-18.3', 'likelihood': -1}, {'offset': 1, 'projected_percent': '-35.9', 'likelihood': -2}, {'offset': 2, 'projected_percent': '-53.5', 'likelihood': -3}]",,False,0,3,1.5,1.5,0,Tatsuhiro,0.0,185,False,,,50,501459.jpg,0.0,False,Sakamoto,0.1,False,,a,7,9,0,42,42,357,357,0.0,0.0,Sakamoto,,108.0,2023-07-10,1996-10-22,False,p501459,0,0,0,0,0,0,0,0,0,0,0,0,0,0.0,0.0,0.0,0.0,0,0,0,0,0,0.00,0.00,0.00,0.00,,,,,,,[],,329.0,90.0,329.0,90.0,329.0,90.0,329.0,90.0,0.0,0.0,0.0,0.0,0.0,0.0,346.0,200.0,488.0,195.0,488.0,195.0,414.0,162.0,0.0,0.0,0.0,Coventry City,5.0
True,True,100.0,100.0,241293,0,0,0,0,-15.4,-14,"[{'offset': 0, 'projected_percent': '-18.4', 'likelihood': -1}, {'offset': 1, 'projected_percent': '-33.9', 'likelihood': -2}, {'offset': 2, 'projected_percent': '-49.5', 'likelihood': -3}]",,False,0,3,2.0,2.0,0,Ephron,0.0,186,False,,2026-08-19T18:00:08.310507Z,55,241293.jpg,0.0,False,Mason-Clark,0.1,False,,a,7,9,0,59,59,428,428,0.0,0.0,Mason-Clark,,107.0,2024-02-01,1999-08-25,False,p241293,0,0,0,0,0,0,0,0,0,0,0,0,0,0.0,0.0,0.0,0.0,0,0,0,0,0,0.00,0.00,0.00,0.00,,,,,,,[],,418.0,148.0,418.0,148.0,418.0,148.0,418.0,148.0,0.0,0.0,0.0,0.0,0.0,0.0,149.0,92.0,531.0,222.0,531.0,222.0,395.0,154.0,0.0,0.0,0.0,Coventry City,5.5
True,True,,,439668,0,0,0,0,-17.5,0,"[{'offset': 0, 'projected_percent': '-17.5', 'likelihood': -1}, {'offset': 1, 'projected_percent': '-17.5', 'likelihood': -1}, {'offset': 2, 'projected_percent': '-17.5', 'likelihood': -1}]",,False,0,3,1.5,1.5,0,Josh,0.0,187,False,,,50,439668.jpg,0.0,False,Eccles,0.0,False,,a,7,9,0,17,17,66,66,0.0,0.0,Eccles,,241.0,2018-07-01,2000-04-06,False,p439668,0,0,0,0,0,0,0,0,0,0,0,0,0,0.0,0.0,0.0,0.0,0,0,0,0,0,0.00,0.00,0.00,0.00,,,,,,,[],,285.0,69.0,285.0,69.0,285.0,69.0,285.0,69.0,0.0,0.0,0.0,0.0,0.0,0.0,302.0,179.0,456.0,178.0,456.0,178.0,556.0,231.0,0.0,0.0,0.0,Coventry City,5.0
True,True,,,226965,0,0,0,0,-12.9,-16,"[{'offset': 0, 'projected_percent': '-15.6', 'likelihood': -1}, {'offset': 1, 'projected_percent': '-29.4', 'likelihood': -2}, {'offset': 2, 'projected_percent': '-43.2', 'likelihood': -3}]",,False,0,3,2.0,2.0,1,Victor,1.0,188,False,,,55,226965.jpg,1.0,False,Torp,0.2,False,,a,7,9,1,45,45,458,458,0.2,0.2,Torp,,58.0,2024-01-11,1999-07-30,False,p226965,28,0,0,0,0,0,0,0,0,0,0,0,8,0.0,0.0,0.0,0.0,1,0,0,1,0,0.00,0.11,0.11,0.32,2.0,,2.0,,2.0,,[],,415.0,146.0,415.0,146.0,415.0,146.0,415.0,146.0,0.0,0.0,0.35,0.35,1.03,0.0,146.0,90.0,226.0,104.0,226.0,104.0,368.0,135.0,0.0,0.0,3.21,Coventry City,5.5
True,True,,,684268,0,0,0,0,-4.4,-24,"[{'offset': 0, 'projected_percent': '-6.7', 'likelihood': -1}, {'offset': 1, 'projected_percent': '-18.2', 'likelihood': -1}, {'offset': 2, 'projected_percent': '-29.8', 'likelihood': -2}]",,False,0,3,1.0,1.0,0,George,0.0,189,False,,,45,684268.jpg,0.0,False,Shepherd,0.3,False,,a,7,9,0,373,373,723,723,0.0,0.0,Shepherd,,,,,False,p684268,0,0,0,0,0,0,0,0,0,0,0,0,0,0.0,0.0,0.0,0.0,0,0,0,0,0,0.00,0.00,0.00,0.00,,,,,,,[],,207.0,28.0,207.0,28.0,207.0,28.0,207.0,28.0,0.0,0.0,0.0,0.0,0.0,0.0,533.0,266.0,406.0,150.0,406.0,150.0,290.0,97.0,0.0,0.0,0.0,Coventry City,4.5
True,True,,,469272,0,0,0,0,0.0,-2,"[{'offset': 0, 'projected_percent': '0.0', 'likelihood': 0}, {'offset': 1, 'projected_percent': '0.0', 'likelihood': 0}, {'offset': 2, 'projected_percent': '-1.2', 'likelihood': -1}]",,False,0,3,2.0,2.0,2,Loum,2.0,190,False,,,55,469272.jpg,2.0,False,Tchaouna,0.2,False,,a,7,9,2,308,308,266,266,0.4,0.4,Tchaouna,,73.0,2026-07-11,2003-09-08,False,p469272,81,0,0,0,3,0,0,0,0,0,0,0,11,0.0,0.0,0.0,0.0,3,5,0,8,1,0.04,0.02,0.06,1.76,,,,,,,[],,449.0,165.0,449.0,165.0,449.0,165.0,449.0,165.0,0.04,0.0,0.02,0.06,1.96,3.33,180.0,109.0,131.0,63.0,131.0,63.0,383.0,145.0,1.11,0.0,8.89,Coventry City,5.5
True,True,,,492498,0,0,0,0,-6.1,-20,"[{'offset': 0, 'projected_percent': '-9.3', 'likelihood': -1}, {'offset': 1, 'projected_percent': '-26.0', 'likelihood': -2}, {'offset': 2, 'projected_percent': '-42.6', 'likelihood': -3}]",,False,0,3,1.0,1.0,0,Raphael,0.0,191,False,,,45,492498.jpg,0.0,False,Borges Rodrigues,0.2,False,,a,7,9,0,185,185,429,429,0.0,0.0,Borges Rodrigues,,13.0,2024-07-01,2003-09-11,False,p492498,0,0,0,0,0,0,0,0,0,0,0,0,0,0.0,0.0,0.0,0.0,0,0,0,0,0,0.00,0.00,0.00,0.00,,,,,,,[],,159.0,13.0,159.0,13.0,159.0,13.0,159.0,13.0,0.0,0.0,0.0,0.0,0.0,0.0,485.0,251.0,364.0,136.0,364.0,136.0,362.0,131.0,0.0,0.0,0.0,Coventry City,4.5
True,True,,,629397,0,0,0,0,-5.3,-56,"[{'offset': 0, 'projected_percent': '-7.7', 'likelihood': -1}, {'offset': 1, 'projected_percent': '-20.1', 'likelihood': -2}, {'offset': 2, 'projected_percent': '-32.5', 'likelihood': -2}]",,False,0,3,1.0,1.0,0,Kaine,0.0,192,False,,,45,629397.jpg,0.0,False,Andrews,0.7,False,,a,7,9,0,808,808,1610,1610,0.0,0.0,Andrews,,244.0,2023-08-11,2006-08-06,False,p629397,0,0,0,0,0,0,0,0,0,0,0,0,0,0.0,0.0,0.0,0.0,0,0,0,0,0,0.00,0.00,0.00,0.00,,,,,,,[],,203.0,25.0,203.0,25.0,203.0,25.0,203.0,25.0,0.0,0.0,0.0,0.0,0.0,0.0,529.0,263.0,402.0,147.0,402.0,147.0,226.0,73.0,0.0,0.0,0.0,Coventry City,4.5
True,True,0.0,0.0,176412,0,0,0,0,-21.0,-79,"[{'offset': 0, 'projected_percent': '-25.6', 'likelihood': -2}, {'offset': 1, 'projected_percent': '-49.4', 'likelihood': -3}, {'offset': 2, 'projected_percent': '-73.2', 'likelihood': -4}]",,False,0,4,0.0,0.0,0,Haji,0.0,193,False,Thigh injury - Unknown return date,2026-08-14T22:00:07.214508Z,55,176412.jpg,0.0,False,Wright,0.2,False,,i,7,9,0,34,34,1829,1829,0.0,0.0,Wright,,229.0,2023-08-04,1998-03-27,False,p176412,0,0,0,0,0,0,0,0,0,0,0,0,0,0.0,0.0,0.0,0.0,0,0,0,0,0,0.00,0.00,0.00,0.00,,,,,1.0,,[],https://www.ccfc.co.uk/news/2026/august/19/head-coach-frank-lampard-provides-an-update-on-haji-wright/,394.0,30.0,394.0,30.0,394.0,30.0,394.0,30.0,0.0,0.0,0.0,0.0,0.0,0.0,125.0,34.0,517.0,54.0,517.0,54.0,364.0,55.0,0.0,0.0,0.0,Coventry City,5.5
True,True,,,230730,0,0,0,0,0.8,38,"[{'offset': 0, 'projected_percent': '0.9', 'likelihood': 1}, {'offset': 1, 'projected_percent': '1.5', 'likelihood': 1}, {'offset': 2, 'projected_percent': '2.0', 'likelihood': 1}]",,False,0,4,1.4,1.4,2,Brandon,2.0,194,False,,,50,230730.jpg,2.0,False,Thomas-Asante,0.8,False,,a,7,9,2,2803,2803,1423,1423,0.4,0.4,Thomas-Asante,,81.0,2024-08-01,1998-12-29,False,p230730,69,0,0,0,3,0,0,0,0,0,0,0,9,0.0,0.0,0.0,0.0,5,1,0,6,1,0.00,0.02,0.02,1.60,,,,,4.0,,[],,267.0,16.0,267.0,16.0,267.0,16.0,267.0,16.0,0.0,0.0,0.03,0.03,2.09,3.91,284.0,52.0,117.0,10.0,117.0,10.0,214.0,35.0,1.3,0.0,7.83,Coventry City,5.0
True,True,,,218997,0,0,0,0,1.2,124,"[{'offset': 0, 'projected_percent': '1.6', 'likelihood': 1}, {'offset': 1, 'projected_percent': '3.4', 'likelihood': 1}, {'offset': 2, 'projected_percent': '5.2', 'likelihood': 1}]",,False,0,4,1.4,1.4,2,Ellis,2.0,195,False,,,50,218997.jpg,2.0,False,Simms,0.9,False,,a,7,9,2,3657,3657,1515,1515,0.4,0.4,Simms,,241.0,2023-07-07,2001-01-05,False,p218997,69,0,0,0,3,0,0,0,0,0,0,0,7,0.0,0.0,0.0,0.0,1,2,0,3,1,0.00,0.01,0.01,1.60,,,,,,,[],,256.0,14.0,256.0,14.0,256.0,14.0,256.0,14.0,0.0,0.0,0.01,0.01,2.09,3.91,273.0,50.0,115.0,9.0,115.0,9.0,198.0,31.0,1.3,0.0,3.91,Coventry City,5.0
True,False,0.0,0.0,551262,0,0,0,0,0.0,-13,"[{'offset': 0, 'projected_percent': '0.0', 'likelihood': 0}, {'offset': 1, 'projected_percent': '0.0', 'likelihood': 0}, {'offset': 2, 'projected_percent': '0.0', 'likelihood': 0}]",,False,0,4,0.0,0.0,0,Jahnoah,0.0,196,False,Has joined Shabab Al-Ahli Dubai permanently,2026-08-17T13:53:55.791223Z,50,551262.jpg,0.0,False,Markelo,0.0,False,,u,7,9,0,0,0,224,224,0.0,0.0,Markelo,,203.0,2026-01-27,2003-01-04,False,p551262,0,0,0,0,0,0,0,0,0,0,0,0,0,0.0,0.0,0.0,0.0,0,0,0,0,0,0.00,0.00,0.00,0.00,,,,,,,[],,354.0,22.0,354.0,22.0,354.0,22.0,354.0,22.0,0.0,0.0,0.0,0.0,0.0,0.0,371.0,58.0,502.0,48.0,502.0,48.0,554.0,70.0,0.0,0.0,0.0,Coventry City,5.0
True,False,0.0,0.0,549653,0,0,0,0,0.0,-4,"[{'offset': 0, 'projected_percent': '0.0', 'likelihood': 0}, {'offset': 1, 'projected_percent': '0.0', 'likelihood': 0}, {'offset': 2, 'projected_percent': '0.0', 'likelihood': 0}]",,False,0,4,0.0,0.0,0,Norman,0.0,197,False,Has joined KVC Westerlo on loan for the rest of the season,2026-07-28T12:58:50.001768Z,45,549653.jpg,0.0,False,Bassette,0.0,False,,u,7,9,0,0,0,287,287,0.0,0.0,Bassette,,,,,False,p549653,0,0,0,0,0,0,0,0,0,0,0,0,0,0.0,0.0,0.0,0.0,0,0,0,0,0,0.00,0.00,0.00,0.00,,,,,,,[],,175.0,5.0,175.0,5.0,175.0,5.0,175.0,5.0,0.0,0.0,0.0,0.0,0.0,0.0,501.0,65.0,379.0,35.0,379.0,35.0,488.0,66.0,0.0,0.0,0.0,Coventry City,4.5
True,True,,,210156,0,0,0,0,-6.1,-43,"[{'offset': 0, 'projected_percent': '-7.6', 'likelihood': -1}, {'offset': 1, 'projected_percent': '-15.4', 'likelihood': -1}, {'offset': 2, 'projected_percent': '-23.2', 'likelihood': -2}]",,False,0,4,1.8,1.8,1,Taiwo,1.0,492,False,,,55,210156.jpg,1.0,False,Awoniyi,0.8,False,,a,7,9,1,1002,1002,1969,1969,0.2,0.2,Awoniyi,,157.0,2026-08-17,1997-08-12,False,p210156,20,0,0,0,0,0,0,0,0,0,0,0,4,0.0,0.0,0.0,0.0,0,1,0,1,0,0.00,0.00,0.00,0.29,,,,,5.0,,[],,409.0,32.0,409.0,32.0,409.0,32.0,409.0,32.0,0.0,0.0,0.0,0.0,1.3,0.0,140.0,36.0,225.0,21.0,225.0,21.0,209.0,34.0,0.0,0.0,4.5,Coventry City,5.5
True,True,,,661888,0,0,0,0,-1.9,-18,"[{'offset': 0, 'projected_percent': '-3.9', 'likelihood': -1}, {'offset': 1, 'projected_percent': '-14.5', 'likelihood': -1}, {'offset': 2, 'projected_percent': '-25.1', 'likelihood': -2}]",,False,0,3,1.5,1.5,1,Caleb,1.0,575,False,,,50,661888.jpg,1.0,False,Yirenkyi,0.3,False,,a,7,9,1,277,277,691,691,0.2,0.2,Yirenkyi,,81.0,2026-08-07,2006-01-15,False,p661888,61,0,0,0,3,0,0,0,1,0,0,0,2,0.0,0.0,0.0,0.0,0,3,0,3,1,0.00,0.00,0.00,1.56,,,,,,,[],,378.0,126.0,378.0,126.0,378.0,126.0,378.0,126.0,0.0,0.0,0.0,0.0,2.3,4.43,395.0,236.0,217.0,98.0,217.0,98.0,315.0,108.0,1.48,0.0,4.43,Coventry City,5.0
True,True,,,196100,0,0,0,0,0.0,0,"[{'offset': 0, 'projected_percent': '0.0', 'likelihood': 0}, {'offset': 1, 'projected_percent': '0.0', 'likelihood': 0}, {'offset': 2, 'projected_percent': '0.0', 'likelihood': 0}]",2026-08-26T13:59:37.055111Z,False,0,3,2.0,2.0,1,Gustavo,1.0,584,False,,,55,196100.jpg,1.0,False,Hamer,0.2,False,,a,7,9,1,98,98,384,384,0.2,0.2,Hamer,,152.0,2026-08-11,1997-06-24,False,p196100,8,0,0,0,0,0,0,0,0,0,0,0,3,0.0,0.0,0.0,0.0,0,1,0,1,0,0.00,0.00,0.00,0.13,,,,,,,[],,398.0,136.0,398.0,136.0,398.0,136.0,398.0,136.0,0.0,0.0,0.0,0.0,1.46,0.0,129.0,80.0,222.0,102.0,222.0,102.0,382.0,144.0,0.0,0.0,11.25,Coventry City,5.5
True,True,,,627221,0,0,0,0,0.0,0,"[{'offset': 0, 'projected_percent': '0.0', 'likelihood': 0}, {'offset': 1, 'projected_percent': '0.0', 'likelihood': 0}, {'offset': 2, 'projected_percent': '0.0', 'likelihood': 0}]",2026-09-02T14:02:06.979982Z,False,0,4,1.4,1.4,0,Sidiki,0.0,599,False,,,50,627221.jpg,0.0,False,Cherif,0.1,False,,a,7,9,0,472,472,345,345,0.0,0.0,Cherif,,73.0,2026-08-19,2006-12-15,False,p627221,0,0,0,0,0,0,0,0,0,0,0,0,0,0.0,0.0,0.0,0.0,0,0,0,0,0,0.00,0.00,0.00,0.00,,,,,,,[],,371.0,23.0,371.0,23.0,371.0,23.0,371.0,23.0,0.0,0.0,0.0,0.0,0.0,0.0,388.0,59.0,509.0,49.0,509.0,49.0,430.0,62.0,0.0,0.0,0.0,Coventry City,5.0
True,True,,,485337,0,0,0,0,-2.3,2,"[{'offset': 0, 'projected_percent': '-0.8', 'likelihood': -1}, {'offset': 1, 'projected_percent': '0.0', 'likelihood': 0}, {'offset': 2, 'projected_percent': '0.1', 'likelihood': 1}]",,False,0,3,2.0,2.0,1,Evann,1.0,42,False,,,55,485337.jpg,1.0,False,Guessand,0.0,False,,a,8,31,1,129,129,152,152,0.2,0.2,Guessand,,54.0,2026-08-12,2001-07-01,False,p485337,27,0,0,0,0,0,0,0,0,0,0,0,3,0.0,0.0,0.0,0.0,0,0,1,1,0,0.03,0.02,0.05,0.14,,,,,,,[],,457.0,171.0,457.0,171.0,457.0,171.0,457.0,171.0,0.1,0.0,0.07,0.17,0.47,0.0,188.0,115.0,235.0,108.0,235.0,108.0,495.0,206.0,0.0,0.0,3.33,Crystal Palace,5.5
True,True,100.0,75.0,172649,0,0,0,0,-10.1,-39,"[{'offset': 0, 'projected_percent': '-10.7', 'likelihood': -1}, {'offset': 1, 'projected_percent': '-13.8', 'likelihood': -1}, {'offset': 2, 'projected_percent': '-17.0', 'likelihood': -1}]",,False,0,1,2.6,2.0,2,Dean,2.0,198,False,,2026-08-20T14:00:08.018379Z,50,172649.jpg,2.0,False,Henderson,1.9,False,,a,8,31,2,1254,1254,4508,4508,0.4,0.4,Henderson,Dean Henderson,241.0,2023-08-31,1997-03-12,False,p172649,90,0,0,0,2,0,0,0,0,0,3,0,14,0.0,0.0,0.0,0.0,3,13,0,0,1,0.00,0.00,0.00,1.12,,,,,,,[],,233.0,52.0,233.0,52.0,233.0,52.0,233.0,52.0,0.0,3.0,0.0,0.0,1.12,2.0,250.0,10.0,112.0,12.0,112.0,12.0,127.0,19.0,1.0,0.0,0.0,Crystal Palace,5.0
True,True,,,121709,0,0,0,0,-1.9,-10,"[{'offset': 0, 'projected_percent': '-4.2', 'likelihood': -1}, {'offset': 1, 'projected_percent': '-16.4', 'likelihood': -1}, {'offset': 2, 'projected_percent': '-28.6', 'likelihood': -2}]",,False,0,1,1.9,1.9,0,Walter,0.0,199,False,,,45,121709.jpg,0.0,False,Benítez,0.1,False,,a,8,31,0,169,169,244,244,0.0,0.0,Benitez,,10.0,2025-07-01,1993-01-19,False,p121709,0,0,0,0,0,0,0,0,0,0,0,0,0,0.0,0.0,0.0,0.0,0,0,0,0,0,0.00,0.00,0.00,0.00,,,,,,,[],,87.0,28.0,87.0,28.0,87.0,28.0,87.0,28.0,0.0,0.0,0.0,0.0,0.0,0.0,413.0,29.0,324.0,45.0,324.0,45.0,402.0,43.0,0.0,0.0,0.0,Crystal Palace,4.5
True,True,,,247348,0,0,0,0,-9.6,-1663,"[{'offset': 0, 'projected_percent': '-14.8', 'likelihood': -1}, {'offset': 1, 'projected_percent': '-41.5', 'likelihood': -3}, {'offset': 2, 'projected_percent': '-68.2', 'likelihood': -4}]",,False,0,2,2.5,2.5,0,Daniel,0.0,201,False,,,55,247348.jpg,0.0,False,Muñoz Mejía,9.5,False,,a,8,31,0,7526,7526,25054,25054,0.0,0.0,Muñoz,,48.0,2024-01-30,1996-05-26,False,p247348,54,0,0,0,2,0,0,0,0,0,0,0,-4,0.0,0.0,0.0,0.0,3,1,1,4,1,0.23,0.01,0.24,0.84,,,,,,,[],,422.0,173.0,422.0,173.0,422.0,173.0,422.0,173.0,0.38,0.0,0.02,0.4,1.4,3.33,153.0,18.0,533.0,189.0,533.0,189.0,44.0,16.0,1.67,0.0,6.67,Crystal Palace,5.5
True,True,,,427623,0,0,0,0,0.1,4,"[{'offset': 0, 'projected_percent': '0.2', 'likelihood': 1}, {'offset': 1, 'projected_percent': '0.2', 'likelihood': 1}, {'offset': 2, 'projected_percent': '0.3', 'likelihood': 1}]",,False,0,2,2.2,2.2,3,Chris,3.0,202,False,,,50,427623.jpg,3.0,False,Richards,0.8,False,,a,8,31,3,1240,1240,1093,1093,0.6,0.6,Richards,,229.0,2022-07-27,2000-03-28,False,p427623,90,0,0,0,2,0,0,0,0,0,0,0,13,0.0,0.0,0.0,0.0,14,1,2,16,1,0.00,0.00,0.00,1.12,,,,,,,[],,278.0,140.0,278.0,140.0,278.0,140.0,278.0,140.0,0.0,0.0,0.0,0.0,1.12,2.0,295.0,53.0,80.0,34.0,80.0,34.0,218.0,82.0,1.0,0.0,16.0,Crystal Palace,5.0
True,True,,,651426,0,0,0,0,-6.3,-40,"[{'offset': 0, 'projected_percent': '-9.9', 'likelihood': -1}, {'offset': 1, 'projected_percent': '-27.9', 'likelihood': -2}, {'offset': 2, 'projected_percent': '-45.9', 'likelihood': -3}]",,False,0,2,2.2,2.2,1,Jaydee,1.0,203,False,,,50,651426.jpg,1.0,False,Canvot,0.3,False,,a,8,31,1,297,297,715,715,0.2,0.2,Canvot,,73.0,2025-09-01,2006-07-29,False,p651426,90,0,0,0,2,0,0,0,0,0,0,0,9,0.0,0.0,0.0,0.0,4,3,4,8,1,0.05,0.01,0.06,1.12,,,,,,,[],,375.0,165.0,375.0,165.0,375.0,165.0,375.0,165.0,0.05,0.0,0.01,0.06,1.12,2.0,392.0,78.0,215.0,83.0,215.0,83.0,287.0,105.0,1.0,0.0,8.0,Crystal Palace,5.0
True,True,,,244723,0,0,0,0,-4.9,-486,"[{'offset': 0, 'projected_percent': '-7.3', 'likelihood': -1}, {'offset': 1, 'projected_percent': '-19.2', 'likelihood': -1}, {'offset': 2, 'projected_percent': '-31.2', 'likelihood': -2}]",,False,0,2,1.7,1.7,1,Tyrick,1.0,204,False,,,45,244723.jpg,1.0,False,Mitchell,6.2,False,,a,8,31,1,2706,2706,9645,9645,0.2,0.2,Mitchell,,241.0,2019-12-15,1999-09-01,False,p244723,90,0,0,0,2,0,0,0,0,0,0,0,9,0.0,0.0,0.0,0.0,3,4,2,5,1,0.00,0.01,0.01,1.12,,,,,,,[],,130.0,89.0,130.0,89.0,130.0,89.0,130.0,89.0,0.0,0.0,0.01,0.01,1.12,2.0,456.0,116.0,174.0,64.0,174.0,64.0,59.0,23.0,1.0,0.0,5.0,Crystal Palace,4.5
True,True,,,218364,0,0,0,0,-2.7,0,"[{'offset': 0, 'projected_percent': '-2.7', 'likelihood': -1}, {'offset': 1, 'projected_percent': '-2.7', 'likelihood': -1}, {'offset': 2, 'projected_percent': '-2.7', 'likelihood': -1}]",,False,0,2,1.7,1.7,0,Borna,0.0,205,False,,,45,218364.jpg,0.0,False,Sosa,0.0,False,,a,8,31,0,56,56,76,76,0.0,0.0,Sosa,,97.0,2025-07-11,1998-01-21,False,p218364,0,0,0,0,0,0,0,0,0,0,0,0,0,0.0,0.0,0.0,0.0,0,0,0,0,0,0.00,0.00,0.00,0.00,,,,,,,[],,110.0,73.0,110.0,73.0,110.0,73.0,110.0,73.0,0.0,0.0,0.0,0.0,0.0,0.0,436.0,100.0,339.0,130.0,339.0,130.0,517.0,176.0,0.0,0.0,0.0,Crystal Palace,4.5
True,True,50.0,,515621,0,0,0,0,-25.5,-49,"[{'offset': 0, 'projected_percent': '-36.7', 'likelihood': -2}, {'offset': 1, 'projected_percent': '-94.1', 'likelihood': -5}, {'offset': 2, 'projected_percent': '-151.5', 'likelihood': -5}]",,False,0,2,0.9,1.7,1,Chadi,1.0,206,False,Knee injury - 50% chance of playing,2026-08-22T18:00:07.352049Z,45,515621.jpg,1.0,False,Riad Dnanou,0.1,False,,d,8,31,1,230,230,782,782,0.2,0.2,Chadi Riad,,145.0,2024-07-02,2003-06-17,False,p515621,72,0,0,0,2,0,0,0,0,0,0,0,7,0.0,0.0,0.0,0.0,6,3,1,7,1,0.00,0.01,0.01,0.98,,,,,,,[],,168.0,108.0,168.0,108.0,168.0,108.0,168.0,108.0,0.0,0.0,0.01,0.01,1.22,2.5,494.0,135.0,185.0,73.0,185.0,73.0,459.0,160.0,1.25,0.0,8.75,Crystal Palace,4.5
True,True,,,242313,0,0,0,0,-12.2,-14,"[{'offset': 0, 'projected_percent': '-17.0', 'likelihood': -1}, {'offset': 1, 'projected_percent': '-41.6', 'likelihood': -3}, {'offset': 2, 'projected_percent': '-66.2', 'likelihood': -4}]",,False,0,2,1.7,1.7,0,Oscar,0.0,207,False,,,45,242313.jpg,0.0,False,Mingueza,0.1,False,,a,8,31,0,94,94,289,289,0.0,0.0,Mingueza,,200.0,2026-07-09,1999-05-13,False,p242313,0,0,0,0,0,0,0,0,0,0,0,0,0,0.0,0.0,0.0,0.0,0,0,0,0,0,0.00,0.00,0.00,0.00,,,,,,,[],,125.0,85.0,125.0,85.0,125.0,85.0,125.0,85.0,0.0,0.0,0.0,0.0,0.0,0.0,451.0,112.0,348.0,137.0,348.0,137.0,437.0,153.0,0.0,0.0,0.0,Crystal Palace,4.5
True,True,75.0,,232185,0,0,0,0,-32.7,-3258,"[{'offset': 0, 'projected_percent': '-45.1', 'likelihood': -3}, {'offset': 1, 'projected_percent': '-109.3', 'likelihood': -5}, {'offset': 2, 'projected_percent': '-173.4', 'likelihood': -5}]",,False,0,3,1.7,2.3,0,Ismaïla,0.0,208,False,Groin injury - 75% chance of playing,2026-08-22T18:00:07.363165Z,65,232185.jpg,0.0,False,Sarr,4.2,False,,d,8,31,0,1693,1693,43681,43681,0.0,0.0,Sarr,Ismaïla Sarr,189.0,2024-08-01,1998-02-25,False,p232185,0,0,0,0,0,0,0,0,0,0,0,0,0,0.0,0.0,0.0,0.0,0,0,0,0,0,0.00,0.00,0.00,0.00,,,,,2.0,,[],,559.0,235.0,559.0,235.0,559.0,235.0,559.0,235.0,0.0,0.0,0.0,0.0,0.0,0.0,40.0,27.0,581.0,253.0,581.0,253.0,76.0,24.0,0.0,0.0,0.0,Crystal Palace,6.5
True,True,100.0,100.0,496221,0,0,0,0,0.0,5,"[{'offset': 0, 'projected_percent': '0.0', 'likelihood': 0}, {'offset': 1, 'projected_percent': '0.1', 'likelihood': 1}, {'offset': 2, 'projected_percent': '0.2', 'likelihood': 1}]",,False,0,3,2.0,2.0,4,Adam,4.0,210,False,,2026-07-23T12:01:23.498963Z,55,496221.jpg,4.0,False,Wharton,0.9,False,,a,8,31,4,1578,1578,1526,1526,0.7,0.7,Wharton,,241.0,2024-02-01,2004-02-06,False,p496221,90,0,0,0,2,0,0,0,0,0,0,0,20,0.0,0.0,0.0,0.0,4,8,2,14,1,0.00,0.24,0.24,1.12,1.0,,,,,,[],,462.0,174.0,462.0,174.0,462.0,174.0,462.0,174.0,0.0,0.0,0.24,0.24,1.12,2.0,193.0,118.0,69.0,29.0,69.0,29.0,205.0,69.0,1.0,0.0,14.0,Crystal Palace,5.5
True,True,,,488024,0,0,0,0,-10.6,-37,"[{'offset': 0, 'projected_percent': '-15.9', 'likelihood': -1}, {'offset': 1, 'projected_percent': '-43.1', 'likelihood': -3}, {'offset': 2, 'projected_percent': '-70.3', 'likelihood': -4}]",,False,0,3,2.0,2.0,1,Yéremy,1.0,211,False,,,55,488024.jpg,1.0,False,Pino Santos,0.2,False,,a,8,31,1,78,78,491,491,0.2,0.2,Yeremy,,200.0,2025-08-29,2002-10-20,False,p488024,35,0,0,0,0,0,0,0,0,0,0,0,4,0.0,0.0,0.0,0.0,0,3,2,5,0,0.06,0.02,0.08,0.27,2.0,,1.0,,,,[],,460.0,173.0,460.0,173.0,460.0,173.0,460.0,173.0,0.15,0.0,0.05,0.2,0.69,0.0,191.0,117.0,237.0,109.0,237.0,109.0,343.0,121.0,0.0,0.0,12.86,Crystal Palace,5.5
True,True,,,108413,0,0,0,0,-3.9,-966,"[{'offset': 0, 'projected_percent': '-6.4', 'likelihood': -1}, {'offset': 1, 'projected_percent': '-18.8', 'likelihood': -1}, {'offset': 2, 'projected_percent': '-31.3', 'likelihood': -2}]",,False,0,3,1.0,1.0,0,Will,0.0,212,False,,,45,108413.jpg,0.0,False,Hughes,11.8,False,,a,8,31,0,6974,6974,17636,17636,0.0,0.0,Hughes,,241.0,2021-08-28,1995-04-17,False,p108413,0,0,0,0,0,0,0,0,0,0,0,0,0,0.0,0.0,0.0,0.0,0,0,0,0,0,0.00,0.00,0.00,0.00,3.0,,,,,,[],,83.0,2.0,83.0,2.0,83.0,2.0,83.0,2.0,0.0,0.0,0.0,0.0,0.0,0.0,409.0,240.0,320.0,127.0,320.0,127.0,33.0,11.0,0.0,0.0,0.0,Crystal Palace,4.5
True,True,,,152551,0,0,0,0,-8.7,-21,"[{'offset': 0, 'projected_percent': '-13.8', 'likelihood': -1}, {'offset': 1, 'projected_percent': '-40.3', 'likelihood': -3}, {'offset': 2, 'projected_percent': '-66.8', 'likelihood': -4}]",,False,0,3,1.5,1.5,0,Jefferson,0.0,213,False,,,50,152551.jpg,0.0,False,Lerma Solís,0.1,False,,a,8,31,0,90,90,295,295,0.0,0.0,Lerma,,48.0,2023-07-01,1994-10-25,False,p152551,0,0,0,0,0,0,0,0,0,0,0,0,0,0.0,0.0,0.0,0.0,0,0,0,0,0,0.00,0.00,0.00,0.00,,,,,,,[],,225.0,35.0,225.0,35.0,225.0,35.0,225.0,35.0,0.0,0.0,0.0,0.0,0.0,0.0,242.0,145.0,419.0,156.0,419.0,156.0,408.0,159.0,0.0,0.0,0.0,Crystal Palace,5.0
True,True,,,209400,0,0,0,0,-0.0,-29,"[{'offset': 0, 'projected_percent': '-3.0', 'likelihood': -1}, {'offset': 1, 'projected_percent': '-18.5', 'likelihood': -1}, {'offset': 2, 'projected_percent': '-33.9', 'likelihood': -2}]",,False,0,3,1.5,1.5,3,Daichi,3.0,214,False,,,50,209400.jpg,3.0,False,Kamada,0.3,False,,a,8,31,3,573,573,622,622,0.6,0.6,Kamada,,108.0,2024-07-01,1996-08-05,False,p209400,90,0,0,0,2,0,0,0,1,0,0,0,25,0.0,0.0,0.0,0.0,3,8,3,14,1,0.00,0.27,0.27,1.12,4.0,,,,,,[],,247.0,51.0,247.0,51.0,247.0,51.0,247.0,51.0,0.0,0.0,0.27,0.27,1.12,2.0,264.0,161.0,78.0,32.0,78.0,32.0,305.0,104.0,1.0,0.0,14.0,Crystal Palace,5.0
True,True,,,489706,0,0,0,0,-6.0,0,"[{'offset': 0, 'projected_percent': '-6.0', 'likelihood': -1}, {'offset': 1, 'projected_percent': '-6.0', 'likelihood': -1}, {'offset': 2, 'projected_percent': '-6.0', 'likelihood': -1}]",,False,0,3,1.5,1.5,0,Justin,0.0,215,False,,,50,489706.jpg,0.0,False,Devenny,0.0,False,,a,8,31,0,30,30,47,47,0.0,0.0,Devenny,,242.0,2024-03-13,2003-10-11,False,p489706,0,0,0,0,0,0,0,0,0,0,0,0,0,0.0,0.0,0.0,0.0,0,0,0,0,0,0.00,0.00,0.00,0.00,,,2.0,,3.0,,[],,314.0,81.0,314.0,81.0,314.0,81.0,314.0,81.0,0.0,0.0,0.0,0.0,0.0,0.0,331.0,191.0,477.0,189.0,477.0,189.0,569.0,241.0,0.0,0.0,0.0,Crystal Palace,5.0
True,True,,,606921,0,0,0,0,-5.4,-4,"[{'offset': 0, 'projected_percent': '-8.1', 'likelihood': -1}, {'offset': 1, 'projected_percent': '-22.0', 'likelihood': -2}, {'offset': 2, 'projected_percent': '-36.0', 'likelihood': -2}]",,False,0,3,1.5,1.5,0,Romain,0.0,216,False,,,50,606921.jpg,0.0,False,Esse,0.0,False,,a,8,31,0,102,102,146,146,0.0,0.0,Esse,,241.0,2025-01-18,2005-05-13,False,p606921,0,0,0,0,0,0,0,0,0,0,0,0,0,0.0,0.0,0.0,0.0,0,0,0,0,0,0.00,0.00,0.00,0.00,,,,,,,[],,364.0,117.0,364.0,117.0,364.0,117.0,364.0,117.0,0.0,0.0,0.0,0.0,0.0,0.0,381.0,227.0,507.0,209.0,507.0,209.0,492.0,204.0,0.0,0.0,0.0,Crystal Palace,5.0
True,True,,,536694,0,0,0,0,-24.8,-9,"[{'offset': 0, 'projected_percent': '-32.5', 'likelihood': -2}, {'offset': 1, 'projected_percent': '-72.3', 'likelihood': -4}, {'offset': 2, 'projected_percent': '-112.1', 'likelihood': -5}]",,False,0,3,1.5,1.5,0,Matheus,0.0,217,False,,,50,536694.jpg,0.0,False,França de Oliveira,0.0,False,,a,8,31,0,3,3,148,148,0.0,0.0,M.França,Matheus França,30.0,2023-08-05,2004-04-01,False,p536694,0,0,0,0,0,0,0,0,0,0,0,0,0,0.0,0.0,0.0,0.0,0,0,0,0,0,0.00,0.00,0.00,0.00,,,,,,,[],,346.0,103.0,346.0,103.0,346.0,103.0,346.0,103.0,0.0,0.0,0.0,0.0,0.0,0.0,363.0,213.0,496.0,200.0,496.0,200.0,519.0,215.0,0.0,0.0,0.0,Crystal Palace,5.0
True,True,,,438464,0,0,0,0,-8.9,-17,"[{'offset': 0, 'projected_percent': '-16.1', 'likelihood': -1}, {'offset': 1, 'projected_percent': '-53.1', 'likelihood': -3}, {'offset': 2, 'projected_percent': '-90.1', 'likelihood': -5}]",,False,0,3,1.5,1.5,0,Cheick,0.0,218,False,,,50,438464.jpg,0.0,False,Doucouré,0.1,False,,a,8,31,0,103,103,212,212,0.0,0.0,Doucouré,,132.0,2022-07-11,2000-01-08,False,p438464,0,0,0,0,0,0,0,0,0,0,0,0,0,0.0,0.0,0.0,0.0,0,0,0,0,0,0.00,0.00,0.00,0.00,,,,,,,[],,284.0,68.0,284.0,68.0,284.0,68.0,284.0,68.0,0.0,0.0,0.0,0.0,0.0,0.0,301.0,178.0,455.0,177.0,455.0,177.0,456.0,186.0,0.0,0.0,0.0,Crystal Palace,5.0
True,True,,,450542,0,0,0,0,-13.4,0,"[{'offset': 0, 'projected_percent': '-13.4', 'likelihood': -1}, {'offset': 1, 'projected_percent': '-13.4', 'likelihood': -1}, {'offset': 2, 'projected_percent': '-13.4', 'likelihood': -1}]",,False,0,3,1.5,1.5,0,Jesurun,0.0,219,False,,,50,450542.jpg,0.0,False,Rak-Sakyi,0.0,False,,a,8,31,0,8,8,24,24,0.0,0.0,J.Rak-Sakyi,,81.0,2021-04-09,2002-10-05,False,p450542,0,0,0,0,0,0,0,0,0,0,0,0,0,0.0,0.0,0.0,0.0,0,0,0,0,0,0.00,0.00,0.00,0.00,,,,,,,[],,292.0,72.0,292.0,72.0,292.0,72.0,292.0,72.0,0.0,0.0,0.0,0.0,0.0,0.0,309.0,182.0,463.0,181.0,463.0,181.0,586.0,252.0,0.0,0.0,0.0,Crystal Palace,5.0
True,False,0.0,0.0,590014,0,0,0,0,0.0,-1,"[{'offset': 0, 'projected_percent': '0.0', 'likelihood': 0}, {'offset': 1, 'projected_percent': '0.0', 'likelihood': 0}, {'offset': 2, 'projected_percent': '0.0', 'likelihood': 0}]",,False,0,2,0.0,0.0,0,Rio,0.0,220,False,Has joined Bristol City on loan for the rest of the season,2026-08-12T14:08:46.501813Z,45,590014.jpg,0.0,False,Cardines,0.0,False,,u,8,31,0,0,0,18,18,0.0,0.0,Cardines,,217.0,2025-07-24,2006-07-01,False,p590014,0,0,0,0,0,0,0,0,0,0,0,0,0,0.0,0.0,0.0,0.0,0,0,0,0,0,0.00,0.00,0.00,0.00,,,,,,,[],,191.0,117.0,191.0,117.0,191.0,117.0,191.0,117.0,0.0,0.0,0.0,0.0,0.0,0.0,517.0,144.0,392.0,156.0,392.0,156.0,597.0,198.0,0.0,0.0,0.0,Crystal Palace,4.5
True,True,,,672492,0,0,0,0,-2.7,-6,"[{'offset': 0, 'projected_percent': '-4.6', 'likelihood': -1}, {'offset': 1, 'projected_percent': '-14.8', 'likelihood': -1}, {'offset': 2, 'projected_percent': '-24.9', 'likelihood': -2}]",,False,0,3,1.0,1.0,0,Joél,0.0,221,False,,,45,672492.jpg,0.0,False,Drakes-Thomas,0.1,False,,a,8,31,0,162,162,214,214,0.0,0.0,Drakes-Thomas,,241.0,2025-12-10,2009-06-09,False,p672492,0,0,0,0,0,0,0,0,0,0,0,0,0,0.0,0.0,0.0,0.0,0,0,0,0,0,0.00,0.00,0.00,0.00,,,,,,,[],,206.0,27.0,206.0,27.0,206.0,27.0,206.0,27.0,0.0,0.0,0.0,0.0,0.0,0.0,532.0,265.0,405.0,149.0,405.0,149.0,432.0,171.0,0.0,0.0,0.0,Crystal Palace,4.5
True,True,,,247412,0,0,0,0,-8.6,-102,"[{'offset': 0, 'projected_percent': '-13.9', 'likelihood': -1}, {'offset': 1, 'projected_percent': '-40.9', 'likelihood': -3}, {'offset': 2, 'projected_percent': '-67.9', 'likelihood': -4}]",,False,0,4,2.0,2.0,1,Jørgen,1.0,222,False,,,60,247412.jpg,1.0,False,Strand Larsen,0.6,False,,a,8,31,1,496,496,1410,1410,0.2,0.2,Strand Larsen,,161.0,2026-02-02,2000-02-06,False,p247412,27,0,0,0,0,0,0,0,0,0,0,0,3,0.0,0.0,0.0,0.0,0,0,0,0,0,0.25,0.01,0.26,0.14,,,,,,,[],,515.0,52.0,515.0,52.0,515.0,52.0,515.0,52.0,0.83,0.0,0.03,0.86,0.47,0.0,77.0,20.0,250.0,29.0,250.0,29.0,245.0,41.0,0.0,0.0,0.0,Crystal Palace,6.0
True,True,,,231747,0,0,0,0,-4.0,-419,"[{'offset': 0, 'projected_percent': '-6.2', 'likelihood': -1}, {'offset': 1, 'projected_percent': '-17.4', 'likelihood': -1}, {'offset': 2, 'projected_percent': '-28.7', 'likelihood': -2}]",,False,0,4,2.1,2.1,2,Jean-Philippe,2.0,223,False,,,65,231747.jpg,2.0,False,Mateta,5.7,False,,a,8,31,2,6759,6759,11282,11282,0.3,0.3,Mateta,,73.0,2022-01-31,1997-06-28,False,p231747,62,0,0,0,2,0,0,0,0,0,0,0,-3,0.0,0.0,0.0,0.0,1,2,2,5,1,0.70,0.02,0.72,0.98,,,,,1.0,,[],,558.0,61.0,558.0,61.0,558.0,61.0,558.0,61.0,1.02,0.0,0.03,1.05,1.42,2.9,39.0,11.0,147.0,14.0,147.0,14.0,63.0,11.0,1.45,0.0,7.26,Crystal Palace,6.5
True,True,,,205533,0,0,0,0,-2.2,-55,"[{'offset': 0, 'projected_percent': '-5.5', 'likelihood': -1}, {'offset': 1, 'projected_percent': '-22.1', 'likelihood': -2}, {'offset': 2, 'projected_percent': '-38.8', 'likelihood': -2}]",,False,0,4,1.8,1.8,1,Eddie,1.0,224,False,,,55,205533.jpg,1.0,False,Nketiah,0.5,False,,a,8,31,1,831,831,1063,1063,0.2,0.2,Nketiah,,241.0,2024-08-30,1999-05-30,False,p205533,55,0,0,0,2,0,0,0,0,0,0,0,12,0.0,0.0,0.0,0.0,1,1,1,3,1,0.60,0.58,1.18,0.84,,,,,,,[],,405.0,31.0,405.0,31.0,405.0,31.0,405.0,31.0,0.98,0.0,0.95,1.93,1.37,3.27,136.0,35.0,224.0,20.0,224.0,20.0,253.0,43.0,1.64,0.0,4.91,Crystal Palace,5.5
True,False,0.0,0.0,660392,0,0,0,0,0.0,0,"[{'offset': 0, 'projected_percent': '0.0', 'likelihood': 0}, {'offset': 1, 'projected_percent': '0.0', 'likelihood': 0}, {'offset': 2, 'projected_percent': '0.0', 'likelihood': 0}]",,False,0,4,0.0,0.0,0,Christantus,0.0,225,False,has returned to Getafe CF,2026-07-23T12:18:56.275922Z,50,660392.jpg,0.0,False,Uche,0.0,False,,u,8,31,0,0,0,0,0,0.0,0.0,Uche,,,,,False,p660392,0,0,0,0,0,0,0,0,0,0,0,0,0,0.0,0.0,0.0,0.0,0,0,0,0,0,0.00,0.00,0.00,0.00,,,,,,,[],,377.0,24.0,377.0,24.0,377.0,24.0,377.0,24.0,0.0,0.0,0.0,0.0,0.0,0.0,394.0,60.0,511.0,50.0,511.0,50.0,604.0,72.0,0.0,0.0,0.0,Crystal Palace,5.0
True,True,,,433154,0,0,0,0,-5.6,-16,"[{'offset': 0, 'projected_percent': '-8.1', 'likelihood': -1}, {'offset': 1, 'projected_percent': '-21.0', 'likelihood': -2}, {'offset': 2, 'projected_percent': '-33.9', 'likelihood': -2}]",,False,0,3,2.0,2.0,2,Dwight,2.0,241,False,,,55,433154.jpg,2.0,False,McNeil,0.2,False,,a,8,31,2,114,114,309,309,0.4,0.4,McNeil,,241.0,2026-08-11,1999-11-22,False,p433154,62,0,0,0,2,0,0,0,0,0,0,0,11,0.0,0.0,0.0,0.0,3,2,0,5,1,0.05,0.02,0.07,0.98,,,,,,,[],,428.0,155.0,428.0,155.0,428.0,155.0,428.0,155.0,0.07,0.0,0.03,0.1,1.42,2.9,159.0,99.0,129.0,61.0,129.0,61.0,363.0,132.0,1.45,0.0,7.26,Crystal Palace,5.5
True,True,,,169593,0,0,0,0,0.2,-2,"[{'offset': 0, 'projected_percent': '0.2', 'likelihood': 1}, {'offset': 1, 'projected_percent': '0.1', 'likelihood': 1}, {'offset': 2, 'projected_percent': '0.1', 'likelihood': 1}]",,False,0,1,1.0,1.0,0,Remi,0.0,555,False,,,40,169593.jpg,0.0,False,Matthews,1.8,False,,a,8,31,0,1489,1489,1276,1276,0.0,0.0,Matthews,,241.0,2021-07-13,1994-02-10,False,p169593,0,0,0,0,0,0,0,0,0,0,0,0,0,0.0,0.0,0.0,0.0,0,0,0,0,0,0.00,0.00,0.00,0.00,,,,,,,[],,18.0,10.0,18.0,10.0,18.0,10.0,18.0,10.0,0.0,0.0,0.0,0.0,0.0,0.0,551.0,57.0,275.0,28.0,275.0,28.0,129.0,20.0,0.0,0.0,0.0,Crystal Palace,4.0
True,True,,,223723,0,0,0,0,-0.9,-17,"[{'offset': 0, 'projected_percent': '-2.2', 'likelihood': -1}, {'offset': 1, 'projected_percent': '-8.9', 'likelihood': -1}, {'offset': 2, 'projected_percent': '-15.6', 'likelihood': -1}]",,False,0,2,1.7,1.7,1,Takehiro,1.0,577,False,,,45,223723.jpg,1.0,False,Tomiyasu,0.4,False,,a,8,31,1,344,344,506,506,0.2,0.2,Tomiyasu,,108.0,2026-08-06,1998-11-05,False,p223723,18,0,0,0,0,0,0,0,0,0,0,0,3,0.0,0.0,0.0,0.0,1,1,0,1,0,0.00,0.01,0.01,0.14,,,,,,,[],,115.0,77.0,115.0,77.0,115.0,77.0,115.0,77.0,0.0,0.0,0.05,0.05,0.7,0.0,441.0,104.0,172.0,62.0,172.0,62.0,278.0,104.0,0.0,0.0,5.0,Crystal Palace,4.5
True,True,,,570794,0,0,0,0,0.0,0,"[{'offset': 0, 'projected_percent': '0.0', 'likelihood': 0}, {'offset': 1, 'projected_percent': '0.0', 'likelihood': 0}, {'offset': 2, 'projected_percent': '0.0', 'likelihood': 0}]",2026-08-30T13:56:30.932335Z,False,0,2,2.2,2.2,1,Anan,1.0,588,False,,,50,570794.jpg,1.0,False,Khalaili,0.1,False,,a,8,31,1,167,167,184,184,0.2,0.2,Khalaili,,105.0,2026-08-15,2004-09-03,False,p570794,35,0,0,0,0,0,0,0,0,0,0,0,12,0.0,0.0,0.0,0.0,5,3,4,9,0,0.00,0.16,0.16,0.27,,,,,,,[],,358.0,161.0,358.0,161.0,358.0,161.0,358.0,161.0,0.0,0.0,0.41,0.41,0.69,0.0,375.0,74.0,208.0,81.0,208.0,81.0,420.0,149.0,0.0,0.0,23.14,Crystal Palace,5.0
True,True,,,559152,0,0,0,0,0.0,0,"[{'offset': 0, 'projected_percent': '0.0', 'likelihood': 0}, {'offset': 1, 'projected_percent': '0.0', 'likelihood': 0}, {'offset': 2, 'projected_percent': '0.0', 'likelihood': 0}]",2026-09-01T14:01:46.428415Z,False,0,3,1.5,1.5,0,Zavier,0.0,595,False,,,50,559152.jpg,0.0,False,Gozo,0.0,False,,a,8,31,0,44,44,34,34,0.0,0.0,Gozo,,229.0,2026-08-18,2007-03-22,False,p559152,0,0,0,0,0,0,0,0,0,0,0,0,0,0.0,0.0,0.0,0.0,0,0,0,0,0,0.00,0.00,0.00,0.00,,,,,,,[],,357.0,112.0,357.0,112.0,357.0,112.0,357.0,112.0,0.0,0.0,0.0,0.0,0.0,0.0,374.0,222.0,504.0,206.0,504.0,206.0,561.0,236.0,0.0,0.0,0.0,Crystal Palace,5.0
True,True,0.0,0.0,128295,0,0,0,0,-16.7,-34,"[{'offset': 0, 'projected_percent': '-20.1', 'likelihood': -2}, {'offset': 1, 'projected_percent': '-37.5', 'likelihood': -2}, {'offset': 2, 'projected_percent': '-54.9', 'likelihood': -3}]",,False,0,3,0.0,0.0,0,Christian,0.0,21,False,Unspecified injury - Unknown return date,2026-08-15T20:00:06.779594Z,50,128295.jpg,0.0,False,Nørgaard,0.1,False,,i,9,11,0,34,34,882,882,0.0,0.0,Nørgaard,,58.0,2026-08-05,1994-03-10,False,p128295,0,0,0,0,0,0,0,0,0,0,0,0,0,0.0,0.0,0.0,0.0,0,0,0,0,0,0.00,0.00,0.00,0.00,,,,,,,[],https://www.evertonfc.com/news/2026/august/21/everton-team-news-for-2026-27-premier-league-opener/,221.0,33.0,221.0,33.0,221.0,33.0,221.0,33.0,0.0,0.0,0.0,0.0,0.0,0.0,238.0,143.0,416.0,154.0,416.0,154.0,419.0,165.0,0.0,0.0,0.0,Everton,5.0
True,True,,,242898,0,0,0,0,-12.9,-31,"[{'offset': 0, 'projected_percent': '-18.2', 'likelihood': -1}, {'offset': 1, 'projected_percent': '-45.0', 'likelihood': -3}, {'offset': 2, 'projected_percent': '-71.9', 'likelihood': -4}]",,False,0,3,2.1,2.1,1,Brennan,1.0,209,False,,,60,242898.jpg,1.0,False,Johnson,0.2,False,,a,9,11,1,187,187,582,582,0.2,0.2,Johnson,,244.0,2026-08-11,2001-05-23,False,p242898,6,0,0,0,0,0,0,0,0,0,0,0,3,0.0,0.0,0.0,0.0,2,0,0,2,0,0.00,0.00,0.00,0.29,,,,,,,[],,514.0,204.0,514.0,204.0,514.0,204.0,514.0,204.0,0.0,0.0,0.0,0.0,4.35,0.0,76.0,49.0,249.0,116.0,249.0,116.0,369.0,136.0,0.0,0.0,30.0,Everton,6.0
True,True,,,111234,0,0,0,0,3.4,628,"[{'offset': 0, 'projected_percent': '5.2', 'likelihood': 1}, {'offset': 1, 'projected_percent': '14.4', 'likelihood': 1}, {'offset': 2, 'projected_percent': '23.6', 'likelihood': 2}]",,False,0,1,3.3,3.3,7,Jordan,7.0,226,False,,,55,111234.jpg,7.0,False,Pickford,8.2,False,,a,9,11,7,13385,13385,5166,5166,1.3,1.3,Pickford,,241.0,2017-07-01,1994-03-07,False,p111234,90,0,0,1,0,0,0,0,0,0,4,0,34,0.0,0.0,0.0,0.0,0,12,0,0,1,0.00,0.02,0.02,1.96,,,,,,,[],,385.0,64.0,385.0,64.0,385.0,64.0,385.0,64.0,0.0,4.0,0.02,0.02,1.96,0.0,116.0,2.0,35.0,4.0,35.0,4.0,52.0,7.0,1.0,1.0,0.0,Everton,5.5
True,True,,,229600,0,0,0,0,-9.4,-2,"[{'offset': 0, 'projected_percent': '-11.3', 'likelihood': -1}, {'offset': 1, 'projected_percent': '-21.4', 'likelihood': -2}, {'offset': 2, 'projected_percent': '-31.4', 'likelihood': -2}]",,False,0,1,2.6,2.6,0,Mark,0.0,227,False,,,50,229600.jpg,0.0,False,Travers,0.0,False,,a,9,11,0,51,51,98,98,0.0,0.0,Travers,,104.0,2025-07-15,1999-05-18,False,p229600,0,0,0,0,0,0,0,0,0,0,0,0,0,0.0,0.0,0.0,0.0,0,0,0,0,0,0.00,0.00,0.00,0.00,,,,,,,[],,266.0,55.0,266.0,55.0,266.0,55.0,266.0,55.0,0.0,0.0,0.0,0.0,0.0,0.0,283.0,13.0,442.0,63.0,442.0,63.0,510.0,57.0,0.0,0.0,0.0,Everton,5.0
True,True,,,138001,0,0,0,0,-3.9,-1,"[{'offset': 0, 'projected_percent': '-4.6', 'likelihood': -1}, {'offset': 1, 'projected_percent': '-8.3', 'likelihood': -1}, {'offset': 2, 'projected_percent': '-11.9', 'likelihood': -1}]",,False,0,1,1.9,1.9,0,Tom,0.0,228,False,,,45,138001.jpg,0.0,False,King,0.0,False,,a,9,11,0,74,74,104,104,0.0,0.0,King,,244.0,2025-08-15,1995-03-09,False,p138001,0,0,0,0,0,0,0,0,0,0,0,0,0,0.0,0.0,0.0,0.0,0,0,0,0,0,0.00,0.00,0.00,0.00,,,,,,,[],,90.0,30.0,90.0,30.0,90.0,30.0,90.0,30.0,0.0,0.0,0.0,0.0,0.0,0.0,416.0,31.0,326.0,47.0,326.0,47.0,500.0,53.0,0.0,0.0,0.0,Everton,4.5
True,True,,,17761,0,0,0,0,2.2,318,"[{'offset': 0, 'projected_percent': '3.1', 'likelihood': 1}, {'offset': 1, 'projected_percent': '7.8', 'likelihood': 1}, {'offset': 2, 'projected_percent': '12.5', 'likelihood': 1}]",,False,0,2,2.8,2.8,6,James,6.0,229,False,,,60,17761.jpg,6.0,False,Tarkowski,8.8,False,,a,9,11,6,11140,11140,6098,6098,1.0,1.0,Tarkowski,,241.0,2022-07-01,1992-11-19,False,p17761,90,0,0,1,0,0,0,0,0,0,0,0,25,0.0,0.0,0.0,0.0,8,4,1,9,1,0.05,0.00,0.05,1.96,,,,,,,[],,494.0,190.0,494.0,190.0,494.0,190.0,494.0,190.0,0.05,0.0,0.0,0.05,1.96,0.0,56.0,5.0,54.0,26.0,54.0,26.0,48.0,19.0,1.0,1.0,9.0,Everton,6.0
True,True,,,480455,0,0,0,0,1.8,217,"[{'offset': 0, 'projected_percent': '2.4', 'likelihood': 1}, {'offset': 1, 'projected_percent': '5.6', 'likelihood': 1}, {'offset': 2, 'projected_percent': '8.8', 'likelihood': 1}]",,False,0,2,2.5,2.5,6,Jarrad,6.0,230,False,,,55,480455.jpg,6.0,False,Branthwaite,1.7,False,,a,9,11,6,5043,5043,1613,1613,1.1,1.1,Branthwaite,,241.0,2020-06-20,2002-06-27,False,p480455,90,0,0,1,0,0,0,0,0,0,0,0,27,0.0,0.0,0.0,0.0,6,2,2,8,1,0.00,0.01,0.01,1.96,,,,,,,[],,454.0,182.0,454.0,182.0,454.0,182.0,454.0,182.0,0.0,0.0,0.01,0.01,1.96,0.0,185.0,27.0,52.0,24.0,52.0,24.0,140.0,57.0,1.0,1.0,8.0,Everton,5.5
True,True,,,106611,0,0,0,0,-13.7,-302,"[{'offset': 0, 'projected_percent': '-19.3', 'likelihood': -1}, {'offset': 1, 'projected_percent': '-47.7', 'likelihood': -3}, {'offset': 2, 'projected_percent': '-76.2', 'likelihood': -4}]",,False,0,2,2.2,2.2,0,Michael,0.0,231,False,,,50,106611.jpg,0.0,False,Keane,1.6,False,,a,9,11,0,1259,1259,5344,5344,0.0,0.0,Keane,,241.0,2017-07-03,1993-01-11,False,p106611,0,0,0,0,0,0,0,0,0,0,0,0,0,0.0,0.0,0.0,0.0,0,0,0,0,0,0.00,0.00,0.00,0.00,,,,,,,[],,216.0,124.0,216.0,124.0,216.0,124.0,216.0,124.0,0.0,0.0,0.0,0.0,0.0,0.0,233.0,37.0,412.0,160.0,412.0,160.0,148.0,63.0,0.0,0.0,0.0,Everton,5.0
True,True,,,512462,0,0,0,0,-11.3,-90,"[{'offset': 0, 'projected_percent': '-16.8', 'likelihood': -1}, {'offset': 1, 'projected_percent': '-44.7', 'likelihood': -3}, {'offset': 2, 'projected_percent': '-72.6', 'likelihood': -4}]",,False,0,2,2.2,2.2,0,Jake,0.0,232,False,,,50,512462.jpg,0.0,False,O'Brien,0.5,False,,a,9,11,0,508,508,1535,1535,0.0,0.0,O'Brien,,104.0,2024-07-30,2001-05-15,False,p512462,0,0,0,0,0,0,0,0,0,0,0,0,0,0.0,0.0,0.0,0.0,0,0,0,0,0,0.00,0.00,0.00,0.00,,,,,,,[],,334.0,158.0,334.0,158.0,334.0,158.0,334.0,158.0,0.0,0.0,0.0,0.0,0.0,0.0,351.0,71.0,491.0,182.0,491.0,182.0,255.0,94.0,0.0,0.0,0.0,Everton,5.0
True,True,,,224967,0,0,0,0,1.9,141,"[{'offset': 0, 'projected_percent': '2.3', 'likelihood': 1}, {'offset': 1, 'projected_percent': '4.4', 'likelihood': 1}, {'offset': 2, 'projected_percent': '6.5', 'likelihood': 1}]",,False,0,2,1.7,1.7,6,Vitalii,6.0,233,False,,,45,224967.jpg,6.0,False,Mykolenko,1.6,False,,a,9,11,6,5327,5327,1461,1461,1.3,1.3,Mykolenko,,225.0,2022-01-01,1999-05-29,False,p224967,90,0,0,1,0,0,0,0,0,0,0,0,27,0.0,0.0,0.0,0.0,4,4,0,4,1,0.00,0.05,0.05,1.96,,,,,,,[],,116.0,78.0,116.0,78.0,116.0,78.0,116.0,78.0,0.0,0.0,0.05,0.05,1.96,0.0,442.0,105.0,42.0,19.0,42.0,19.0,156.0,66.0,1.0,1.0,4.0,Everton,4.5
True,True,,,243571,0,0,0,0,-3.5,-5,"[{'offset': 0, 'projected_percent': '-7.4', 'likelihood': -1}, {'offset': 1, 'projected_percent': '-27.3', 'likelihood': -2}, {'offset': 2, 'projected_percent': '-47.1', 'likelihood': -3}]",,False,0,2,1.7,1.7,0,Nathan,0.0,234,False,,,45,243571.jpg,0.0,False,Patterson,0.0,False,,a,9,11,0,75,75,103,103,0.0,0.0,Patterson,,243.0,2022-01-04,2001-10-16,False,p243571,0,0,0,0,0,0,0,0,0,0,0,0,0,0.0,0.0,0.0,0.0,0,0,0,0,0,0.00,0.00,0.00,0.00,,,,,,,[],,129.0,88.0,129.0,88.0,129.0,88.0,129.0,88.0,0.0,0.0,0.0,0.0,0.0,0.0,455.0,115.0,351.0,140.0,351.0,140.0,512.0,175.0,0.0,0.0,0.0,Everton,4.5
True,True,,,499300,0,0,0,0,0.0,-8,"[{'offset': 0, 'projected_percent': '-0.9', 'likelihood': -1}, {'offset': 1, 'projected_percent': '-6.9', 'likelihood': -1}, {'offset': 2, 'projected_percent': '-12.9', 'likelihood': -1}]",,False,0,2,1.0,1.0,0,Adam,0.0,235,False,,,40,499300.jpg,0.0,False,Aznou,0.2,False,,a,9,11,0,346,346,373,373,0.0,0.0,Aznou,,145.0,2025-07-29,2006-06-02,False,p499300,0,0,0,0,0,0,0,0,0,0,0,0,0,0.0,0.0,0.0,0.0,0,0,0,0,0,0.00,0.00,0.00,0.00,,,,,,,[],,48.0,30.0,48.0,30.0,48.0,30.0,48.0,30.0,0.0,0.0,0.0,0.0,0.0,0.0,581.0,178.0,295.0,103.0,295.0,103.0,355.0,135.0,0.0,0.0,0.0,Everton,4.0
True,True,,,215413,0,0,0,0,16.8,2603,"[{'offset': 0, 'projected_percent': '24.2', 'likelihood': 2}, {'offset': 1, 'projected_percent': '62.4', 'likelihood': 4}, {'offset': 2, 'projected_percent': '100.6', 'likelihood': 5}]",,False,1,3,2.3,2.3,11,Kiernan,11.0,236,True,,,65,215413.jpg,11.0,False,Dewsbury-Hall,3.8,False,,a,9,11,11,37936,37936,4032,4032,1.7,1.7,Dewsbury-Hall,,241.0,2025-08-06,1998-09-06,False,p215413,90,1,0,1,0,0,0,0,0,0,0,3,40,0.0,0.0,0.0,0.0,1,5,2,8,1,0.12,0.17,0.29,1.92,2.0,,,,,,[],,556.0,233.0,556.0,233.0,556.0,233.0,556.0,233.0,0.12,0.0,0.17,0.29,1.92,0.0,37.0,25.0,10.0,5.0,10.0,5.0,85.0,29.0,1.0,1.0,8.0,Everton,6.5
True,True,,,440993,0,0,0,0,10.0,1177,"[{'offset': 0, 'projected_percent': '13.3', 'likelihood': 1}, {'offset': 1, 'projected_percent': '30.6', 'likelihood': 2}, {'offset': 2, 'projected_percent': '47.9', 'likelihood': 3}]",,False,0,3,2.1,2.1,9,Iliman,9.0,237,False,,,60,440993.jpg,9.0,False,Ndiaye,16.0,False,,a,9,11,9,28416,28416,8381,8381,1.5,1.5,Ndiaye,Iliman Ndiaye,189.0,2024-07-03,2000-03-06,False,p440993,90,0,1,1,0,0,0,0,0,0,0,1,36,0.0,0.0,0.0,0.0,0,8,4,12,1,0.24,0.32,0.56,1.96,,,,,1.0,,[],,519.0,207.0,519.0,207.0,519.0,207.0,519.0,207.0,0.24,0.0,0.32,0.56,1.96,0.0,81.0,52.0,25.0,12.0,25.0,12.0,26.0,8.0,1.0,1.0,12.0,Everton,6.0
True,True,100.0,25.0,232928,0,0,0,0,0.0,0,"[{'offset': 0, 'projected_percent': '0.0', 'likelihood': 0}, {'offset': 1, 'projected_percent': '0.0', 'likelihood': 0}, {'offset': 2, 'projected_percent': '0.0', 'likelihood': 0}]",2026-08-29T13:30:07.683598Z,False,0,3,2.1,0.5,1,James,1.0,239,False,,2026-07-25T14:30:10.455878Z,60,232928.jpg,1.0,False,Garner,0.1,False,,a,9,11,1,313,313,518,518,0.2,0.2,Garner,,241.0,2022-09-01,2001-03-13,False,p232928,11,0,0,0,0,0,0,0,0,0,0,0,6,0.0,0.0,0.0,0.0,0,0,1,1,0,0.00,0.03,0.03,0.34,1.0,,1.0,,3.0,,[],,513.0,203.0,513.0,203.0,513.0,203.0,513.0,203.0,0.0,0.0,0.25,0.25,2.78,0.0,75.0,48.0,248.0,115.0,248.0,115.0,396.0,155.0,0.0,0.0,8.18,Everton,6.0
True,True,0.0,0.0,490094,0,0,0,0,-15.8,-3,"[{'offset': 0, 'projected_percent': '-17.7', 'likelihood': -1}, {'offset': 1, 'projected_percent': '-27.5', 'likelihood': -2}, {'offset': 2, 'projected_percent': '-37.3', 'likelihood': -2}]",,False,0,3,0.0,0.0,0,Tim,0.0,240,False,Thigh injury - Unknown return date,2026-08-15T20:00:06.878792Z,50,490094.jpg,0.0,False,Iroegbunam,0.0,False,,i,9,11,0,3,3,106,106,0.0,0.0,Iroegbunam,,241.0,2024-06-22,2003-06-30,False,p490094,0,0,0,0,0,0,0,0,0,0,0,0,0,0.0,0.0,0.0,0.0,0,0,0,0,0,0.00,0.00,0.00,0.00,,,,,,,[],https://www.evertonfc.com/news/2026/august/21/everton-team-news-for-2026-27-premier-league-opener/,316.0,83.0,316.0,83.0,316.0,83.0,316.0,83.0,0.0,0.0,0.0,0.0,0.0,0.0,333.0,193.0,479.0,191.0,479.0,191.0,563.0,237.0,0.0,0.0,0.0,Everton,5.0
True,True,,,550615,0,0,0,0,0.0,-6,"[{'offset': 0, 'projected_percent': '0.0', 'likelihood': 0}, {'offset': 1, 'projected_percent': '-2.3', 'likelihood': -1}, {'offset': 2, 'projected_percent': '-5.4', 'likelihood': -1}]",,False,0,3,2.0,2.0,3,Tyrique,3.0,242,False,,,55,550615.jpg,3.0,False,George,0.3,False,,a,9,11,3,519,519,481,481,0.5,0.5,George,,241.0,2026-07-06,2006-02-04,False,p550615,83,0,0,1,0,0,0,0,0,0,0,0,13,0.0,0.0,0.0,0.0,3,4,0,7,1,0.18,0.08,0.26,1.67,,,,,,,[],,478.0,187.0,478.0,187.0,478.0,187.0,478.0,187.0,0.2,0.0,0.09,0.29,1.81,0.0,209.0,131.0,93.0,42.0,93.0,42.0,301.0,101.0,1.08,1.08,7.59,Everton,5.5
True,True,,,502697,0,0,0,0,0.0,0,"[{'offset': 0, 'projected_percent': '0.0', 'likelihood': 0}, {'offset': 1, 'projected_percent': '0.0', 'likelihood': 0}, {'offset': 2, 'projected_percent': '0.0', 'likelihood': 0}]",,False,0,3,1.5,1.5,1,Carlos,1.0,243,False,,,50,502697.jpg,1.0,False,Alcaraz Durán,0.1,False,,a,9,11,1,308,308,278,278,0.2,0.2,Alcaraz,,10.0,2025-07-01,2002-11-30,False,p502697,1,0,0,0,0,0,0,0,0,0,0,0,7,0.0,0.0,0.0,0.0,0,2,1,3,0,0.02,0.00,0.02,0.04,,,,,,,[],,330.0,91.0,330.0,91.0,330.0,91.0,330.0,91.0,1.8,0.0,0.0,1.8,3.6,0.0,347.0,201.0,203.0,87.0,203.0,87.0,424.0,167.0,0.0,0.0,270.0,Everton,5.0
True,True,,,609873,0,0,0,0,0.9,129,"[{'offset': 0, 'projected_percent': '1.3', 'likelihood': 1}, {'offset': 1, 'projected_percent': '3.2', 'likelihood': 1}, {'offset': 2, 'projected_percent': '5.1', 'likelihood': 1}]",,False,0,3,1.5,1.5,8,Harrison,8.0,244,False,,,50,609873.jpg,8.0,False,Armstrong,0.1,False,,a,9,11,8,2072,2072,323,323,1.6,1.6,Armstrong,,241.0,2024-08-09,2007-01-19,False,p609873,90,0,1,1,0,0,0,0,0,0,0,0,25,0.0,0.0,0.0,0.0,3,11,2,16,1,0.00,0.04,0.04,1.96,,,,,,,[],,366.0,119.0,366.0,119.0,366.0,119.0,366.0,119.0,0.0,0.0,0.04,0.04,1.96,0.0,383.0,229.0,29.0,14.0,29.0,14.0,412.0,161.0,1.0,1.0,16.0,Everton,5.0
True,True,,,496661,0,0,0,0,-19.5,-10,"[{'offset': 0, 'projected_percent': '-26.5', 'likelihood': -2}, {'offset': 1, 'projected_percent': '-62.6', 'likelihood': -4}, {'offset': 2, 'projected_percent': '-98.7', 'likelihood': -5}]",,False,0,3,2.0,2.0,0,Tyler,0.0,245,False,,,55,496661.jpg,0.0,False,Dibling,0.0,False,,a,9,11,0,47,47,185,185,0.0,0.0,Dibling,,241.0,2025-08-25,2006-02-17,False,p496661,0,0,0,0,0,0,0,0,0,0,0,0,0,0.0,0.0,0.0,0.0,0,0,0,0,0,0.00,0.00,0.00,0.00,,,,,,,[],,463.0,175.0,463.0,175.0,463.0,175.0,463.0,175.0,0.0,0.0,0.0,0.0,0.0,0.0,194.0,119.0,546.0,231.0,546.0,231.0,502.0,210.0,0.0,0.0,0.0,Everton,5.5
True,True,,,513466,0,0,0,0,0.0,-1,"[{'offset': 0, 'projected_percent': '0.0', 'likelihood': 0}, {'offset': 1, 'projected_percent': '0.0', 'likelihood': 0}, {'offset': 2, 'projected_percent': '-1.5', 'likelihood': -1}]",,False,0,3,1.5,1.5,3,Merlin,3.0,246,False,,,50,513466.jpg,3.0,False,Röhl,0.1,False,,a,9,11,3,137,137,117,117,0.6,0.6,Röhl,,80.0,2026-06-15,2002-07-05,False,p513466,90,0,0,1,0,0,0,0,0,0,0,0,12,0.0,0.0,0.0,0.0,2,5,2,9,1,0.00,0.06,0.06,1.96,,,,,,,[],,335.0,93.0,335.0,93.0,335.0,93.0,335.0,93.0,0.0,0.0,0.06,0.06,1.96,0.0,352.0,203.0,83.0,33.0,83.0,33.0,470.0,191.0,1.0,1.0,9.0,Everton,5.0
True,True,,,244860,0,0,0,0,-3.1,-20,"[{'offset': 0, 'projected_percent': '-5.2', 'likelihood': -1}, {'offset': 1, 'projected_percent': '-16.1', 'likelihood': -1}, {'offset': 2, 'projected_percent': '-27.0', 'likelihood': -2}]",,False,0,3,2.0,2.0,3,Hayden,3.0,247,False,,,55,244860.jpg,3.0,False,Hackney,0.3,False,,a,9,11,3,313,313,506,506,0.5,0.5,Hackney,,241.0,2026-07-02,2002-06-26,False,p244860,78,0,0,1,0,0,0,0,0,0,0,0,16,0.0,0.0,0.0,0.0,1,4,2,7,1,0.01,0.01,0.02,1.62,,,,,,,[],,421.0,150.0,421.0,150.0,421.0,150.0,421.0,150.0,0.01,0.0,0.01,0.02,1.87,0.0,152.0,94.0,87.0,36.0,87.0,36.0,308.0,105.0,1.15,1.15,8.08,Everton,5.5
True,True,,,486385,0,0,0,0,-11.4,-414,"[{'offset': 0, 'projected_percent': '-16.0', 'likelihood': -1}, {'offset': 1, 'projected_percent': '-39.4', 'likelihood': -2}, {'offset': 2, 'projected_percent': '-62.9', 'likelihood': -4}]",,False,0,4,1.8,1.8,1,Norberto Bercique,1.0,248,False,,,55,486385.jpg,1.0,False,Gomes Betuncal,2.7,False,,a,9,11,1,2484,2484,8313,8313,0.2,0.2,Beto,Beto,90.0,2023-08-29,1998-01-31,False,p486385,11,0,0,0,0,0,0,0,0,0,0,0,3,0.0,0.0,0.0,0.0,0,0,0,0,0,0.05,0.00,0.05,0.34,,,,,4.0,,[],,458.0,39.0,458.0,39.0,458.0,39.0,458.0,39.0,0.41,0.0,0.0,0.41,2.78,0.0,189.0,43.0,236.0,24.0,236.0,24.0,111.0,14.0,0.0,0.0,0.0,Everton,5.5
True,True,,,586309,0,0,0,0,8.1,1215,"[{'offset': 0, 'projected_percent': '11.6', 'likelihood': 1}, {'offset': 1, 'projected_percent': '29.4', 'likelihood': 2}, {'offset': 2, 'projected_percent': '47.3', 'likelihood': 3}]",,False,0,4,1.8,1.8,8,Thierno,8.0,249,False,,,55,586309.jpg,8.0,False,Barry,1.6,False,,a,9,11,8,18830,18830,2441,2441,1.5,1.5,Barry,,73.0,2025-07-09,2002-10-21,False,p586309,78,1,0,1,0,0,0,0,0,0,0,2,37,0.0,0.0,0.0,0.0,0,2,1,3,1,0.45,0.09,0.54,1.62,,,,,2.0,,[],,487.0,41.0,487.0,41.0,487.0,41.0,487.0,41.0,0.52,0.0,0.1,0.62,1.87,0.0,218.0,45.0,30.0,2.0,30.0,2.0,155.0,22.0,1.15,1.15,3.46,Everton,5.5
True,True,,,80201,0,0,0,0,0.2,8,"[{'offset': 0, 'projected_percent': '0.2', 'likelihood': 1}, {'offset': 1, 'projected_percent': '0.3', 'likelihood': 1}, {'offset': 2, 'projected_percent': '0.4', 'likelihood': 1}]",,False,0,1,1.9,1.9,0,Bernd,0.0,250,False,,,45,80201.jpg,0.0,False,Leno,3.1,False,,a,10,54,0,1891,1891,1850,1850,0.0,0.0,Leno,,80.0,2022-08-02,1992-03-04,False,p80201,0,0,0,0,0,0,0,0,0,0,0,0,0,0.0,0.0,0.0,0.0,0,0,0,0,0,0.00,0.00,0.00,0.00,,,,,,,[],,75.0,23.0,75.0,23.0,75.0,23.0,75.0,23.0,0.0,0.0,0.0,0.0,0.0,0.0,401.0,24.0,316.0,40.0,316.0,40.0,104.0,17.0,0.0,0.0,0.0,Fulham,4.5
True,True,,,86873,0,0,0,0,-0.9,-11,"[{'offset': 0, 'projected_percent': '-1.1', 'likelihood': -1}, {'offset': 1, 'projected_percent': '-2.5', 'likelihood': -1}, {'offset': 2, 'projected_percent': '-3.9', 'likelihood': -1}]",,False,0,1,1.0,1.0,0,Benjamin,0.0,251,False,,,40,86873.jpg,0.0,False,Lecomte,1.2,False,,a,10,54,0,344,344,601,601,0.0,0.0,Lecomte,,73.0,2025-07-26,1991-04-26,False,p86873,0,0,0,0,0,0,0,0,0,0,0,0,0,0.0,0.0,0.0,0.0,0,0,0,0,0,0.00,0.00,0.00,0.00,,,,,,,[],,7.0,6.0,7.0,6.0,7.0,6.0,7.0,6.0,0.0,0.0,0.0,0.0,0.0,0.0,540.0,53.0,269.0,24.0,269.0,24.0,174.0,25.0,0.0,0.0,0.0,Fulham,4.0
True,True,,,505079,0,0,0,0,0.0,2,"[{'offset': 0, 'projected_percent': '0.0', 'likelihood': 0}, {'offset': 1, 'projected_percent': '0.1', 'likelihood': 1}, {'offset': 2, 'projected_percent': '0.1', 'likelihood': 1}]",,False,0,1,1.0,1.0,0,Alfie,0.0,252,False,,,40,505079.jpg,0.0,False,McNally,0.2,False,,a,10,54,0,182,182,114,114,0.0,0.0,McNally,,,,,False,p505079,0,0,0,0,0,0,0,0,0,0,0,0,0,0.0,0.0,0.0,0.0,0,0,0,0,0,0.00,0.00,0.00,0.00,,,,,,,[],,51.0,19.0,51.0,19.0,51.0,19.0,51.0,19.0,0.0,0.0,0.0,0.0,0.0,0.0,584.0,66.0,298.0,37.0,298.0,37.0,381.0,41.0,0.0,0.0,0.0,Fulham,4.0
True,True,0.0,0.0,174874,0,0,0,0,-4.5,-4,"[{'offset': 0, 'projected_percent': '-5.6', 'likelihood': -1}, {'offset': 1, 'projected_percent': '-11.5', 'likelihood': -1}, {'offset': 2, 'projected_percent': '-17.4', 'likelihood': -1}]",,False,0,2,0.0,0.0,0,Joachim,0.0,253,False,Suspended until 30 Aug,2026-07-23T12:01:23.516350Z,50,174874.jpg,0.0,False,Andersen,0.0,False,,s,10,54,0,38,38,118,118,0.0,0.0,Andersen,,58.0,2024-08-23,1996-05-31,False,p174874,0,0,0,0,0,0,0,0,0,0,0,0,0,0.0,0.0,0.0,0.0,0,0,0,0,0,0.00,0.00,0.00,0.00,,,,,,,[],,234.0,128.0,234.0,128.0,234.0,128.0,234.0,128.0,0.0,0.0,0.0,0.0,0.0,0.0,251.0,41.0,425.0,163.0,425.0,163.0,505.0,174.0,0.0,0.0,0.0,Fulham,5.0
True,True,,,169528,0,0,0,0,0.7,22,"[{'offset': 0, 'projected_percent': '0.8', 'likelihood': 1}, {'offset': 1, 'projected_percent': '1.1', 'likelihood': 1}, {'offset': 2, 'projected_percent': '1.5', 'likelihood': 1}]",,False,0,2,1.7,1.7,0,Antonee,0.0,254,False,,,45,169528.jpg,0.0,False,Robinson,1.7,False,,a,10,54,0,2537,2537,1399,1399,0.0,0.0,Robinson,Antonee Robinson,229.0,2020-08-20,1997-08-08,False,p169528,0,0,0,0,0,0,0,0,0,0,0,0,0,0.0,0.0,0.0,0.0,0,0,0,0,0,0.00,0.00,0.00,0.00,,,,,2.0,,[],,96.0,63.0,96.0,63.0,96.0,63.0,96.0,63.0,0.0,0.0,0.0,0.0,0.0,0.0,422.0,90.0,330.0,125.0,330.0,125.0,141.0,58.0,0.0,0.0,0.0,Fulham,4.5
True,True,,,246301,0,0,0,0,0.0,4,"[{'offset': 0, 'projected_percent': '0.0', 'likelihood': 0}, {'offset': 1, 'projected_percent': '0.1', 'likelihood': 1}, {'offset': 2, 'projected_percent': '0.1', 'likelihood': 1}]",,False,0,2,1.7,1.7,0,Jorge,0.0,255,False,,,45,246301.jpg,0.0,False,Cuenca Barreno,0.0,False,,a,10,54,0,50,50,22,22,0.0,0.0,J.Cuenca,,200.0,2024-08-03,1999-11-17,False,p246301,0,0,0,0,0,0,0,0,0,0,0,0,0,0.0,0.0,0.0,0.0,0,0,0,0,0,0.00,0.00,0.00,0.00,,,,,,,[],,132.0,91.0,132.0,91.0,132.0,91.0,132.0,91.0,0.0,0.0,0.0,0.0,0.0,0.0,458.0,118.0,353.0,142.0,353.0,142.0,538.0,185.0,0.0,0.0,0.0,Fulham,4.5
True,True,,,167074,0,0,0,0,-2.0,-3,"[{'offset': 0, 'projected_percent': '-2.3', 'likelihood': -1}, {'offset': 1, 'projected_percent': '-3.6', 'likelihood': -1}, {'offset': 2, 'projected_percent': '-4.9', 'likelihood': -1}]",,False,0,2,1.7,1.7,0,Kenny,0.0,256,False,,,45,167074.jpg,0.0,False,Tete,0.3,False,,a,10,54,0,126,126,255,255,0.0,0.0,Tete,,152.0,2020-09-10,1995-10-09,False,p167074,0,0,0,0,0,0,0,0,0,0,0,0,0,0.0,0.0,0.0,0.0,0,0,0,0,0,0.00,0.00,0.00,0.00,,,,,,,[],,95.0,62.0,95.0,62.0,95.0,62.0,95.0,62.0,0.0,0.0,0.0,0.0,0.0,0.0,421.0,89.0,329.0,124.0,329.0,124.0,302.0,113.0,0.0,0.0,0.0,Fulham,4.5
True,True,,,232892,0,0,0,0,0.6,43,"[{'offset': 0, 'projected_percent': '0.7', 'likelihood': 1}, {'offset': 1, 'projected_percent': '1.3', 'likelihood': 1}, {'offset': 2, 'projected_percent': '1.9', 'likelihood': 1}]",,False,0,2,1.7,1.7,0,Calvin,0.0,257,False,,,45,232892.jpg,0.0,False,Bassey,0.8,False,,a,10,54,0,1691,1691,803,803,0.0,0.0,Bassey,,157.0,2023-07-28,1999-12-31,False,p232892,0,0,0,0,0,0,0,0,0,0,0,0,0,0.0,0.0,0.0,0.0,0,0,0,0,0,0.00,0.00,0.00,0.00,,,,,,,[],,123.0,84.0,123.0,84.0,123.0,84.0,123.0,84.0,0.0,0.0,0.0,0.0,0.0,0.0,449.0,111.0,347.0,136.0,347.0,136.0,216.0,81.0,0.0,0.0,0.0,Fulham,4.5
True,True,,,166477,0,0,0,0,0.0,9,"[{'offset': 0, 'projected_percent': '0.1', 'likelihood': 1}, {'offset': 1, 'projected_percent': '0.2', 'likelihood': 1}, {'offset': 2, 'projected_percent': '0.3', 'likelihood': 1}]",,False,0,2,1.7,1.7,0,Timothy,0.0,258,False,,,45,166477.jpg,0.0,False,Castagne,0.3,False,,a,10,54,0,292,292,254,254,0.0,0.0,Castagne,,21.0,2023-08-29,1995-12-05,False,p166477,0,0,0,0,0,0,0,0,0,0,0,0,0,0.0,0.0,0.0,0.0,0,0,0,0,0,0.00,0.00,0.00,0.00,,,,,,,[],,94.0,61.0,94.0,61.0,94.0,61.0,94.0,61.0,0.0,0.0,0.0,0.0,0.0,0.0,420.0,88.0,328.0,123.0,328.0,123.0,292.0,107.0,0.0,0.0,0.0,Fulham,4.5
True,True,,,153133,0,0,0,0,-0.7,-1,"[{'offset': 0, 'projected_percent': '-0.7', 'likelihood': -1}, {'offset': 1, 'projected_percent': '-0.8', 'likelihood': -1}, {'offset': 2, 'projected_percent': '-0.8', 'likelihood': -1}]",,False,0,3,2.0,2.0,0,Alex,0.0,261,False,,,55,153133.jpg,0.0,False,Iwobi,1.0,False,,a,10,54,0,1052,1052,1287,1287,0.0,0.0,Iwobi,,157.0,2023-09-01,1996-05-03,False,p153133,0,0,0,0,0,0,0,0,0,0,0,0,0,0.0,0.0,0.0,0.0,0,0,0,0,0,0.00,0.00,0.00,0.00,1.0,,1.0,,3.0,,[],,388.0,133.0,388.0,133.0,388.0,133.0,388.0,133.0,0.0,0.0,0.0,0.0,0.0,0.0,119.0,77.0,513.0,212.0,513.0,212.0,192.0,65.0,0.0,0.0,0.0,Fulham,5.5
True,True,,,209289,0,0,0,0,-1.0,-3,"[{'offset': 0, 'projected_percent': '-1.3', 'likelihood': -1}, {'offset': 1, 'projected_percent': '-2.4', 'likelihood': -1}, {'offset': 2, 'projected_percent': '-3.5', 'likelihood': -1}]",,False,0,3,2.0,2.0,0,Emile,0.0,262,False,,,55,209289.jpg,0.0,False,Smith Rowe,0.4,False,,a,10,54,0,424,424,536,536,0.0,0.0,Smith Rowe,,241.0,2024-08-02,2000-07-28,False,p209289,0,0,0,0,0,0,0,0,0,0,0,0,0,0.0,0.0,0.0,0.0,0,0,0,0,0,0.00,0.00,0.00,0.00,,,,,,,[],,408.0,142.0,408.0,142.0,408.0,142.0,408.0,142.0,0.0,0.0,0.0,0.0,0.0,0.0,139.0,86.0,524.0,217.0,524.0,217.0,271.0,88.0,0.0,0.0,0.0,Fulham,5.5
True,True,,,560552,0,0,0,0,-0.6,2,"[{'offset': 0, 'projected_percent': '0.0', 'likelihood': 0}, {'offset': 1, 'projected_percent': '0.0', 'likelihood': 0}, {'offset': 2, 'projected_percent': '0.1', 'likelihood': 1}]",,False,0,3,2.0,2.0,0,Kevin,0.0,263,False,,,55,560552.jpg,0.0,False,Santos Lopes de Macedo,0.1,False,,a,10,54,0,82,82,93,93,0.0,0.0,Kevin,Kevin,30.0,2025-09-01,2003-01-04,False,p560552,0,0,0,0,0,0,0,0,0,0,0,0,0,0.0,0.0,0.0,0.0,0,0,0,0,0,0.00,0.00,0.00,0.00,3.0,,,,,,[],,480.0,189.0,480.0,189.0,480.0,189.0,480.0,189.0,0.0,0.0,0.0,0.0,0.0,0.0,211.0,133.0,552.0,236.0,552.0,236.0,471.0,192.0,0.0,0.0,0.0,Fulham,5.5
True,True,,,477555,0,0,0,0,-0.2,14,"[{'offset': 0, 'projected_percent': '0.0', 'likelihood': 0}, {'offset': 1, 'projected_percent': '0.2', 'likelihood': 1}, {'offset': 2, 'projected_percent': '0.4', 'likelihood': 1}]",,False,0,3,2.0,2.0,0,Oscar,0.0,264,False,,,55,477555.jpg,0.0,False,Bobb,0.3,False,,a,10,54,0,428,428,462,462,0.0,0.0,Bobb,,161.0,2026-01-30,2003-07-12,False,p477555,0,0,0,0,0,0,0,0,0,0,0,0,0,0.0,0.0,0.0,0.0,0,0,0,0,0,0.00,0.00,0.00,0.00,2.0,,,,,,[],,453.0,168.0,453.0,168.0,453.0,168.0,453.0,168.0,0.0,0.0,0.0,0.0,0.0,0.0,184.0,112.0,543.0,228.0,543.0,228.0,295.0,99.0,0.0,0.0,0.0,Fulham,5.5
True,True,,,207189,0,0,0,0,-1.4,-20,"[{'offset': 0, 'projected_percent': '-2.8', 'likelihood': -1}, {'offset': 1, 'projected_percent': '-10.0', 'likelihood': -1}, {'offset': 2, 'projected_percent': '-17.2', 'likelihood': -1}]",,False,0,3,1.5,1.5,0,Sander,0.0,265,False,,,50,207189.jpg,0.0,False,Berge,0.4,False,,a,10,54,0,382,382,583,583,0.0,0.0,Berge,,161.0,2024-08-22,1998-02-14,False,p207189,0,0,0,0,0,0,0,0,0,0,0,0,0,0.0,0.0,0.0,0.0,0,0,0,0,0,0.00,0.00,0.00,0.00,,,,,,,[],,244.0,49.0,244.0,49.0,244.0,49.0,244.0,49.0,0.0,0.0,0.0,0.0,0.0,0.0,261.0,159.0,428.0,163.0,428.0,163.0,269.0,86.0,0.0,0.0,0.0,Fulham,5.0
True,True,0.0,0.0,76357,0,0,0,0,-14.5,-1,"[{'offset': 0, 'projected_percent': '-17.1', 'likelihood': -1}, {'offset': 1, 'projected_percent': '-30.7', 'likelihood': -2}, {'offset': 2, 'projected_percent': '-44.2', 'likelihood': -3}]",,False,0,3,0.0,0.0,0,Tom,0.0,266,False,Knee injury - Expected back 10 Oct,2026-08-14T18:00:06.460944Z,50,76357.jpg,0.0,False,Cairney,0.0,False,,i,10,54,0,4,4,36,36,0.0,0.0,Cairney,,243.0,2015-07-07,1991-01-20,False,p76357,0,0,0,0,0,0,0,0,0,0,0,0,0,0.0,0.0,0.0,0.0,0,0,0,0,0,0.00,0.00,0.00,0.00,,,,,,,[],https://www.fulhamfc.com/news/2026/august/21/team-news-joachim-andersen-tom-cairney-absent-for-chelsea/,209.0,30.0,209.0,30.0,209.0,30.0,209.0,30.0,0.0,0.0,0.0,0.0,0.0,0.0,226.0,140.0,408.0,152.0,408.0,152.0,591.0,257.0,0.0,0.0,0.0,Fulham,5.0
True,True,,,577725,0,0,0,0,-4.8,-8,"[{'offset': 0, 'projected_percent': '-6.2', 'likelihood': -1}, {'offset': 1, 'projected_percent': '-13.5', 'likelihood': -1}, {'offset': 2, 'projected_percent': '-20.8', 'likelihood': -2}]",,False,0,3,2.0,2.0,0,Josh,0.0,268,False,,,55,577725.jpg,0.0,False,King,0.2,False,,a,10,54,0,67,67,224,224,0.0,0.0,King,,241.0,2024-02-02,2007-01-03,False,p577725,0,0,0,0,0,0,0,0,0,0,0,0,0,0.0,0.0,0.0,0.0,0,0,0,0,0,0.00,0.00,0.00,0.00,,,,,,,[],,485.0,192.0,485.0,192.0,485.0,192.0,485.0,192.0,0.0,0.0,0.0,0.0,0.0,0.0,216.0,136.0,555.0,238.0,555.0,238.0,372.0,139.0,0.0,0.0,0.0,Fulham,5.5
True,True,,,184349,0,0,0,0,0.0,-6,"[{'offset': 0, 'projected_percent': '-0.2', 'likelihood': -1}, {'offset': 1, 'projected_percent': '-2.1', 'likelihood': -1}, {'offset': 2, 'projected_percent': '-4.0', 'likelihood': -1}]",,False,0,2,1.7,1.7,0,Ryan,0.0,269,False,,,45,184349.jpg,0.0,False,Sessegnon,0.5,False,,a,10,54,0,278,278,309,309,0.0,0.0,Sessegnon,,241.0,2024-07-26,2000-05-18,False,p184349,0,0,0,0,0,0,0,0,0,0,0,0,0,0.0,0.0,0.0,0.0,0,0,0,0,0,0.00,0.00,0.00,0.00,,,,,,,[],,100.0,65.0,100.0,65.0,100.0,65.0,100.0,65.0,0.0,0.0,0.0,0.0,0.0,0.0,426.0,92.0,334.0,127.0,334.0,127.0,264.0,99.0,0.0,0.0,0.0,Fulham,4.5
True,True,,,153366,0,0,0,0,0.2,-47,"[{'offset': 0, 'projected_percent': '0.0', 'likelihood': 0}, {'offset': 1, 'projected_percent': '-4.3', 'likelihood': -1}, {'offset': 2, 'projected_percent': '-8.9', 'likelihood': -1}]",,False,0,3,1.0,1.0,0,Harrison,0.0,270,False,,,45,153366.jpg,0.0,False,Reed,1.6,False,,a,10,54,0,2259,2259,2307,2307,0.0,0.0,Reed,,241.0,2020-08-30,1995-01-27,False,p153366,0,0,0,0,0,0,0,0,0,0,0,0,0,0.0,0.0,0.0,0.0,0,0,0,0,0,0.00,0.00,0.00,0.00,,,,,,,[],,92.0,3.0,92.0,3.0,92.0,3.0,92.0,3.0,0.0,0.0,0.0,0.0,0.0,0.0,418.0,241.0,327.0,128.0,327.0,128.0,154.0,45.0,0.0,0.0,0.0,Fulham,4.5
True,True,,,244042,0,0,0,0,-0.4,12,"[{'offset': 0, 'projected_percent': '0.0', 'likelihood': 0}, {'offset': 1, 'projected_percent': '0.2', 'likelihood': 1}, {'offset': 2, 'projected_percent': '0.4', 'likelihood': 1}]",,False,0,4,1.8,1.8,0,Rodrigo,0.0,271,False,,,55,244042.jpg,0.0,False,Muniz Carvalho,0.6,False,,a,10,54,0,708,708,811,811,0.0,0.0,Muniz,Rodrigo Muniz,30.0,2021-08-20,2001-05-04,False,p244042,0,0,0,0,0,0,0,0,0,0,0,0,0,0.0,0.0,0.0,0.0,0,0,0,0,0,0.00,0.00,0.00,0.00,,,,,,,[],,420.0,33.0,420.0,33.0,420.0,33.0,420.0,33.0,0.0,0.0,0.0,0.0,0.0,0.0,151.0,37.0,532.0,55.0,532.0,55.0,241.0,39.0,0.0,0.0,0.0,Fulham,5.5
True,True,,,631786,0,0,0,0,0.7,-83,"[{'offset': 0, 'projected_percent': '0.5', 'likelihood': 1}, {'offset': 1, 'projected_percent': '-1.1', 'likelihood': -1}, {'offset': 2, 'projected_percent': '-2.8', 'likelihood': -1}]",,False,0,4,1.0,1.0,0,Jonah,0.0,272,False,,,45,631786.jpg,0.0,False,Kusi-Asare,7.4,False,,a,10,54,0,6591,6591,6368,6368,0.0,0.0,Kusi-Asare,,206.0,2026-06-27,2007-07-04,False,p631786,0,0,0,0,0,0,0,0,0,0,0,0,0,0.0,0.0,0.0,0.0,0,0,0,0,0,0.00,0.00,0.00,0.00,,,,,,,[],,204.0,12.0,204.0,12.0,204.0,12.0,204.0,12.0,0.0,0.0,0.0,0.0,0.0,0.0,530.0,72.0,403.0,41.0,403.0,41.0,56.0,9.0,0.0,0.0,0.0,Fulham,4.5
True,True,,,551466,0,0,0,0,1.3,150,"[{'offset': 0, 'projected_percent': '1.7', 'likelihood': 1}, {'offset': 1, 'projected_percent': '3.9', 'likelihood': 1}, {'offset': 2, 'projected_percent': '6.1', 'likelihood': 1}]",,False,0,4,2.0,2.0,0,Gonzalo,0.0,569,False,,,60,551466.jpg,0.0,False,García,2.1,False,,a,10,54,0,4359,4359,2032,2032,0.0,0.0,Gonzalo,,200.0,2026-08-03,2004-03-24,False,p551466,0,0,0,0,0,0,0,0,0,0,0,0,0,0.0,0.0,0.0,0.0,0,0,0,0,0,0.00,0.00,0.00,0.00,,,,,1.0,,[],,543.0,59.0,543.0,59.0,543.0,59.0,543.0,59.0,0.0,0.0,0.0,0.0,0.0,0.0,105.0,27.0,574.0,64.0,574.0,64.0,121.0,17.0,0.0,0.0,0.0,Fulham,6.0
True,True,,,571779,0,0,0,0,-3.2,-10,"[{'offset': 0, 'projected_percent': '-4.6', 'likelihood': -1}, {'offset': 1, 'projected_percent': '-12.0', 'likelihood': -1}, {'offset': 2, 'projected_percent': '-19.3', 'likelihood': -1}]",,False,0,3,2.0,2.0,0,César,0.0,570,False,,,55,571779.jpg,0.0,False,Palacios,0.2,False,,a,10,54,0,127,127,263,263,0.0,0.0,Palacios,,200.0,2026-08-03,2004-11-11,False,p571779,0,0,0,0,0,0,0,0,0,0,0,0,0,0.0,0.0,0.0,0.0,0,0,0,0,0,0.00,0.00,0.00,0.00,,,,,,,[],,483.0,191.0,483.0,191.0,483.0,191.0,483.0,191.0,0.0,0.0,0.0,0.0,0.0,0.0,214.0,135.0,554.0,237.0,554.0,237.0,339.0,119.0,0.0,0.0,0.0,Fulham,5.5
True,True,,,463210,0,0,0,0,0.0,0,"[{'offset': 0, 'projected_percent': '0.0', 'likelihood': 0}, {'offset': 1, 'projected_percent': '0.0', 'likelihood': 0}, {'offset': 2, 'projected_percent': '0.0', 'likelihood': 0}]",2026-08-25T13:55:19.291657Z,False,0,3,1.5,1.5,0,Shea,0.0,580,False,,,50,463210.jpg,0.0,False,Charles,0.1,False,,a,10,54,0,113,113,141,141,0.0,0.0,Charles,,242.0,2026-08-11,2003-11-05,False,p463210,0,0,0,0,0,0,0,0,0,0,0,0,0,0.0,0.0,0.0,0.0,0,0,0,0,0,0.00,0.00,0.00,0.00,,,,,,,[],,298.0,75.0,298.0,75.0,298.0,75.0,298.0,75.0,0.0,0.0,0.0,0.0,0.0,0.0,315.0,185.0,469.0,184.0,469.0,184.0,429.0,170.0,0.0,0.0,0.0,Fulham,5.0
True,True,,,167825,0,0,0,0,-1.7,-39,"[{'offset': 0, 'projected_percent': '-2.5', 'likelihood': -1}, {'offset': 1, 'projected_percent': '-6.2', 'likelihood': -1}, {'offset': 2, 'projected_percent': '-10.0', 'likelihood': -1}]",,False,0,1,1.0,1.0,0,Dillon,0.0,273,False,,,40,167825.jpg,0.0,False,Phillips,1.6,False,,a,11,88,0,691,691,1310,1310,0.0,0.0,Phillips,,241.0,2025-07-01,1995-06-11,False,p167825,0,0,0,0,0,0,0,0,0,0,0,0,0,0.0,0.0,0.0,0.0,0,0,0,0,0,0.00,0.00,0.00,0.00,,,,,,,[],,16.0,9.0,16.0,9.0,16.0,9.0,16.0,9.0,0.0,0.0,0.0,0.0,0.0,0.0,549.0,56.0,274.0,27.0,274.0,27.0,152.0,23.0,0.0,0.0,0.0,Hull City,4.0
True,True,0.0,0.0,105666,0,0,0,0,-9.9,-14,"[{'offset': 0, 'projected_percent': '-11.2', 'likelihood': -1}, {'offset': 1, 'projected_percent': '-17.8', 'likelihood': -1}, {'offset': 2, 'projected_percent': '-24.4', 'likelihood': -2}]",,False,0,1,0.0,0.0,0,Jack,0.0,274,False,Arm injury - Unknown return date,2026-08-08T19:00:05.601633Z,45,105666.jpg,0.0,False,Butland,0.1,False,,i,11,88,0,47,47,589,589,0.0,0.0,Butland,,241.0,2026-07-02,1993-03-10,False,p105666,0,0,0,0,0,0,0,0,0,0,0,0,0,0.0,0.0,0.0,0.0,0,0,0,0,0,0.00,0.00,0.00,0.00,,,,,,,[],,81.0,25.0,81.0,25.0,81.0,25.0,81.0,25.0,0.0,0.0,0.0,0.0,0.0,0.0,407.0,26.0,319.0,42.0,319.0,42.0,413.0,45.0,0.0,0.0,0.0,Hull City,4.5
True,False,0.0,0.0,494950,0,0,0,0,0.0,-1,"[{'offset': 0, 'projected_percent': '0.0', 'likelihood': 0}, {'offset': 1, 'projected_percent': '0.0', 'likelihood': 0}, {'offset': 2, 'projected_percent': '0.0', 'likelihood': 0}]",,False,0,1,0.0,0.0,0,Harvey,0.0,275,False,Has joined Grimsby Town on loan for the rest of the season,2026-07-29T13:00:27.959925Z,40,494950.jpg,0.0,False,Cartwright,0.0,False,,u,11,88,0,0,0,34,34,0.0,0.0,Cartwright,,241.0,2020-07-01,2002-05-09,False,p494950,0,0,0,0,0,0,0,0,0,0,0,0,0,0.0,0.0,0.0,0.0,0,0,0,0,0,0.00,0.00,0.00,0.00,,,,,,,[],,47.0,18.0,47.0,18.0,47.0,18.0,47.0,18.0,0.0,0.0,0.0,0.0,0.0,0.0,580.0,65.0,294.0,36.0,294.0,36.0,577.0,67.0,0.0,0.0,0.0,Hull City,4.0
True,False,0.0,0.0,444307,0,0,0,0,0.0,-4,"[{'offset': 0, 'projected_percent': '0.0', 'likelihood': 0}, {'offset': 1, 'projected_percent': '0.0', 'likelihood': 0}, {'offset': 2, 'projected_percent': '0.0', 'likelihood': 0}]",,False,0,1,0.0,0.0,0,Thimothée,0.0,276,False,Has joined Colchester United on loan for the rest of the season,2026-08-17T13:50:27.125537Z,40,444307.jpg,0.0,False,Lo-Tutala,0.0,False,,u,11,88,0,0,0,145,145,0.0,0.0,Lo-Tutala,,73.0,2023-07-01,2003-02-13,False,p444307,0,0,0,0,0,0,0,0,0,0,0,0,0,0.0,0.0,0.0,0.0,0,0,0,0,0,0.00,0.00,0.00,0.00,,,,,,,[],,36.0,15.0,36.0,15.0,36.0,15.0,36.0,15.0,0.0,0.0,0.0,0.0,0.0,0.0,569.0,62.0,287.0,33.0,287.0,33.0,509.0,56.0,0.0,0.0,0.0,Hull City,4.0
True,True,,,108416,0,0,0,0,3.7,488,"[{'offset': 0, 'projected_percent': '5.1', 'likelihood': 1}, {'offset': 1, 'projected_percent': '12.2', 'likelihood': 1}, {'offset': 2, 'projected_percent': '19.4', 'likelihood': 1}]",,False,0,2,1.0,1.0,8,John,8.0,277,False,,,40,108416.jpg,8.0,False,Egan,1.7,False,,a,11,88,8,9407,9407,1483,1483,2.0,2.0,Egan,,104.0,2025-02-03,1992-10-20,False,p108416,90,0,0,1,0,0,0,0,0,0,0,0,27,0.0,0.0,0.0,0.0,20,3,1,21,1,0.00,0.00,0.00,1.83,,,,,,,[],,9.0,3.0,9.0,3.0,9.0,3.0,9.0,3.0,0.0,0.0,0.0,0.0,1.83,0.0,542.0,151.0,27.0,11.0,27.0,11.0,143.0,59.0,1.0,1.0,21.0,Hull City,4.0
True,True,0.0,0.0,501902,0,0,0,0,-12.2,-35,"[{'offset': 0, 'projected_percent': '-15.1', 'likelihood': -1}, {'offset': 1, 'projected_percent': '-29.9', 'likelihood': -2}, {'offset': 2, 'projected_percent': '-44.7', 'likelihood': -3}]",,False,0,2,0.0,0.0,0,Charlie,0.0,278,False,Groin injury - Unknown return date,2026-08-02T09:00:11.030017Z,40,501902.jpg,0.0,False,Hughes,0.1,False,,i,11,88,0,31,31,787,787,0.0,0.0,Hughes,,241.0,2024-08-16,2003-10-16,False,p501902,0,0,0,0,0,0,0,0,0,0,0,0,0,0.0,0.0,0.0,0.0,0,0,0,0,0,0.00,0.00,0.00,0.00,,,,,,,[],,50.0,32.0,50.0,32.0,50.0,32.0,50.0,32.0,0.0,0.0,0.0,0.0,0.0,0.0,583.0,180.0,297.0,105.0,297.0,105.0,397.0,141.0,0.0,0.0,0.0,Hull City,4.0
True,True,75.0,,146426,0,0,0,0,8.9,473,"[{'offset': 0, 'projected_percent': '10.3', 'likelihood': 1}, {'offset': 1, 'projected_percent': '17.2', 'likelihood': 1}, {'offset': 2, 'projected_percent': '24.2', 'likelihood': 2}]",,False,1,2,0.8,1.0,14,Semi,14.0,279,True,Hamstring injury - 75% chance of playing,2026-08-22T17:30:07.668197Z,40,146426.jpg,14.0,False,Ajayi,1.3,False,,d,11,88,14,20253,20253,3280,3280,3.5,3.5,Ajayi,,157.0,2025-07-01,1993-11-09,False,p146426,63,1,0,1,0,0,0,0,0,0,0,2,39,0.0,0.0,0.0,0.0,7,3,0,7,1,0.52,0.00,0.52,0.86,,,,,,,[],,12.0,5.0,12.0,5.0,12.0,5.0,12.0,5.0,0.74,0.0,0.0,0.74,1.23,0.0,545.0,153.0,4.0,3.0,4.0,3.0,173.0,69.0,1.43,1.43,10.0,Hull City,4.0
True,True,75.0,,193278,0,0,0,0,-1.3,-37,"[{'offset': 0, 'projected_percent': '-2.2', 'likelihood': -1}, {'offset': 1, 'projected_percent': '-6.6', 'likelihood': -1}, {'offset': 2, 'projected_percent': '-11.1', 'likelihood': -1}]",,False,0,2,0.8,1.0,6,Lewie,6.0,280,False,Ankle injury - 75% chance of playing,2026-08-22T17:30:07.685683Z,40,193278.jpg,6.0,False,Coyle,0.7,False,,d,11,88,6,718,718,1047,1047,1.5,1.5,Coyle,,241.0,2020-08-07,1995-10-15,False,p193278,69,0,0,1,0,0,0,0,0,0,0,0,23,0.0,0.0,0.0,0.0,1,3,1,2,1,0.00,0.01,0.01,1.16,,,,,,,[],,22.0,12.0,22.0,12.0,22.0,12.0,22.0,12.0,0.0,0.0,0.01,0.01,1.51,0.0,555.0,160.0,37.0,14.0,37.0,14.0,228.0,87.0,1.3,1.3,2.61,Hull City,4.0
True,True,100.0,100.0,433590,0,0,0,0,0.0,0,"[{'offset': 0, 'projected_percent': '0.0', 'likelihood': 0}, {'offset': 1, 'projected_percent': '0.0', 'likelihood': 0}, {'offset': 2, 'projected_percent': '0.0', 'likelihood': 0}]",2026-08-29T11:00:08.336410Z,False,0,2,1.0,1.0,1,Cody,1.0,281,False,,2026-08-08T19:00:05.613036Z,40,433590.jpg,1.0,False,Drameh,0.0,False,,a,11,88,1,219,219,61,61,0.2,0.2,Drameh,,241.0,2024-07-23,2001-12-08,False,p433590,20,0,0,0,0,0,0,0,0,0,0,0,4,0.0,0.0,0.0,0.0,2,2,1,3,0,0.05,0.00,0.05,0.67,,,,,,,[],,33.0,20.0,33.0,20.0,33.0,20.0,33.0,20.0,0.22,0.0,0.0,0.22,3.02,0.0,566.0,168.0,162.0,53.0,162.0,53.0,487.0,168.0,0.0,0.0,13.5,Hull City,4.0
True,True,,,232351,0,0,0,0,1.2,142,"[{'offset': 0, 'projected_percent': '1.6', 'likelihood': 1}, {'offset': 1, 'projected_percent': '3.7', 'likelihood': 1}, {'offset': 2, 'projected_percent': '5.8', 'likelihood': 1}]",,False,0,2,1.0,1.0,6,Ryan,6.0,282,False,,,40,232351.jpg,6.0,False,Giles,0.8,False,,a,11,88,6,3099,3099,629,629,1.5,1.5,Giles,,241.0,2024-06-27,2000-01-26,False,p232351,84,0,0,1,0,0,0,0,0,0,0,0,24,0.0,0.0,0.0,0.0,5,1,1,6,1,0.02,0.07,0.09,1.76,1.0,,1.0,,,,[],,30.0,19.0,30.0,19.0,30.0,19.0,30.0,19.0,0.02,0.0,0.08,0.1,1.89,0.0,563.0,167.0,38.0,15.0,38.0,15.0,212.0,79.0,1.07,1.07,6.43,Hull City,4.0
True,True,0.0,0.0,449428,0,0,0,0,-9.5,-1,"[{'offset': 0, 'projected_percent': '-10.5', 'likelihood': -1}, {'offset': 1, 'projected_percent': '-15.3', 'likelihood': -1}, {'offset': 2, 'projected_percent': '-20.2', 'likelihood': -2}]",,False,0,2,0.0,0.0,0,Matty,0.0,283,False,Hip injury - Expected back 5 Sep,2026-08-02T09:00:11.038361Z,40,449428.jpg,0.0,False,Jacob,0.0,False,,i,11,88,0,15,15,76,76,0.0,0.0,Jacob,,241.0,2019-07-01,2001-06-03,False,p449428,0,0,0,0,0,0,0,0,0,0,0,0,0,0.0,0.0,0.0,0.0,0,0,0,0,0,0.00,0.00,0.00,0.00,,,,,,,[],,37.0,22.0,37.0,22.0,37.0,22.0,37.0,22.0,0.0,0.0,0.0,0.0,0.0,0.0,570.0,170.0,288.0,99.0,288.0,99.0,566.0,191.0,0.0,0.0,0.0,Hull City,4.0
True,True,,,661800,0,0,0,0,-6.4,-1,"[{'offset': 0, 'projected_percent': '-6.8', 'likelihood': -1}, {'offset': 1, 'projected_percent': '-8.9', 'likelihood': -1}, {'offset': 2, 'projected_percent': '-11.0', 'likelihood': -1}]",,False,0,2,1.0,1.0,0,Cathal,0.0,284,False,,,40,661800.jpg,0.0,False,McCarthy,0.1,False,,a,11,88,0,136,136,244,244,0.0,0.0,McCarthy,,,,,False,p661800,0,0,0,0,0,0,0,0,0,0,0,0,0,0.0,0.0,0.0,0.0,0,0,0,0,0,0.00,0.00,0.00,0.00,,,,,,,[],,71.0,51.0,71.0,51.0,71.0,51.0,71.0,51.0,0.0,0.0,0.0,0.0,0.0,0.0,604.0,199.0,314.0,120.0,314.0,120.0,443.0,154.0,0.0,0.0,0.0,Hull City,4.0
True,True,,,160817,0,0,0,0,0.0,4,"[{'offset': 0, 'projected_percent': '0.0', 'likelihood': 0}, {'offset': 1, 'projected_percent': '0.1', 'likelihood': 1}, {'offset': 2, 'projected_percent': '0.1', 'likelihood': 1}]",,False,0,2,1.0,1.0,1,Paddy,1.0,285,False,,,40,160817.jpg,1.0,False,McNair,0.1,False,,a,11,88,1,155,155,139,139,0.2,0.2,McNair,,242.0,2026-01-28,1995-04-27,False,p160817,26,0,0,0,0,0,0,0,0,0,0,0,3,0.0,0.0,0.0,0.0,2,1,0,2,0,0.00,0.00,0.00,0.96,,,,,,,[],,14.0,6.0,14.0,6.0,14.0,6.0,14.0,6.0,0.0,0.0,0.0,0.0,3.32,0.0,547.0,154.0,158.0,49.0,158.0,49.0,406.0,145.0,0.0,0.0,6.92,Hull City,4.0
True,True,,,540324,0,0,0,0,1.7,146,"[{'offset': 0, 'projected_percent': '2.1', 'likelihood': 1}, {'offset': 1, 'projected_percent': '4.3', 'likelihood': 1}, {'offset': 2, 'projected_percent': '6.4', 'likelihood': 1}]",,False,0,3,1.5,1.5,3,Mohamed,3.0,286,False,,,50,540324.jpg,3.0,False,Belloumi,0.5,False,,a,11,88,3,3718,3718,667,667,0.6,0.6,Belloumi,,3.0,2024-08-30,2002-06-01,False,p540324,90,0,0,1,0,0,0,0,0,0,0,0,8,0.0,0.0,0.0,0.0,3,3,4,10,1,0.05,0.03,0.08,1.83,3.0,,2.0,,,,[],,348.0,105.0,348.0,105.0,348.0,105.0,348.0,105.0,0.05,0.0,0.03,0.08,1.83,0.0,365.0,215.0,84.0,34.0,84.0,34.0,251.0,83.0,1.0,1.0,10.0,Hull City,5.0
True,True,,,232905,0,0,0,0,-8.6,-14,"[{'offset': 0, 'projected_percent': '-14.6', 'likelihood': -1}, {'offset': 1, 'projected_percent': '-45.9', 'likelihood': -3}, {'offset': 2, 'projected_percent': '-77.2', 'likelihood': -4}]",,False,0,3,1.5,1.5,0,Liam,0.0,287,False,,,50,232905.jpg,0.0,False,Millar,0.1,False,,a,11,88,0,104,104,211,211,0.0,0.0,Millar,,39.0,2024-08-09,1999-09-27,False,p232905,19,0,0,0,0,0,0,0,1,0,0,0,2,0.0,0.0,0.0,0.0,1,1,1,3,0,0.00,0.00,0.00,0.67,,,,,,,[],,271.0,62.0,271.0,62.0,271.0,62.0,271.0,62.0,0.0,0.0,0.0,0.0,3.17,0.0,288.0,172.0,446.0,172.0,446.0,172.0,458.0,187.0,0.0,0.0,14.21,Hull City,5.0
True,True,,,171270,0,0,0,0,-6.1,-16,"[{'offset': 0, 'projected_percent': '-7.2', 'likelihood': -1}, {'offset': 1, 'projected_percent': '-13.2', 'likelihood': -1}, {'offset': 2, 'projected_percent': '-19.2', 'likelihood': -1}]",,False,0,3,1.0,1.0,0,Kieran,0.0,288,False,,,45,171270.jpg,0.0,False,Dowell,0.4,False,,a,11,88,0,462,462,978,978,0.0,0.0,Dowell,,241.0,2026-01-23,1997-10-10,False,p171270,0,0,0,0,0,0,0,0,0,0,0,0,0,0.0,0.0,0.0,0.0,0,0,0,0,0,0.00,0.00,0.00,0.00,,,,,,,[],,97.0,4.0,97.0,4.0,97.0,4.0,97.0,4.0,0.0,0.0,0.0,0.0,0.0,0.0,423.0,242.0,331.0,129.0,331.0,129.0,275.0,90.0,0.0,0.0,0.0,Hull City,4.5
True,True,,,101282,0,0,0,0,0.7,63,"[{'offset': 0, 'projected_percent': '0.8', 'likelihood': 1}, {'offset': 1, 'projected_percent': '1.8', 'likelihood': 1}, {'offset': 2, 'projected_percent': '2.7', 'likelihood': 1}]",,False,0,3,1.0,1.0,2,Matt,2.0,289,False,,,45,101282.jpg,2.0,False,Crooks,0.7,False,,a,11,88,2,2241,2241,1127,1127,0.4,0.4,Crooks,,241.0,2025-01-10,1994-01-20,False,p101282,90,0,0,1,0,0,0,0,1,0,0,0,9,0.0,0.0,0.0,0.0,4,1,4,9,1,0.00,0.00,0.00,1.83,,,,,,,[],,80.0,1.0,80.0,1.0,80.0,1.0,80.0,1.0,0.0,0.0,0.0,0.0,1.83,0.0,406.0,239.0,103.0,48.0,103.0,48.0,231.0,76.0,1.0,1.0,9.0,Hull City,4.5
True,True,,,243413,0,0,0,0,8.0,839,"[{'offset': 0, 'projected_percent': '10.4', 'likelihood': 1}, {'offset': 1, 'projected_percent': '22.7', 'likelihood': 2}, {'offset': 2, 'projected_percent': '35.1', 'likelihood': 2}]",,False,0,3,1.0,1.0,6,Regan,6.0,290,False,,,45,243413.jpg,6.0,False,Slater,3.3,False,,a,11,88,6,18678,18678,3459,3459,1.3,1.3,Slater,,241.0,2022-01-27,1999-09-11,False,p243413,90,0,1,1,0,0,0,0,0,0,0,0,20,0.0,0.0,0.0,0.0,0,2,1,3,1,0.00,0.44,0.44,1.83,2.0,,,,,,[],,127.0,7.0,127.0,7.0,127.0,7.0,127.0,7.0,0.0,0.0,0.44,0.44,1.83,0.0,453.0,245.0,44.0,18.0,44.0,18.0,98.0,33.0,1.0,1.0,3.0,Hull City,4.5
True,True,0.0,0.0,465525,0,0,0,0,-0.7,2,"[{'offset': 0, 'projected_percent': '0.0', 'likelihood': 0}, {'offset': 1, 'projected_percent': '0.0', 'likelihood': 0}, {'offset': 2, 'projected_percent': '0.1', 'likelihood': 1}]",,False,0,3,0.0,0.0,0,Eliot,0.0,291,False,Knee injury - Unknown return date,2026-07-23T12:01:23.532635Z,45,465525.jpg,0.0,False,Matazo,0.0,False,,i,11,88,0,17,17,20,20,0.0,0.0,Matazo,,21.0,2025-01-23,2002-02-15,False,p465525,0,0,0,0,0,0,0,0,0,0,0,0,0,0.0,0.0,0.0,0.0,0,0,0,0,0,0.00,0.00,0.00,0.00,,,,,,,[],,143.0,9.0,143.0,9.0,143.0,9.0,143.0,9.0,0.0,0.0,0.0,0.0,0.0,0.0,469.0,247.0,359.0,132.0,359.0,132.0,585.0,251.0,0.0,0.0,0.0,Hull City,4.5
True,True,,,208481,0,0,0,0,0.0,-2,"[{'offset': 0, 'projected_percent': '-1.3', 'likelihood': -1}, {'offset': 1, 'projected_percent': '-20.7', 'likelihood': -2}, {'offset': 2, 'projected_percent': '-40.1', 'likelihood': -3}]",,False,0,3,1.5,1.5,0,Abdülkadir,0.0,292,False,,,50,208481.jpg,0.0,False,Ömür,0.0,False,,a,11,88,0,109,109,108,108,0.0,0.0,Ömür,,219.0,2024-02-01,1999-06-25,False,p208481,0,0,0,0,0,0,0,0,0,0,0,0,0,0.0,0.0,0.0,0.0,0,0,0,0,0,0.00,0.00,0.00,0.00,,,,,,,[],,245.0,50.0,245.0,50.0,245.0,50.0,245.0,50.0,0.0,0.0,0.0,0.0,0.0,0.0,262.0,160.0,429.0,164.0,429.0,164.0,548.0,225.0,0.0,0.0,0.0,Hull City,5.0
True,False,0.0,0.0,490161,0,0,0,0,0.0,-3,"[{'offset': 0, 'projected_percent': '0.0', 'likelihood': 0}, {'offset': 1, 'projected_percent': '0.0', 'likelihood': 0}, {'offset': 2, 'projected_percent': '0.0', 'likelihood': 0}]",,False,0,3,0.0,0.0,0,Abu,0.0,293,False,Has joined Portsmouth permanently,2026-08-12T14:08:23.542043Z,50,490161.jpg,0.0,False,Kamara,0.0,False,,u,11,88,0,0,0,84,84,0.0,0.0,Kamara,,241.0,2024-08-30,2003-07-21,False,p490161,0,0,0,0,0,0,0,0,0,0,0,0,0,0.0,0.0,0.0,0.0,0,0,0,0,0,0.00,0.00,0.00,0.00,,,,,,,[],,317.0,84.0,317.0,84.0,317.0,84.0,317.0,84.0,0.0,0.0,0.0,0.0,0.0,0.0,334.0,194.0,480.0,192.0,480.0,192.0,589.0,255.0,0.0,0.0,0.0,Hull City,5.0
True,True,0.0,0.0,553783,0,0,0,0,-9.6,-28,"[{'offset': 0, 'projected_percent': '-12.2', 'likelihood': -1}, {'offset': 1, 'projected_percent': '-25.6', 'likelihood': -2}, {'offset': 2, 'projected_percent': '-38.9', 'likelihood': -2}]",,False,0,3,0.0,0.0,0,Óscar,0.0,294,False,Thigh injury - Unknown return date,2026-08-04T18:30:11.016909Z,45,553783.jpg,0.0,False,Zambrano,0.1,False,,i,11,88,0,123,123,694,694,0.0,0.0,Zambrano,,62.0,2026-07-21,2004-04-20,False,p553783,0,0,0,0,0,0,0,0,0,0,0,0,0,0.0,0.0,0.0,0.0,0,0,0,0,0,0.00,0.00,0.00,0.00,,,,,,,[],,179.0,17.0,179.0,17.0,179.0,17.0,179.0,17.0,0.0,0.0,0.0,0.0,0.0,0.0,505.0,255.0,383.0,140.0,383.0,140.0,410.0,160.0,0.0,0.0,0.0,Hull City,4.5
True,True,,,169432,0,0,0,0,6.8,881,"[{'offset': 0, 'projected_percent': '9.3', 'likelihood': 1}, {'offset': 1, 'projected_percent': '22.2', 'likelihood': 2}, {'offset': 2, 'projected_percent': '35.1', 'likelihood': 2}]",,False,0,4,1.8,1.8,5,Oli,5.0,295,False,,,55,169432.jpg,5.0,False,McBurnie,1.5,False,,a,11,88,5,15068,15068,1934,1934,0.9,0.9,McBurnie,,243.0,2025-08-06,1996-06-04,False,p169432,90,0,1,1,0,0,0,0,0,0,0,0,21,0.0,0.0,0.0,0.0,3,2,0,5,1,0.16,0.01,0.17,1.83,,,,,1.0,,[],,390.0,27.0,390.0,27.0,390.0,27.0,390.0,27.0,0.16,0.0,0.01,0.17,1.83,0.0,121.0,31.0,61.0,4.0,61.0,4.0,159.0,23.0,1.0,1.0,5.0,Hull City,5.5
True,True,,,213292,0,0,0,0,0.0,4,"[{'offset': 0, 'projected_percent': '0.0', 'likelihood': 0}, {'offset': 1, 'projected_percent': '0.1', 'likelihood': 1}, {'offset': 2, 'projected_percent': '0.2', 'likelihood': 1}]",,False,0,3,1.5,1.5,0,David,0.0,296,False,,,50,213292.jpg,0.0,False,Akintola,0.0,False,,a,11,88,0,320,320,269,269,0.0,0.0,Akintola,,157.0,2025-08-15,1996-01-13,False,p213292,0,0,0,0,0,0,0,0,0,0,0,0,0,0.0,0.0,0.0,0.0,0,0,0,0,0,0.00,0.00,0.00,0.00,,,,,,,[],,250.0,54.0,250.0,54.0,250.0,54.0,250.0,54.0,0.0,0.0,0.0,0.0,0.0,0.0,267.0,164.0,431.0,165.0,431.0,165.0,501.0,209.0,0.0,0.0,0.0,Hull City,5.0
True,True,0.0,0.0,470294,0,0,0,0,-10.9,-8,"[{'offset': 0, 'projected_percent': '-13.9', 'likelihood': -1}, {'offset': 1, 'projected_percent': '-29.3', 'likelihood': -2}, {'offset': 2, 'projected_percent': '-44.7', 'likelihood': -3}]",,False,0,3,0.0,0.0,0,Darko,0.0,297,False,Thigh injury - Unknown return date,2026-08-04T18:30:11.027155Z,45,470294.jpg,0.0,False,Gyabi,0.0,False,,i,11,88,0,20,20,173,173,0.0,0.0,Gyabi,,241.0,2025-09-01,2004-02-18,False,p470294,0,0,0,0,0,0,0,0,0,0,0,0,0,0.0,0.0,0.0,0.0,0,0,0,0,0,0.00,0.00,0.00,0.00,,,,,,,[],,145.0,10.0,145.0,10.0,145.0,10.0,145.0,10.0,0.0,0.0,0.0,0.0,0.0,0.0,471.0,248.0,360.0,133.0,360.0,133.0,527.0,218.0,0.0,0.0,0.0,Hull City,4.5
True,False,0.0,0.0,500957,0,0,0,0,0.0,-143,"[{'offset': 0, 'projected_percent': '0.0', 'likelihood': 0}, {'offset': 1, 'projected_percent': '0.0', 'likelihood': 0}, {'offset': 2, 'projected_percent': '0.0', 'likelihood': 0}]",,False,0,4,0.0,0.0,0,Enis,0.0,298,False,Has joined Konyaspor permanently,2026-08-17T13:50:27.145733Z,45,500957.jpg,0.0,False,Destan,0.4,False,,u,11,88,0,0,0,3329,3329,0.0,0.0,Destan,,219.0,2025-08-01,2002-06-15,False,p500957,0,0,0,0,0,0,0,0,0,0,0,0,0,0.0,0.0,0.0,0.0,0,0,0,0,0,0.00,0.00,0.00,0.00,,,,,,,[],,164.0,3.0,164.0,3.0,164.0,3.0,164.0,3.0,0.0,0.0,0.0,0.0,0.0,0.0,490.0,63.0,369.0,33.0,369.0,33.0,274.0,47.0,0.0,0.0,0.0,Hull City,4.5
True,False,0.0,0.0,534392,0,0,0,0,0.0,-18,"[{'offset': 0, 'projected_percent': '0.0', 'likelihood': 0}, {'offset': 1, 'projected_percent': '0.0', 'likelihood': 0}, {'offset': 2, 'projected_percent': '0.0', 'likelihood': 0}]",,False,0,4,0.0,0.0,0,Mason,0.0,299,False,Has joined Sheffield Wednesday on loan for the rest of the season,2026-08-03T14:05:20.234842Z,45,534392.jpg,0.0,False,Burstow,0.1,False,,u,11,88,0,0,0,469,469,0.0,0.0,Burstow,,241.0,2024-08-16,2003-08-04,False,p534392,0,0,0,0,0,0,0,0,0,0,0,0,0,0.0,0.0,0.0,0.0,0,0,0,0,0,0.00,0.00,0.00,0.00,,,,,,,[],,172.0,4.0,172.0,4.0,172.0,4.0,172.0,4.0,0.0,0.0,0.0,0.0,0.0,0.0,498.0,64.0,376.0,34.0,376.0,34.0,467.0,63.0,0.0,0.0,0.0,Hull City,4.5
True,True,0.0,0.0,462635,0,0,0,0,-11.3,-4,"[{'offset': 0, 'projected_percent': '-14.0', 'likelihood': -1}, {'offset': 1, 'projected_percent': '-27.7', 'likelihood': -2}, {'offset': 2, 'projected_percent': '-41.4', 'likelihood': -3}]",,False,0,3,0.0,0.0,0,Joe,0.0,340,False,Ankle injury - Expected back 5 Sep,2026-08-17T21:30:07.799839Z,50,462635.jpg,0.0,False,Gelhardt,0.0,False,,i,11,88,0,17,17,97,97,0.0,0.0,Gelhardt,,241.0,2026-08-15,2002-05-04,False,p462635,0,0,0,0,0,0,0,0,0,0,0,0,0,0.0,0.0,0.0,0.0,0,0,0,0,0,0.00,0.00,0.00,0.00,,,,,,,[],,297.0,74.0,297.0,74.0,297.0,74.0,297.0,74.0,0.0,0.0,0.0,0.0,0.0,0.0,314.0,184.0,468.0,183.0,468.0,183.0,564.0,238.0,0.0,0.0,0.0,Hull City,5.0
True,True,,,169359,0,0,0,0,-4.4,-90,"[{'offset': 0, 'projected_percent': '-5.5', 'likelihood': -1}, {'offset': 1, 'projected_percent': '-11.1', 'likelihood': -1}, {'offset': 2, 'projected_percent': '-16.8', 'likelihood': -1}]",,False,0,2,1.0,1.0,1,Matt,1.0,556,False,,,40,169359.jpg,1.0,False,Targett,2.4,False,,a,11,88,1,1458,1458,3731,3731,0.2,0.2,Targett,,241.0,2026-07-23,1995-09-18,False,p169359,5,0,0,0,0,0,0,0,0,0,0,0,3,0.0,0.0,0.0,0.0,0,1,0,0,0,0.00,0.00,0.00,0.07,,,,,,,[],,17.0,8.0,17.0,8.0,17.0,8.0,17.0,8.0,0.0,0.0,0.0,0.0,1.26,0.0,550.0,156.0,160.0,51.0,160.0,51.0,115.0,48.0,0.0,0.0,0.0,Hull City,4.0
True,True,50.0,50.0,445028,0,0,0,0,-13.6,-2,"[{'offset': 0, 'projected_percent': '-15.0', 'likelihood': -1}, {'offset': 1, 'projected_percent': '-22.3', 'likelihood': -2}, {'offset': 2, 'projected_percent': '-29.6', 'likelihood': -2}]",,False,0,3,0.8,0.8,0,Hidemasa,0.0,563,False,Calf injury - 50% chance of playing,2026-08-15T16:00:07.961518Z,50,445028.jpg,0.0,False,Morita,0.0,False,,d,11,88,0,19,19,113,113,0.0,0.0,Morita,,108.0,2026-07-24,1995-05-10,False,p445028,0,0,0,0,0,0,0,0,0,0,0,0,0,0.0,0.0,0.0,0.0,0,0,0,0,0,0.00,0.00,0.00,0.00,,,,,,,[],,289.0,70.0,289.0,70.0,289.0,70.0,289.0,70.0,0.0,0.0,0.0,0.0,0.0,0.0,306.0,180.0,460.0,179.0,460.0,179.0,535.0,221.0,0.0,0.0,0.0,Hull City,5.0
True,True,,,473284,0,0,0,0,7.3,937,"[{'offset': 0, 'projected_percent': '10.0', 'likelihood': 1}, {'offset': 1, 'projected_percent': '23.7', 'likelihood': 2}, {'offset': 2, 'projected_percent': '37.5', 'likelihood': 2}]",,False,1,1,1.9,1.9,10,Konstantinos,10.0,572,True,,,45,473284.jpg,10.0,False,Tzolakis,1.0,False,,a,11,88,10,18510,18510,1448,1448,2.2,2.2,Tzolakis,,83.0,2026-08-05,2002-11-08,False,p473284,90,0,0,1,0,0,0,0,0,0,5,3,41,0.0,0.0,0.0,0.0,0,22,0,0,1,0.00,0.00,0.00,1.83,,,,,,,[],,149.0,39.0,149.0,39.0,149.0,39.0,149.0,39.0,0.0,5.0,0.0,0.0,1.83,0.0,475.0,40.0,12.0,1.0,12.0,1.0,193.0,28.0,1.0,1.0,0.0,Hull City,4.5
True,True,,,552946,0,0,0,0,-2.1,-6,"[{'offset': 0, 'projected_percent': '-4.2', 'likelihood': -1}, {'offset': 1, 'projected_percent': '-14.9', 'likelihood': -1}, {'offset': 2, 'projected_percent': '-25.5', 'likelihood': -2}]",,False,0,3,1.5,1.5,0,Jens,0.0,574,False,,,50,552946.jpg,0.0,False,Hjertø-Dahl,0.1,False,,a,11,88,0,116,116,200,200,0.0,0.0,Hjertø-Dahl,,161.0,2026-08-07,2005-10-31,False,p552946,0,0,0,0,0,0,0,0,0,0,0,0,0,0.0,0.0,0.0,0.0,0,0,0,0,0,0.00,0.00,0.00,0.00,,,,,,,[],,355.0,110.0,355.0,110.0,355.0,110.0,355.0,110.0,0.0,0.0,0.0,0.0,0.0,0.0,372.0,220.0,503.0,205.0,503.0,205.0,439.0,176.0,0.0,0.0,0.0,Hull City,5.0
True,True,,,608227,0,0,0,0,0.0,9,"[{'offset': 0, 'projected_percent': '0.0', 'likelihood': 0}, {'offset': 1, 'projected_percent': '0.2', 'likelihood': 1}, {'offset': 2, 'projected_percent': '0.3', 'likelihood': 1}]",,False,0,3,1.5,1.5,3,Elliot,3.0,576,False,,,50,608227.jpg,3.0,False,Stroud,0.1,False,,a,11,88,3,366,366,130,130,0.6,0.6,Stroud,,206.0,2026-08-09,2002-06-22,False,p608227,70,0,0,1,0,0,0,0,0,0,0,0,11,0.0,0.0,0.0,0.0,1,2,3,6,1,0.00,0.03,0.03,1.16,,,,,,,[],,365.0,118.0,365.0,118.0,365.0,118.0,365.0,118.0,0.0,0.0,0.04,0.04,1.49,0.0,382.0,228.0,85.0,35.0,85.0,35.0,440.0,177.0,1.29,1.29,7.71,Hull City,5.0
True,True,,,597462,0,0,0,0,0.0,0,"[{'offset': 0, 'projected_percent': '0.0', 'likelihood': 0}, {'offset': 1, 'projected_percent': '0.0', 'likelihood': 0}, {'offset': 2, 'projected_percent': '0.0', 'likelihood': 0}]",2026-08-27T13:56:16.809807Z,False,0,2,1.0,1.0,1,Lucas,1.0,585,False,,,40,597462.jpg,1.0,False,Herrington,0.7,False,,a,11,88,1,919,919,778,778,0.2,0.2,Herrington,,13.0,2026-08-12,2007-09-05,False,p597462,26,0,0,0,0,0,0,0,0,0,0,0,4,0.0,0.0,0.0,0.0,4,0,0,4,0,0.00,0.00,0.00,0.96,,,,,,,[],,64.0,44.0,64.0,44.0,64.0,44.0,64.0,44.0,0.0,0.0,0.0,0.0,3.32,0.0,597.0,192.0,166.0,57.0,166.0,57.0,236.0,90.0,0.0,0.0,13.85,Hull City,4.0
True,True,75.0,,606930,0,0,0,0,0.0,0,"[{'offset': 0, 'projected_percent': '0.0', 'likelihood': 0}, {'offset': 1, 'projected_percent': '0.0', 'likelihood': 0}, {'offset': 2, 'projected_percent': '0.0', 'likelihood': 0}]",2026-08-27T13:57:01.356399Z,False,1,2,0.8,1.0,15,Nobel,15.0,586,True,Thigh injury - 75% chance of playing,2026-08-22T17:30:08.045208Z,40,606930.jpg,15.0,False,Mendy,1.6,False,,d,11,88,15,30870,30870,3780,3780,3.8,3.8,Mendy,,189.0,2026-08-12,2004-09-03,False,p606930,63,1,0,1,0,0,0,0,0,0,0,1,35,0.0,0.0,0.0,0.0,13,2,0,13,1,0.28,0.00,0.28,0.86,,,,,,,[],,66.0,46.0,66.0,46.0,66.0,46.0,66.0,46.0,0.4,0.0,0.0,0.4,1.23,0.0,599.0,194.0,3.0,2.0,3.0,2.0,153.0,65.0,1.43,1.43,18.57,Hull City,4.0
True,True,,,469266,0,0,0,0,0.0,0,"[{'offset': 0, 'projected_percent': '0.0', 'likelihood': 0}, {'offset': 1, 'projected_percent': '0.0', 'likelihood': 0}, {'offset': 2, 'projected_percent': '0.0', 'likelihood': 0}]",2026-08-30T13:58:04.062423Z,False,0,3,1.5,1.5,0,Lucas,0.0,589,False,,,50,469266.jpg,0.0,False,Gourna-Douath,0.0,False,,a,11,88,0,32,32,58,58,0.0,0.0,Gourna-Douath,,73.0,2026-08-15,2003-08-05,False,p469266,0,0,0,0,0,0,0,0,0,0,0,0,0,0.0,0.0,0.0,0.0,0,0,0,0,0,0.00,0.00,0.00,0.00,,,,,,,[],,304.0,77.0,304.0,77.0,304.0,77.0,304.0,77.0,0.0,0.0,0.0,0.0,0.0,0.0,321.0,187.0,471.0,186.0,471.0,186.0,521.0,216.0,0.0,0.0,0.0,Hull City,5.0
True,True,,,219924,0,0,0,0,-0.3,-265,"[{'offset': 0, 'projected_percent': '-0.8', 'likelihood': -1}, {'offset': 1, 'projected_percent': '-3.0', 'likelihood': -1}, {'offset': 2, 'projected_percent': '-5.2', 'likelihood': -1}]",,False,0,2,1.0,1.0,2,Issa,2.0,259,False,,,40,219924.jpg,2.0,False,Diop,18.1,False,,a,12,40,2,8620,8620,12254,12254,0.5,0.5,Diop,,145.0,2026-07-22,1997-01-09,False,p219924,90,0,0,0,1,0,0,0,0,0,0,0,7,0.0,0.0,0.0,0.0,4,6,1,5,1,0.00,0.01,0.01,0.66,,,,,,,[],,27.0,16.0,27.0,16.0,27.0,16.0,27.0,16.0,0.0,0.0,0.01,0.01,0.66,1.0,560.0,164.0,100.0,38.0,100.0,38.0,19.0,6.0,1.0,0.0,5.0,Ipswich Town,4.0
True,True,,,212314,0,0,0,0,0.1,11,"[{'offset': 0, 'projected_percent': '0.1', 'likelihood': 1}, {'offset': 1, 'projected_percent': '0.3', 'likelihood': 1}, {'offset': 2, 'projected_percent': '0.4', 'likelihood': 1}]",,False,0,3,1.5,1.5,5,Saša,5.0,267,False,,,50,212314.jpg,5.0,False,Lukić,0.1,False,,a,12,40,5,285,285,167,167,1.0,1.0,Lukić,,190.0,2026-08-08,1996-08-13,False,p212314,90,0,1,0,1,0,0,0,0,0,0,0,22,0.0,0.0,0.0,0.0,2,3,1,6,1,0.00,0.02,0.02,0.66,4.0,,,,,,[],,249.0,53.0,249.0,53.0,249.0,53.0,249.0,53.0,0.0,0.0,0.02,0.02,0.66,1.0,266.0,163.0,59.0,23.0,59.0,23.0,399.0,156.0,1.0,0.0,6.0,Ipswich Town,5.0
True,True,,,108813,0,0,0,0,-7.6,-46,"[{'offset': 0, 'projected_percent': '-10.1', 'likelihood': -1}, {'offset': 1, 'projected_percent': '-22.8', 'likelihood': -2}, {'offset': 2, 'projected_percent': '-35.6', 'likelihood': -2}]",,False,0,1,1.9,1.9,0,Christian,0.0,300,False,,,45,108813.jpg,0.0,False,Walton,0.5,False,,a,12,40,0,81,81,845,845,0.0,0.0,Walton,,241.0,2022-01-19,1995-11-09,False,p108813,0,0,0,0,0,0,0,0,0,0,0,0,0,0.0,0.0,0.0,0.0,0,0,0,0,0,0.00,0.00,0.00,0.00,,,,,,,[],,84.0,26.0,84.0,26.0,84.0,26.0,84.0,26.0,0.0,0.0,0.0,0.0,0.0,0.0,410.0,27.0,321.0,43.0,321.0,43.0,249.0,34.0,0.0,0.0,0.0,Ipswich Town,4.5
True,True,,,112520,0,0,0,0,-1.0,-122,"[{'offset': 0, 'projected_percent': '-1.8', 'likelihood': -1}, {'offset': 1, 'projected_percent': '-5.8', 'likelihood': -1}, {'offset': 2, 'projected_percent': '-9.8', 'likelihood': -1}]",,False,0,1,1.0,1.0,0,Alex,0.0,301,False,,,40,112520.jpg,0.0,False,Palmer,4.7,False,,a,12,40,0,1878,1878,3217,3217,0.0,0.0,Palmer,,241.0,2025-02-03,1996-08-10,False,p112520,0,0,0,0,0,0,0,0,0,0,0,0,0,0.0,0.0,0.0,0.0,0,0,0,0,0,0.00,0.00,0.00,0.00,,,,,,,[],,10.0,7.0,10.0,7.0,10.0,7.0,10.0,7.0,0.0,0.0,0.0,0.0,0.0,0.0,543.0,54.0,271.0,25.0,271.0,25.0,69.0,9.0,0.0,0.0,0.0,Ipswich Town,4.0
True,True,,,50093,0,0,0,0,0.1,-1,"[{'offset': 0, 'projected_percent': '0.1', 'likelihood': 1}, {'offset': 1, 'projected_percent': '0.0', 'likelihood': 0}, {'offset': 2, 'projected_percent': '0.0', 'likelihood': 0}]",,False,0,1,1.0,1.0,0,David,0.0,302,False,,,40,50093.jpg,0.0,False,Button,0.5,False,,a,12,40,0,430,430,339,339,0.0,0.0,Button,,241.0,2025-07-04,1989-02-27,False,p50093,0,0,0,0,0,0,0,0,0,0,0,0,0,0.0,0.0,0.0,0.0,0,0,0,0,0,0.00,0.00,0.00,0.00,,,,,,,[],,4.0,4.0,4.0,4.0,4.0,4.0,4.0,4.0,0.0,0.0,0.0,0.0,0.0,0.0,537.0,51.0,266.0,22.0,266.0,22.0,266.0,36.0,0.0,0.0,0.0,Ipswich Town,4.0
True,True,,,183015,0,0,0,0,-5.8,-47,"[{'offset': 0, 'projected_percent': '-7.9', 'likelihood': -1}, {'offset': 1, 'projected_percent': '-18.7', 'likelihood': -1}, {'offset': 2, 'projected_percent': '-29.4', 'likelihood': -2}]",,False,0,2,1.0,1.0,0,Cédric,0.0,303,False,,,40,183015.jpg,0.0,False,Kipré,0.7,False,,a,12,40,0,128,128,911,911,0.0,0.0,Kipré,,54.0,2026-07-01,1996-12-09,False,p183015,0,0,0,0,0,0,0,0,0,0,0,0,0,0.0,0.0,0.0,0.0,0,0,0,0,0,0.00,0.00,0.00,0.00,,,,,,,[],,21.0,11.0,21.0,11.0,21.0,11.0,21.0,11.0,0.0,0.0,0.0,0.0,0.0,0.0,554.0,159.0,277.0,93.0,277.0,93.0,234.0,89.0,0.0,0.0,0.0,Ipswich Town,4.0
True,True,,,216616,0,0,0,0,0.2,11,"[{'offset': 0, 'projected_percent': '0.2', 'likelihood': 1}, {'offset': 1, 'projected_percent': '0.4', 'likelihood': 1}, {'offset': 2, 'projected_percent': '0.6', 'likelihood': 1}]",,False,0,2,1.0,1.0,4,Dara,4.0,304,False,,,40,216616.jpg,4.0,False,O'Shea,3.5,False,,a,12,40,4,2709,2709,2043,2043,1.0,1.0,O'Shea,,104.0,2024-08-25,1999-03-04,False,p216616,90,0,0,0,1,0,0,0,0,0,0,0,16,0.0,0.0,0.0,0.0,16,6,2,18,1,0.00,0.16,0.16,0.66,,,,,,,[],,26.0,15.0,26.0,15.0,26.0,15.0,26.0,15.0,0.0,0.0,0.16,0.16,0.66,1.0,559.0,163.0,67.0,29.0,67.0,29.0,96.0,39.0,1.0,0.0,18.0,Ipswich Town,4.0
True,True,,,455084,0,0,0,0,-1.3,-103,"[{'offset': 0, 'projected_percent': '-1.8', 'likelihood': -1}, {'offset': 1, 'projected_percent': '-4.9', 'likelihood': -1}, {'offset': 2, 'projected_percent': '-7.9', 'likelihood': -1}]",,False,0,2,1.0,1.0,2,Leif,2.0,305,False,,,40,455084.jpg,2.0,False,Davis,5.2,False,,a,12,40,2,1973,1973,3797,3797,0.5,0.5,Davis,,241.0,2022-07-25,1999-12-31,False,p455084,90,0,0,0,1,0,0,0,0,0,0,0,10,0.0,0.0,0.0,0.0,7,4,0,7,1,0.00,0.01,0.01,0.66,2.0,,2.0,,,,[],,40.0,25.0,40.0,25.0,40.0,25.0,40.0,25.0,0.0,0.0,0.01,0.01,0.66,1.0,573.0,173.0,102.0,40.0,102.0,40.0,66.0,26.0,1.0,0.0,7.0,Ipswich Town,4.0
True,True,,,449429,0,0,0,0,-1.2,-17,"[{'offset': 0, 'projected_percent': '-1.5', 'likelihood': -1}, {'offset': 1, 'projected_percent': '-3.2', 'likelihood': -1}, {'offset': 2, 'projected_percent': '-4.9', 'likelihood': -1}]",,False,0,2,1.0,1.0,2,Jacob,2.0,306,False,,,40,449429.jpg,2.0,False,Greaves,1.5,False,,a,12,40,2,461,461,899,899,0.5,0.5,Greaves,,241.0,2024-07-12,2000-09-12,False,p449429,90,0,0,0,1,0,0,0,0,0,0,0,12,0.0,0.0,0.0,0.0,4,1,3,7,1,0.00,0.00,0.00,0.66,,,,,,,[],,38.0,23.0,38.0,23.0,38.0,23.0,38.0,23.0,0.0,0.0,0.0,0.0,0.66,1.0,571.0,171.0,101.0,39.0,101.0,39.0,158.0,67.0,1.0,0.0,7.0,Ipswich Town,4.0
True,True,,,222018,0,0,0,0,-3.6,1,"[{'offset': 0, 'projected_percent': '-3.2', 'likelihood': -1}, {'offset': 1, 'projected_percent': '-1.4', 'likelihood': -1}, {'offset': 2, 'projected_percent': '0.0', 'likelihood': 0}]",,False,0,2,1.0,1.0,0,Ben,0.0,307,False,,,40,222018.jpg,0.0,False,Johnson,0.1,False,,a,12,40,0,142,142,232,232,0.0,0.0,Johnson,,241.0,2024-07-01,2000-01-24,False,p222018,0,0,0,0,0,0,0,0,0,0,0,0,0,0.0,0.0,0.0,0.0,0,0,0,0,0,0.00,0.00,0.00,0.00,,,,,,,[],,29.0,18.0,29.0,18.0,29.0,18.0,29.0,18.0,0.0,0.0,0.0,0.0,0.0,0.0,562.0,166.0,282.0,97.0,282.0,97.0,415.0,148.0,0.0,0.0,0.0,Ipswich Town,4.0
True,True,,,176420,0,0,0,0,-5.8,-38,"[{'offset': 0, 'projected_percent': '-7.6', 'likelihood': -1}, {'offset': 1, 'projected_percent': '-16.5', 'likelihood': -1}, {'offset': 2, 'projected_percent': '-25.5', 'likelihood': -2}]",,False,0,2,1.0,1.0,0,Darnell,0.0,308,False,,,40,176420.jpg,0.0,False,Furlong,0.7,False,,a,12,40,0,91,91,852,852,0.0,0.0,Furlong,,241.0,2025-08-28,1995-10-31,False,p176420,0,0,0,0,0,0,0,0,0,0,0,0,0,0.0,0.0,0.0,0.0,0,0,0,0,0,0.00,0.00,0.00,0.00,,,,,,,[],,20.0,10.0,20.0,10.0,20.0,10.0,20.0,10.0,0.0,0.0,0.0,0.0,0.0,0.0,553.0,158.0,276.0,92.0,276.0,92.0,237.0,91.0,0.0,0.0,0.0,Ipswich Town,4.0
True,True,,,501390,0,0,0,0,0.0,8,"[{'offset': 0, 'projected_percent': '0.1', 'likelihood': 1}, {'offset': 1, 'projected_percent': '0.2', 'likelihood': 1}, {'offset': 2, 'projected_percent': '0.3', 'likelihood': 1}]",,False,0,3,1.5,1.5,4,Marcelino,4.0,309,False,,,50,501390.jpg,4.0,False,Núñez,0.1,False,,a,12,40,4,237,237,199,199,0.8,0.8,Núñez,,44.0,2025-08-29,2000-03-01,False,p501390,79,0,0,0,1,0,0,0,0,0,0,0,26,0.0,0.0,0.0,0.0,4,6,2,12,1,0.03,0.03,0.06,0.63,1.0,,1.0,,,,[],,328.0,89.0,328.0,89.0,328.0,89.0,328.0,89.0,0.03,0.0,0.03,0.06,0.72,1.14,345.0,199.0,68.0,28.0,68.0,28.0,394.0,153.0,1.14,0.0,13.67,Ipswich Town,5.0
True,True,0.0,0.0,241117,0,0,0,0,-18.6,0,"[{'offset': 0, 'projected_percent': '-18.6', 'likelihood': -1}, {'offset': 1, 'projected_percent': '-18.6', 'likelihood': -1}, {'offset': 2, 'projected_percent': '-18.6', 'likelihood': -1}]",,False,0,3,0.0,0.0,0,Azor,0.0,310,False,Muscular injury - Unknown return date,2026-07-29T18:00:10.305484Z,50,241117.jpg,0.0,False,Matusiwa,0.0,False,,i,12,40,0,1,1,39,39,0.0,0.0,Matusiwa,,152.0,2025-07-13,1998-04-28,False,p241117,0,0,0,0,0,0,0,0,0,0,0,0,0,0.0,0.0,0.0,0.0,0,0,0,0,0,0.00,0.00,0.00,0.00,,,,,,,[],https://www.itfc.co.uk/news/2026/may/12/midfield-duo-undergo-surgery/,273.0,63.0,273.0,63.0,273.0,63.0,273.0,63.0,0.0,0.0,0.0,0.0,0.0,0.0,290.0,173.0,448.0,173.0,448.0,173.0,594.0,259.0,0.0,0.0,0.0,Ipswich Town,5.0
True,False,0.0,0.0,149929,0,0,0,0,0.0,-3,"[{'offset': 0, 'projected_percent': '0.0', 'likelihood': 0}, {'offset': 1, 'projected_percent': '0.0', 'likelihood': 0}, {'offset': 2, 'projected_percent': '0.0', 'likelihood': 0}]",,False,0,3,0.0,0.0,0,Wes,0.0,311,False,Has joined Leicester City permanently,2026-08-10T14:02:47.597478Z,50,149929.jpg,0.0,False,Burns,0.0,False,,u,12,40,0,0,0,78,78,0.0,0.0,Burns,,244.0,2021-06-09,1994-11-23,False,p149929,0,0,0,0,0,0,0,0,0,0,0,0,0,0.0,0.0,0.0,0.0,0,0,0,0,0,0.00,0.00,0.00,0.00,,,,,,,[],,224.0,34.0,224.0,34.0,224.0,34.0,224.0,34.0,0.0,0.0,0.0,0.0,0.0,0.0,241.0,144.0,418.0,155.0,418.0,155.0,588.0,254.0,0.0,0.0,0.0,Ipswich Town,5.0
True,True,0.0,0.0,231899,0,0,0,0,-11.1,-11,"[{'offset': 0, 'projected_percent': '-13.5', 'likelihood': -1}, {'offset': 1, 'projected_percent': '-25.9', 'likelihood': -2}, {'offset': 2, 'projected_percent': '-38.2', 'likelihood': -2}]",,False,0,3,0.0,0.0,0,Jack,0.0,312,False,Knee injury - Unknown return date,2026-07-29T18:00:10.319370Z,45,231899.jpg,0.0,False,Taylor,0.0,False,,i,12,40,0,45,45,298,298,0.0,0.0,Taylor,,104.0,2023-06-26,1998-06-23,False,p231899,0,0,0,0,0,0,0,0,0,0,0,0,0,0.0,0.0,0.0,0.0,0,0,0,0,0,0.00,0.00,0.00,0.00,,,,,,,[],https://www.itfc.co.uk/news/2026/may/12/midfield-duo-undergo-surgery/,121.0,6.0,121.0,6.0,121.0,6.0,121.0,6.0,0.0,0.0,0.0,0.0,0.0,0.0,447.0,244.0,345.0,131.0,345.0,131.0,486.0,202.0,0.0,0.0,0.0,Ipswich Town,4.5
True,True,,,443261,0,0,0,0,0.2,35,"[{'offset': 0, 'projected_percent': '0.3', 'likelihood': 1}, {'offset': 1, 'projected_percent': '0.8', 'likelihood': 1}, {'offset': 2, 'projected_percent': '1.3', 'likelihood': 1}]",,False,0,3,2.0,2.0,7,Jack,7.0,313,False,,,55,443261.jpg,7.0,False,Clarke,0.3,False,,a,12,40,7,753,753,423,423,1.3,1.3,Clarke,Jack Clarke,241.0,2024-08-24,2000-11-23,False,p443261,19,1,0,0,0,0,0,0,0,0,0,1,27,0.0,0.0,0.0,0.0,0,1,1,2,0,0.10,0.00,0.10,0.03,3.0,,3.0,,1.0,,[],,434.0,159.0,434.0,159.0,434.0,159.0,434.0,159.0,0.47,0.0,0.0,0.47,0.14,0.0,165.0,103.0,36.0,17.0,36.0,17.0,304.0,103.0,0.0,0.0,9.47,Ipswich Town,5.5
True,True,,,229164,0,0,0,0,-10.8,-2,"[{'offset': 0, 'projected_percent': '-14.3', 'likelihood': -1}, {'offset': 1, 'projected_percent': '-32.3', 'likelihood': -2}, {'offset': 2, 'projected_percent': '-50.2', 'likelihood': -3}]",,False,0,3,1.5,1.5,0,Chiedozie,0.0,314,False,,,50,229164.jpg,0.0,False,Ogbene,0.0,False,,a,12,40,0,13,13,52,52,0.0,0.0,Ogbene,,104.0,2024-08-28,1997-05-01,False,p229164,0,0,0,0,0,0,0,0,0,0,0,0,0,0.0,0.0,0.0,0.0,0,0,0,0,0,0.00,0.00,0.00,0.00,,,,,,,[],,265.0,58.0,265.0,58.0,265.0,58.0,265.0,58.0,0.0,0.0,0.0,0.0,0.0,0.0,282.0,168.0,441.0,168.0,441.0,168.0,553.0,230.0,0.0,0.0,0.0,Ipswich Town,5.0
True,True,,,531442,0,0,0,0,-8.7,-20,"[{'offset': 0, 'projected_percent': '-11.2', 'likelihood': -1}, {'offset': 1, 'projected_percent': '-23.8', 'likelihood': -2}, {'offset': 2, 'projected_percent': '-36.5', 'likelihood': -2}]",,False,0,3,2.0,2.0,2,Abdul,2.0,315,False,,,55,531442.jpg,2.0,False,Fatawu,0.2,False,,a,12,40,2,184,184,584,584,0.4,0.4,Fatawu,Abdul Fatawu,81.0,2026-07-21,2004-03-08,False,p531442,65,0,0,0,1,0,0,0,0,0,0,0,22,0.0,0.0,0.0,0.0,1,2,4,7,1,0.00,0.41,0.41,0.63,,,,,,,[],,471.0,182.0,471.0,182.0,471.0,182.0,471.0,182.0,0.0,0.0,0.57,0.57,0.87,1.38,202.0,126.0,133.0,65.0,133.0,65.0,323.0,113.0,1.38,0.0,9.69,Ipswich Town,5.5
True,True,,,543968,0,0,0,0,8.4,1592,"[{'offset': 0, 'projected_percent': '12.9', 'likelihood': 1}, {'offset': 1, 'projected_percent': '36.3', 'likelihood': 2}, {'offset': 2, 'projected_percent': '59.7', 'likelihood': 3}]",,False,1,4,1.8,1.8,9,Emersonn,9.0,316,True,,,55,543968.jpg,9.0,False,Correia da Silva,0.7,False,,a,12,40,9,18883,18883,1599,1599,1.6,1.6,Emersonn,Emersonn,30.0,2026-07-08,2004-07-16,False,p543968,65,1,0,0,1,0,0,0,0,0,0,3,41,0.0,0.0,0.0,0.0,1,1,1,3,1,0.82,0.06,0.88,0.63,,,,,2.0,,[],,473.0,40.0,473.0,40.0,473.0,40.0,473.0,40.0,1.14,0.0,0.08,1.22,0.87,1.38,204.0,44.0,24.0,1.0,24.0,1.0,220.0,37.0,1.38,0.0,4.15,Ipswich Town,5.5
True,False,0.0,0.0,222625,0,0,0,0,0.0,-100,"[{'offset': 0, 'projected_percent': '0.0', 'likelihood': 0}, {'offset': 1, 'projected_percent': '0.0', 'likelihood': 0}, {'offset': 2, 'projected_percent': '0.0', 'likelihood': 0}]",,False,0,4,0.0,0.0,0,George,0.0,317,False,Has joined Stoke City permanently,2026-08-21T13:06:08.606019Z,50,222625.jpg,0.0,False,Hirst,0.2,False,,u,12,40,0,0,0,3359,3359,0.0,0.0,Hirst,,243.0,2023-07-13,1999-02-15,False,p222625,0,0,0,0,0,0,0,0,0,0,0,0,0,0.0,0.0,0.0,0.0,0,0,0,0,0,0.00,0.00,0.00,0.00,,,,,,,[],,261.0,15.0,261.0,15.0,261.0,15.0,261.0,15.0,0.0,0.0,0.0,0.0,0.0,0.0,278.0,51.0,438.0,42.0,438.0,42.0,329.0,53.0,0.0,0.0,0.0,Ipswich Town,5.0
True,True,,,481624,0,0,0,0,-17.3,-26,"[{'offset': 0, 'projected_percent': '-21.8', 'likelihood': -2}, {'offset': 1, 'projected_percent': '-45.0', 'likelihood': -3}, {'offset': 2, 'projected_percent': '-68.2', 'likelihood': -4}]",,False,0,3,2.0,2.0,0,Jaden,0.0,318,False,,,55,481624.jpg,0.0,False,Philogene,0.2,False,,a,12,40,0,66,66,585,585,0.0,0.0,Philogene,,241.0,2025-01-15,2002-02-08,False,p481624,0,0,0,0,0,0,0,0,0,0,0,0,0,0.0,0.0,0.0,0.0,0,0,0,0,0,0.00,0.00,0.00,0.00,5.0,,,,3.0,,[],,455.0,169.0,455.0,169.0,455.0,169.0,455.0,169.0,0.0,0.0,0.0,0.0,0.0,0.0,186.0,113.0,544.0,229.0,544.0,229.0,371.0,138.0,0.0,0.0,0.0,Ipswich Town,5.5
True,False,0.0,0.0,172453,0,0,0,0,0.0,-7,"[{'offset': 0, 'projected_percent': '0.0', 'likelihood': 0}, {'offset': 1, 'projected_percent': '0.0', 'likelihood': 0}, {'offset': 2, 'projected_percent': '0.0', 'likelihood': 0}]",,False,0,3,0.0,0.0,0,Sam,0.0,319,False,Has joined Derby County on loan for the rest of the season,2026-08-17T13:51:41.713979Z,50,172453.jpg,0.0,False,Szmodics,0.0,False,,u,12,40,0,0,0,183,183,0.0,0.0,Szmodics,,104.0,2024-08-16,1995-09-24,False,p172453,0,0,0,0,0,0,0,0,0,0,0,0,0,0.0,0.0,0.0,0.0,0,0,0,0,0,0.00,0.00,0.00,0.00,,,,,,,[],,232.0,41.0,232.0,41.0,232.0,41.0,232.0,41.0,0.0,0.0,0.0,0.0,0.0,0.0,249.0,151.0,424.0,160.0,424.0,160.0,584.0,250.0,0.0,0.0,0.0,Ipswich Town,5.0
True,True,,,147675,0,0,0,0,0.2,-7,"[{'offset': 0, 'projected_percent': '0.2', 'likelihood': 1}, {'offset': 1, 'projected_percent': '0.1', 'likelihood': 1}, {'offset': 2, 'projected_percent': '-0.6', 'likelihood': -1}]",,False,0,4,1.4,1.4,1,Chuba,1.0,320,False,,,50,147675.jpg,1.0,False,Akpom,0.6,False,,a,12,40,1,1384,1384,1199,1199,0.2,0.2,Akpom,,241.0,2026-07-01,1995-10-09,False,p147675,24,0,0,0,0,0,0,0,0,0,0,0,3,0.0,0.0,0.0,0.0,0,2,1,3,0,0.00,0.00,0.00,0.03,,,,,,,[],,223.0,13.0,223.0,13.0,223.0,13.0,223.0,13.0,0.0,0.0,0.0,0.0,0.11,0.0,240.0,49.0,191.0,18.0,191.0,18.0,248.0,42.0,0.0,0.0,11.25,Ipswich Town,5.0
True,True,,,557012,0,0,0,0,0.7,101,"[{'offset': 0, 'projected_percent': '1.0', 'likelihood': 1}, {'offset': 1, 'projected_percent': '2.5', 'likelihood': 1}, {'offset': 2, 'projected_percent': '4.0', 'likelihood': 1}]",,False,0,4,1.0,1.0,1,Sindre,1.0,321,False,,,45,557012.jpg,1.0,False,Walle Egeli,2.2,False,,a,12,40,1,4942,4942,3374,3374,0.2,0.2,Walle Egeli,,161.0,2025-08-29,2006-06-21,False,p557012,10,0,0,0,0,0,0,0,0,0,0,0,3,0.0,0.0,0.0,0.0,0,0,0,0,0,0.00,0.00,0.00,0.03,,,,,,,[],,182.0,6.0,182.0,6.0,182.0,6.0,182.0,6.0,0.0,0.0,0.0,0.0,0.27,0.0,508.0,66.0,186.0,17.0,186.0,17.0,120.0,16.0,0.0,0.0,0.0,Ipswich Town,4.5
True,True,,,462387,0,0,0,0,-6.7,-28,"[{'offset': 0, 'projected_percent': '-12.3', 'likelihood': -1}, {'offset': 1, 'projected_percent': '-41.0', 'likelihood': -3}, {'offset': 2, 'projected_percent': '-69.6', 'likelihood': -4}]",,False,0,4,1.4,1.4,0,Ali,0.0,322,False,,,50,462387.jpg,0.0,False,Al-Hamadi,0.1,False,,a,12,40,0,304,304,511,511,0.0,0.0,Al-Hamadi,Ali Al Hamadi,103.0,2024-01-29,2002-03-01,False,p462387,0,0,0,0,0,0,0,0,0,0,0,0,0,0.0,0.0,0.0,0.0,0,0,0,0,0,0.00,0.00,0.00,0.00,,,,,,,[],,296.0,18.0,296.0,18.0,296.0,18.0,296.0,18.0,0.0,0.0,0.0,0.0,0.0,0.0,313.0,54.0,467.0,44.0,467.0,44.0,384.0,59.0,0.0,0.0,0.0,Ipswich Town,5.0
True,True,,,461587,0,0,0,0,-1.1,-59,"[{'offset': 0, 'projected_percent': '-2.3', 'likelihood': -1}, {'offset': 1, 'projected_percent': '-8.5', 'likelihood': -1}, {'offset': 2, 'projected_percent': '-14.7', 'likelihood': -1}]",,False,0,3,1.0,1.0,1,Kasey,1.0,323,False,,,45,461587.jpg,1.0,False,McAteer,1.4,False,,a,12,40,1,1790,1790,2313,2313,0.2,0.2,McAteer,,104.0,2025-08-22,2001-11-22,False,p461587,24,0,0,0,0,0,0,0,0,0,0,0,4,0.0,0.0,0.0,0.0,0,2,1,3,0,0.00,0.00,0.00,0.03,,,,,,,[],,141.0,8.0,141.0,8.0,141.0,8.0,141.0,8.0,0.0,0.0,0.0,0.0,0.11,0.0,467.0,246.0,177.0,81.0,177.0,81.0,162.0,48.0,0.0,0.0,11.25,Ipswich Town,4.5
True,True,,,232457,0,0,0,0,-13.1,-8,"[{'offset': 0, 'projected_percent': '-17.4', 'likelihood': -1}, {'offset': 1, 'projected_percent': '-39.9', 'likelihood': -2}, {'offset': 2, 'projected_percent': '-62.3', 'likelihood': -4}]",,False,0,3,1.5,1.5,0,Anis,0.0,324,False,,,50,232457.jpg,0.0,False,Mehmeti,0.1,False,,a,12,40,0,21,21,162,162,0.0,0.0,Mehmeti,,2.0,2026-01-23,2001-01-09,False,p232457,0,0,0,0,0,0,0,0,0,0,0,0,0,0.0,0.0,0.0,0.0,0,0,0,0,0,0.00,0.00,0.00,0.00,,,,,,,[],,269.0,60.0,269.0,60.0,269.0,60.0,269.0,60.0,0.0,0.0,0.0,0.0,0.0,0.0,286.0,170.0,444.0,170.0,444.0,170.0,474.0,194.0,0.0,0.0,0.0,Ipswich Town,5.0
True,True,,,546600,0,0,0,0,-11.4,-4,"[{'offset': 0, 'projected_percent': '-14.5', 'likelihood': -1}, {'offset': 1, 'projected_percent': '-30.4', 'likelihood': -2}, {'offset': 2, 'projected_percent': '-46.3', 'likelihood': -3}]",,False,0,1,1.9,1.9,0,Kayne,0.0,554,False,,,45,546600.jpg,0.0,False,van Oevelen,0.0,False,,a,12,40,0,20,20,100,100,0.0,0.0,Van Oevelen,,152.0,2026-07-21,2003-08-07,False,p546600,0,0,0,0,0,0,0,0,0,0,0,0,0,0.0,0.0,0.0,0.0,0,0,0,0,0,0.00,0.00,0.00,0.00,,,,,,,[],,173.0,44.0,173.0,44.0,173.0,44.0,173.0,44.0,0.0,0.0,0.0,0.0,0.0,0.0,499.0,45.0,377.0,55.0,377.0,55.0,504.0,54.0,0.0,0.0,0.0,Ipswich Town,4.5
True,True,,,442967,0,0,0,0,-6.7,-32,"[{'offset': 0, 'projected_percent': '-9.0', 'likelihood': -1}, {'offset': 1, 'projected_percent': '-20.8', 'likelihood': -2}, {'offset': 2, 'projected_percent': '-32.5', 'likelihood': -2}]",,False,0,3,2.0,2.0,2,Daizen,2.0,562,False,,,55,442967.jpg,2.0,False,Maeda,0.4,False,,a,12,40,2,291,291,794,794,0.4,0.4,Maeda,,108.0,2026-07-25,1997-10-20,False,p442967,79,0,0,0,1,0,0,0,0,0,0,0,7,0.0,0.0,0.0,0.0,3,2,4,9,1,0.61,0.00,0.61,0.63,,,,,,,[],,433.0,158.0,433.0,158.0,433.0,158.0,433.0,158.0,0.69,0.0,0.0,0.69,0.72,1.14,164.0,102.0,130.0,62.0,130.0,62.0,270.0,87.0,1.14,0.0,10.25,Ipswich Town,5.5
True,True,,,240514,0,0,0,0,-1.0,0,"[{'offset': 0, 'projected_percent': '-1.0', 'likelihood': -1}, {'offset': 1, 'projected_percent': '-1.0', 'likelihood': -1}, {'offset': 2, 'projected_percent': '-1.0', 'likelihood': -1}]",,False,0,1,1.9,1.9,2,Kjell,2.0,564,False,,,45,240514.jpg,2.0,False,Scherpen,0.7,False,,a,12,40,2,409,409,545,545,0.4,0.4,Scherpen,,152.0,2026-07-28,2000-01-23,False,p240514,90,0,0,0,1,0,0,0,0,0,2,0,12,0.0,0.0,0.0,0.0,1,10,0,0,1,0.00,0.00,0.00,0.66,,,,,,,[],,124.0,34.0,124.0,34.0,124.0,34.0,124.0,34.0,0.0,2.0,0.0,0.0,0.66,1.0,450.0,35.0,104.0,8.0,104.0,8.0,235.0,32.0,1.0,0.0,0.0,Ipswich Town,4.5
True,True,,,216055,0,0,0,0,-8.5,-14,"[{'offset': 0, 'projected_percent': '-11.4', 'likelihood': -1}, {'offset': 1, 'projected_percent': '-26.2', 'likelihood': -2}, {'offset': 2, 'projected_percent': '-41.1', 'likelihood': -3}]",,False,0,3,1.5,1.5,0,Florentino Ibrain,0.0,571,False,,,50,216055.jpg,0.0,False,Morris Luís,0.1,False,,a,12,40,0,102,102,304,304,0.0,0.0,Florentino,Florentino,173.0,2026-08-04,1999-08-19,False,p216055,0,0,0,0,0,0,0,0,0,0,0,0,0,0.0,0.0,0.0,0.0,0,0,0,0,0,0.00,0.00,0.00,0.00,,,,,,,[],,255.0,55.0,255.0,55.0,255.0,55.0,255.0,55.0,0.0,0.0,0.0,0.0,0.0,0.0,272.0,165.0,434.0,166.0,434.0,166.0,389.0,150.0,0.0,0.0,0.0,Ipswich Town,5.0
True,True,75.0,,474120,0,0,0,0,0.0,0,"[{'offset': 0, 'projected_percent': '0.0', 'likelihood': 0}, {'offset': 1, 'projected_percent': '0.0', 'likelihood': 0}, {'offset': 2, 'projected_percent': '0.0', 'likelihood': 0}]",2026-08-31T13:58:54.247304Z,False,0,3,1.5,2.0,5,Julio,5.0,591,False,Muscular injury - 75% chance of playing,2026-08-22T18:00:07.551930Z,55,474120.jpg,5.0,False,Enciso,0.3,False,,d,12,40,5,4830,4830,905,905,0.9,0.9,Enciso,,168.0,2026-08-17,2004-01-23,False,p474120,70,0,1,0,1,0,0,0,0,0,0,0,24,0.0,0.0,0.0,0.0,2,5,1,8,1,0.23,0.31,0.54,0.63,,,,,,,[],,450.0,166.0,450.0,166.0,450.0,166.0,450.0,166.0,0.3,0.0,0.4,0.7,0.81,1.29,181.0,110.0,64.0,26.0,64.0,26.0,286.0,95.0,1.29,0.0,10.29,Ipswich Town,5.5
True,True,,,572584,0,0,0,0,0.0,0,"[{'offset': 0, 'projected_percent': '0.0', 'likelihood': 0}, {'offset': 1, 'projected_percent': '0.0', 'likelihood': 0}, {'offset': 2, 'projected_percent': '0.0', 'likelihood': 0}]",2026-08-31T13:59:29.234241Z,False,0,2,1.0,1.0,1,Abdoul,1.0,592,False,,,40,572584.jpg,1.0,False,Ouattara,1.1,False,,a,12,40,1,1453,1453,1204,1204,0.2,0.2,Ouattara,,54.0,2026-08-17,2005-10-22,False,p572584,10,0,0,0,0,0,0,0,0,0,0,0,4,0.0,0.0,0.0,0.0,2,0,0,2,0,0.00,0.00,0.00,0.03,,,,,,,[],,58.0,39.0,58.0,39.0,58.0,39.0,58.0,39.0,0.0,0.0,0.0,0.0,0.27,0.0,591.0,187.0,165.0,56.0,165.0,56.0,188.0,72.0,0.0,0.0,18.0,Ipswich Town,4.0
True,True,,,524180,0,0,0,0,0.0,0,"[{'offset': 0, 'projected_percent': '0.0', 'likelihood': 0}, {'offset': 1, 'projected_percent': '0.0', 'likelihood': 0}, {'offset': 2, 'projected_percent': '0.0', 'likelihood': 0}]",2026-09-04T19:31:08.856600Z,False,0,3,1.0,1.0,0,Cameron,0.0,602,False,,,45,524180.jpg,0.0,False,Humphreys,0.0,False,,a,12,40,0,303,303,66,66,0.0,0.0,Humphreys,,241.0,2021-08-09,2003-10-30,False,p524180,0,0,0,0,0,0,0,0,0,0,0,0,0,0.0,0.0,0.0,0.0,0,0,0,0,0,0.00,0.00,0.00,0.00,,,,,,,[],,171.0,16.0,171.0,16.0,171.0,16.0,171.0,16.0,0.0,0.0,0.0,0.0,0.0,0.0,497.0,254.0,375.0,139.0,375.0,139.0,567.0,240.0,0.0,0.0,0.0,Ipswich Town,4.5
True,True,,,153682,0,0,0,0,-5.2,-455,"[{'offset': 0, 'projected_percent': '-7.4', 'likelihood': -1}, {'offset': 1, 'projected_percent': '-18.5', 'likelihood': -1}, {'offset': 2, 'projected_percent': '-29.7', 'likelihood': -2}]",,False,0,3,2.3,2.3,3,Harry,3.0,260,False,,,65,153682.jpg,3.0,False,Wilson,6.2,False,,a,13,2,3,4416,4416,10690,10690,0.5,0.5,Wilson,,244.0,2026-07-08,1997-03-22,False,p153682,65,0,0,1,0,0,0,0,0,0,0,0,8,0.0,0.0,0.0,0.0,0,0,2,2,1,0.00,0.02,0.02,0.53,2.0,,,,,,[],,552.0,229.0,552.0,229.0,552.0,229.0,552.0,229.0,0.0,0.0,0.03,0.03,0.73,0.0,33.0,21.0,97.0,45.0,97.0,45.0,58.0,20.0,1.38,1.38,2.77,Leeds,6.5
True,True,,,201595,0,0,0,0,-8.3,-71,"[{'offset': 0, 'projected_percent': '-11.8', 'likelihood': -1}, {'offset': 1, 'projected_percent': '-29.7', 'likelihood': -2}, {'offset': 2, 'projected_percent': '-47.5', 'likelihood': -3}]",,False,0,1,1.9,1.9,0,Lucas Estella,0.0,326,False,,,45,201595.jpg,0.0,False,Perri,0.6,False,,a,13,2,0,104,104,1026,1026,0.0,0.0,Perri,Lucas Perri,30.0,2025-07-26,1997-12-10,False,p201595,0,0,0,0,0,0,0,0,0,0,0,0,0,0.0,0.0,0.0,0.0,0,0,0,0,0,0.00,0.00,0.00,0.00,,,,,,,[],,106.0,32.0,106.0,32.0,106.0,32.0,106.0,32.0,0.0,0.0,0.0,0.0,0.0,0.0,432.0,33.0,337.0,49.0,337.0,49.0,240.0,33.0,0.0,0.0,0.0,Leeds,4.5
True,True,,,434752,0,0,0,0,3.8,552,"[{'offset': 0, 'projected_percent': '5.4', 'likelihood': 1}, {'offset': 1, 'projected_percent': '13.5', 'likelihood': 1}, {'offset': 2, 'projected_percent': '21.6', 'likelihood': 2}]",,False,0,2,2.2,2.2,10,Jaka,10.0,327,False,,,50,434752.jpg,10.0,False,Bijol,0.5,False,,a,13,2,10,8576,8576,970,970,2.0,2.0,Bijol,,195.0,2025-06-23,1999-02-05,False,p434752,90,0,0,1,0,0,0,0,0,0,0,2,28,0.0,0.0,0.0,0.0,11,5,1,12,1,0.11,0.00,0.11,0.66,,,,,,,[],,282.0,141.0,282.0,141.0,282.0,141.0,282.0,141.0,0.11,0.0,0.0,0.11,0.66,0.0,299.0,54.0,13.0,7.0,13.0,7.0,265.0,100.0,1.0,1.0,12.0,Leeds,5.0
True,True,,,214225,0,0,0,0,0.9,53,"[{'offset': 0, 'projected_percent': '1.0', 'likelihood': 1}, {'offset': 1, 'projected_percent': '1.8', 'likelihood': 1}, {'offset': 2, 'projected_percent': '2.6', 'likelihood': 1}]",,False,0,2,1.7,1.7,6,Joe,6.0,329,False,,,45,214225.jpg,6.0,False,Rodon,3.6,False,,a,13,2,6,3278,3278,1615,1615,1.3,1.3,Rodon,,244.0,2024-07-02,1997-10-22,False,p214225,90,0,0,1,0,0,0,0,0,0,0,0,21,0.0,0.0,0.0,0.0,6,1,1,7,1,0.03,0.06,0.09,0.66,,,,,,,[],,109.0,72.0,109.0,72.0,109.0,72.0,109.0,72.0,0.03,0.0,0.06,0.09,0.66,0.0,435.0,99.0,41.0,18.0,41.0,18.0,92.0,36.0,1.0,1.0,7.0,Leeds,4.5
True,True,,,226182,0,0,0,0,0.8,68,"[{'offset': 0, 'projected_percent': '1.0', 'likelihood': 1}, {'offset': 1, 'projected_percent': '2.0', 'likelihood': 1}, {'offset': 2, 'projected_percent': '3.0', 'likelihood': 1}]",,False,0,2,1.7,1.7,6,Jayden,6.0,330,False,,,45,226182.jpg,6.0,False,Bogle,0.5,False,,a,13,2,6,1934,1934,434,434,1.3,1.3,Bogle,,241.0,2024-07-20,2000-07-27,False,p226182,90,0,0,1,0,0,0,0,0,0,0,0,24,0.0,0.0,0.0,0.0,2,3,1,3,1,0.00,0.00,0.00,0.66,,,,,,,[],,117.0,79.0,117.0,79.0,117.0,79.0,117.0,79.0,0.0,0.0,0.0,0.0,0.66,0.0,443.0,106.0,43.0,20.0,43.0,20.0,250.0,92.0,1.0,1.0,3.0,Leeds,4.5
True,True,0.0,0.0,243526,0,0,0,0,-11.8,-12,"[{'offset': 0, 'projected_percent': '-14.1', 'likelihood': -1}, {'offset': 1, 'projected_percent': '-26.2', 'likelihood': -2}, {'offset': 2, 'projected_percent': '-38.3', 'likelihood': -2}]",,False,0,2,0.0,0.0,0,Gabriel,0.0,331,False,Hamstring injury - Unknown return date,2026-08-08T20:00:07.546568Z,45,243526.jpg,0.0,False,Gudmundsson,0.1,False,,i,13,2,0,20,20,305,305,0.0,0.0,Gudmundsson,,206.0,2025-07-08,1999-04-29,False,p243526,0,0,0,0,0,0,0,0,0,0,0,0,0,0.0,0.0,0.0,0.0,0,0,0,0,0,0.00,0.00,0.00,0.00,,,,,,,[],https://www.leedsunited.com/en/news/daniel-farke-gives-fitness-update-ahead-of-forest-clash?utm_source=premier-league-web&utm_medium=referral&utm_campaign=pl-referral-always-on&utm_content=injuries-flag&utm_term=injury-news,128.0,87.0,128.0,87.0,128.0,87.0,128.0,87.0,0.0,0.0,0.0,0.0,0.0,0.0,454.0,114.0,350.0,139.0,350.0,139.0,476.0,165.0,0.0,0.0,0.0,Leeds,4.5
True,True,,,220627,0,0,0,0,3.0,307,"[{'offset': 0, 'projected_percent': '3.8', 'likelihood': 1}, {'offset': 1, 'projected_percent': '8.3', 'likelihood': 1}, {'offset': 2, 'projected_percent': '12.8', 'likelihood': 1}]",,False,0,2,1.7,1.7,10,James,10.0,332,False,,,45,220627.jpg,10.0,False,Justin,0.7,False,,a,13,2,10,7667,7667,1075,1075,2.2,2.2,Justin,,241.0,2025-08-25,1998-02-23,False,p220627,90,0,0,1,0,0,0,0,0,0,0,2,28,0.0,0.0,0.0,0.0,6,4,6,12,1,0.00,0.01,0.01,0.66,,,,,,,[],,112.0,75.0,112.0,75.0,112.0,75.0,112.0,75.0,0.0,0.0,0.01,0.01,0.66,0.0,438.0,102.0,11.0,6.0,11.0,6.0,222.0,85.0,1.0,1.0,12.0,Leeds,4.5
True,False,0.0,0.0,437738,0,0,0,0,0.0,-2,"[{'offset': 0, 'projected_percent': '0.0', 'likelihood': 0}, {'offset': 1, 'projected_percent': '0.0', 'likelihood': 0}, {'offset': 2, 'projected_percent': '0.0', 'likelihood': 0}]",,False,0,2,0.0,0.0,0,Sebastiaan,0.0,333,False,Has joined Hamburg SV on loan for the rest of the season,2026-08-19T13:56:14.645970Z,45,437738.jpg,0.0,False,Bornauw,0.0,False,,u,13,2,0,0,0,69,69,0.0,0.0,Bornauw,,21.0,2025-07-01,1999-03-22,False,p437738,0,0,0,0,0,0,0,0,0,0,0,0,0,0.0,0.0,0.0,0.0,0,0,0,0,0,0.00,0.00,0.00,0.00,,,,,,,[],,136.0,94.0,136.0,94.0,136.0,94.0,136.0,94.0,0.0,0.0,0.0,0.0,0.0,0.0,462.0,121.0,356.0,144.0,356.0,144.0,592.0,197.0,0.0,0.0,0.0,Leeds,4.5
True,True,,,522047,0,0,0,0,1.7,142,"[{'offset': 0, 'projected_percent': '2.1', 'likelihood': 1}, {'offset': 1, 'projected_percent': '4.2', 'likelihood': 1}, {'offset': 2, 'projected_percent': '6.3', 'likelihood': 1}]",,False,0,2,2.2,2.2,6,Tarik,6.0,334,False,,,50,522047.jpg,6.0,False,Muharemović,3.4,False,,a,13,2,6,4869,4869,1604,1604,1.2,1.2,Muharemović,,27.0,2026-07-17,2003-02-28,False,p522047,90,0,0,1,0,0,0,0,0,0,0,0,25,0.0,0.0,0.0,0.0,7,1,0,7,1,0.09,0.00,0.09,0.66,,,,,,,[],,340.0,159.0,340.0,159.0,340.0,159.0,340.0,159.0,0.09,0.0,0.0,0.09,0.66,0.0,357.0,72.0,48.0,21.0,48.0,21.0,97.0,40.0,1.0,1.0,7.0,Leeds,5.0
True,True,,,466525,0,0,0,0,6.7,804,"[{'offset': 0, 'projected_percent': '8.9', 'likelihood': 1}, {'offset': 1, 'projected_percent': '20.8', 'likelihood': 2}, {'offset': 2, 'projected_percent': '32.6', 'likelihood': 2}]",,False,1,3,2.1,2.1,13,Anton,13.0,335,True,,,60,466525.jpg,13.0,False,Stach,1.2,False,,a,13,2,13,15804,15804,1734,1734,2.2,2.2,Stach,,80.0,2025-07-22,1998-11-15,False,p466525,90,1,0,1,0,0,0,0,0,0,0,3,37,0.0,0.0,0.0,0.0,8,5,3,16,1,0.10,0.05,0.15,0.66,1.0,,1.0,,,,[],,529.0,213.0,529.0,213.0,529.0,213.0,529.0,213.0,0.1,0.0,0.05,0.15,0.66,0.0,91.0,58.0,7.0,3.0,7.0,3.0,179.0,59.0,1.0,1.0,16.0,Leeds,6.0
True,True,,,435997,0,0,0,0,-16.6,-107,"[{'offset': 0, 'projected_percent': '-23.1', 'likelihood': -2}, {'offset': 1, 'projected_percent': '-56.5', 'likelihood': -3}, {'offset': 2, 'projected_percent': '-89.9', 'likelihood': -5}]",,False,0,3,2.1,2.1,1,Noah,1.0,336,False,,,60,435997.jpg,1.0,False,Okafor,0.5,False,,a,13,2,1,450,450,1931,1931,0.2,0.2,Okafor,,207.0,2025-08-21,2000-05-24,False,p435997,24,0,0,0,0,0,0,0,0,0,0,0,10,0.0,0.0,0.0,0.0,1,2,2,5,0,0.00,0.16,0.16,0.13,,,,,,,[],,517.0,206.0,517.0,206.0,517.0,206.0,517.0,206.0,0.0,0.0,0.6,0.6,0.49,0.0,79.0,51.0,251.0,117.0,251.0,117.0,258.0,84.0,0.0,0.0,18.75,Leeds,6.0
True,True,,,427637,0,0,0,0,-4.3,-60,"[{'offset': 0, 'projected_percent': '-6.2', 'likelihood': -1}, {'offset': 1, 'projected_percent': '-15.8', 'likelihood': -1}, {'offset': 2, 'projected_percent': '-25.4', 'likelihood': -2}]",,False,0,3,2.0,2.0,3,Brenden,3.0,337,False,,,55,427637.jpg,3.0,False,Aaronson,0.9,False,,a,13,2,3,657,657,1538,1538,0.5,0.5,Aaronson,,229.0,2022-07-01,2000-10-22,False,p427637,81,0,0,1,0,0,0,0,0,0,0,0,16,0.0,0.0,0.0,0.0,0,6,1,7,1,0.01,0.01,0.02,0.58,,,3.0,,,,[],,424.0,152.0,424.0,152.0,424.0,152.0,424.0,152.0,0.01,0.0,0.01,0.02,0.64,0.0,155.0,96.0,88.0,37.0,88.0,37.0,197.0,66.0,1.11,1.11,7.78,Leeds,5.5
True,True,,,199598,0,0,0,0,-4.0,-20,"[{'offset': 0, 'projected_percent': '-4.4', 'likelihood': -1}, {'offset': 1, 'projected_percent': '-6.5', 'likelihood': -1}, {'offset': 2, 'projected_percent': '-8.6', 'likelihood': -1}]",,False,0,3,2.0,2.0,5,Ethan,5.0,338,False,,,55,199598.jpg,5.0,False,Ampadu,1.4,False,,a,13,2,5,778,778,1938,1938,0.9,0.9,Ampadu,,244.0,2023-07-19,2000-09-14,False,p199598,90,0,0,1,0,0,0,0,0,0,0,0,18,0.0,0.0,0.0,0.0,6,5,2,13,1,0.00,0.04,0.04,0.66,,,,,,,[],,400.0,137.0,400.0,137.0,400.0,137.0,400.0,137.0,0.0,0.0,0.04,0.04,0.66,0.0,131.0,81.0,62.0,25.0,62.0,25.0,164.0,49.0,1.0,1.0,13.0,Leeds,5.5
True,True,,,180135,0,0,0,0,-5.5,-13,"[{'offset': 0, 'projected_percent': '-8.2', 'likelihood': -1}, {'offset': 1, 'projected_percent': '-22.3', 'likelihood': -2}, {'offset': 2, 'projected_percent': '-36.4', 'likelihood': -2}]",,False,0,3,1.5,1.5,1,Sean,1.0,339,False,,,50,180135.jpg,1.0,False,Longstaff,0.1,False,,a,13,2,1,185,185,348,348,0.2,0.2,Longstaff,,241.0,2025-07-18,1997-10-30,False,p180135,8,0,0,0,0,0,0,0,0,0,0,0,3,0.0,0.0,0.0,0.0,0,0,0,0,0,0.00,0.00,0.00,0.07,3.0,,2.0,,,,[],,235.0,42.0,235.0,42.0,235.0,42.0,235.0,42.0,0.0,0.0,0.0,0.0,0.79,0.0,252.0,152.0,192.0,82.0,192.0,82.0,391.0,151.0,0.0,0.0,0.0,Leeds,5.0
True,True,0.0,0.0,492859,0,0,0,0,-27.4,-14,"[{'offset': 0, 'projected_percent': '-34.4', 'likelihood': -2}, {'offset': 1, 'projected_percent': '-70.4', 'likelihood': -4}, {'offset': 2, 'projected_percent': '-106.5', 'likelihood': -5}]",,False,0,3,0.0,0.0,0,Wilfried,0.0,341,False,Hamstring injury - Unknown return date,2026-08-17T20:30:08.092366Z,50,492859.jpg,0.0,False,Gnonto,0.0,False,,i,13,2,0,4,4,265,265,0.0,0.0,Gnonto,,106.0,2022-09-01,2003-11-05,False,p492859,0,0,0,0,0,0,0,0,0,0,0,0,0,0.0,0.0,0.0,0.0,0,0,0,0,0,0.00,0.00,0.00,0.00,,,,,,,[],https://www.leedsunited.com/en/news/daniel-farke-gives-fitness-update-ahead-of-forest-clash?utm_source=premier-league-web&utm_medium=referral&utm_campaign=pl-referral-always-on&utm_content=injuries-flag&utm_term=injury-news,321.0,86.0,321.0,86.0,321.0,86.0,321.0,86.0,0.0,0.0,0.0,0.0,0.0,0.0,338.0,196.0,484.0,194.0,484.0,194.0,541.0,223.0,0.0,0.0,0.0,Leeds,5.0
True,False,0.0,0.0,221399,0,0,0,0,0.0,0,"[{'offset': 0, 'projected_percent': '0.0', 'likelihood': 0}, {'offset': 1, 'projected_percent': '0.0', 'likelihood': 0}, {'offset': 2, 'projected_percent': '0.0', 'likelihood': 0}]",,False,0,3,0.0,0.0,0,Jack,0.0,342,False,Has joined New England Revolution permanently,2026-07-28T12:59:09.492431Z,50,221399.jpg,0.0,False,Harrison,0.0,False,,u,13,2,0,0,0,20,20,0.0,0.0,Harrison,,241.0,2021-07-02,1996-11-20,False,p221399,0,0,0,0,0,0,0,0,0,0,0,0,0,0.0,0.0,0.0,0.0,0,0,0,0,0,0.00,0.00,0.00,0.00,,,,,,,[],,258.0,56.0,258.0,56.0,258.0,56.0,258.0,56.0,0.0,0.0,0.0,0.0,0.0,0.0,275.0,166.0,435.0,167.0,435.0,167.0,602.0,265.0,0.0,0.0,0.0,Leeds,5.0
True,True,,,200617,0,0,0,0,-7.8,-23,"[{'offset': 0, 'projected_percent': '-13.2', 'likelihood': -1}, {'offset': 1, 'projected_percent': '-41.1', 'likelihood': -3}, {'offset': 2, 'projected_percent': '-69.1', 'likelihood': -4}]",,False,0,3,1.5,1.5,0,Daniel,0.0,343,False,,,50,200617.jpg,0.0,False,James,0.1,False,,a,13,2,0,197,197,404,404,0.0,0.0,James,,244.0,2021-08-31,1997-11-10,False,p200617,0,0,0,0,0,0,0,0,0,0,0,0,0,0.0,0.0,0.0,0.0,0,0,0,0,0,0.00,0.00,0.00,0.00,,,,,,,[],,238.0,45.0,238.0,45.0,238.0,45.0,238.0,45.0,0.0,0.0,0.0,0.0,0.0,0.0,255.0,155.0,427.0,162.0,427.0,162.0,400.0,157.0,0.0,0.0,0.0,Leeds,5.0
True,True,0.0,0.0,486520,0,0,0,0,-17.7,-3,"[{'offset': 0, 'projected_percent': '-23.4', 'likelihood': -2}, {'offset': 1, 'projected_percent': '-52.8', 'likelihood': -3}, {'offset': 2, 'projected_percent': '-82.2', 'likelihood': -5}]",,False,0,3,0.0,0.0,0,Ilia,0.0,344,False,Knee injury - Unknown return date,2026-08-14T23:00:06.272027Z,50,486520.jpg,0.0,False,Gruev,0.0,False,,i,13,2,0,2,2,40,40,0.0,0.0,Gruev,,34.0,2023-08-31,2000-05-06,False,p486520,0,0,0,0,0,0,0,0,0,0,0,0,0,0.0,0.0,0.0,0.0,0,0,0,0,0,0.00,0.00,0.00,0.00,,,,,,,[],,311.0,80.0,311.0,80.0,311.0,80.0,311.0,80.0,0.0,0.0,0.0,0.0,0.0,0.0,328.0,190.0,475.0,188.0,475.0,188.0,593.0,258.0,0.0,0.0,0.0,Leeds,5.0
True,True,,,248056,0,0,0,0,-13.7,-51,"[{'offset': 0, 'projected_percent': '-19.7', 'likelihood': -1}, {'offset': 1, 'projected_percent': '-50.7', 'likelihood': -3}, {'offset': 2, 'projected_percent': '-81.7', 'likelihood': -5}]",,False,0,3,1.5,1.5,0,Tanaka,0.0,345,False,,,50,248056.jpg,0.0,False,Ao,0.3,False,,a,13,2,0,342,342,999,999,0.0,0.0,Tanaka,,108.0,2024-08-30,1998-09-10,False,p248056,0,0,0,0,0,0,0,0,0,0,0,0,0,0.0,0.0,0.0,0.0,0,0,0,0,0,0.00,0.00,0.00,0.00,4.0,,,,,,[],,276.0,65.0,276.0,65.0,276.0,65.0,276.0,65.0,0.0,0.0,0.0,0.0,0.0,0.0,293.0,175.0,451.0,175.0,451.0,175.0,320.0,111.0,0.0,0.0,0.0,Leeds,5.0
True,True,,,177815,0,0,0,0,-0.2,-947,"[{'offset': 0, 'projected_percent': '-1.2', 'likelihood': -1}, {'offset': 1, 'projected_percent': '-5.9', 'likelihood': -1}, {'offset': 2, 'projected_percent': '-10.6', 'likelihood': -1}]",,False,0,4,2.0,2.0,1,Dominic,1.0,346,False,,,60,177815.jpg,1.0,False,Calvert-Lewin,30.6,False,,a,13,2,1,19524,19524,25371,25371,0.2,0.2,Calvert-Lewin,,241.0,2025-08-15,1997-03-16,False,p177815,90,0,0,1,0,0,0,0,1,0,0,0,-2,0.0,0.0,0.0,0.0,0,2,0,2,1,0.13,0.00,0.13,0.66,,,,,1.0,,[],,501.0,48.0,501.0,48.0,501.0,48.0,501.0,48.0,0.13,0.0,0.0,0.13,0.66,0.0,63.0,16.0,246.0,28.0,246.0,28.0,8.0,3.0,1.0,1.0,2.0,Leeds,6.0
True,True,,,174594,0,0,0,0,-13.0,-117,"[{'offset': 0, 'projected_percent': '-18.9', 'likelihood': -1}, {'offset': 1, 'projected_percent': '-48.9', 'likelihood': -3}, {'offset': 2, 'projected_percent': '-78.8', 'likelihood': -4}]",,False,0,4,1.8,1.8,0,Lukas,0.0,347,False,,,55,174594.jpg,0.0,False,Nmecha,0.6,False,,a,13,2,0,543,543,1960,1960,0.0,0.0,Nmecha,,80.0,2025-07-01,1998-12-14,False,p174594,0,0,0,0,0,0,0,0,0,0,0,0,0,0.0,0.0,0.0,0.0,0,0,0,0,0,0.00,0.00,0.00,0.00,,,,,2.0,,[],,393.0,29.0,393.0,29.0,393.0,29.0,393.0,29.0,0.0,0.0,0.0,0.0,0.0,0.0,124.0,33.0,516.0,53.0,516.0,53.0,242.0,40.0,0.0,0.0,0.0,Leeds,5.5
True,False,0.0,0.0,235826,0,0,0,0,0.0,-75,"[{'offset': 0, 'projected_percent': '0.0', 'likelihood': 0}, {'offset': 1, 'projected_percent': '0.0', 'likelihood': 0}, {'offset': 2, 'projected_percent': '0.0', 'likelihood': 0}]",,False,0,4,0.0,0.0,0,Joël,0.0,348,False,Has joined West Ham United on loan for the rest of the season,2026-08-19T13:56:14.666726Z,50,235826.jpg,0.0,False,Piroe,0.2,False,,u,13,2,0,0,0,2088,2088,0.0,0.0,Piroe,,203.0,2023-08-24,1999-08-02,False,p235826,0,0,0,0,0,0,0,0,0,0,0,0,0,0.0,0.0,0.0,0.0,0,0,0,0,0,0.00,0.00,0.00,0.00,,,,,3.0,,[],,272.0,17.0,272.0,17.0,272.0,17.0,272.0,17.0,0.0,0.0,0.0,0.0,0.0,0.0,289.0,53.0,447.0,43.0,447.0,43.0,376.0,57.0,0.0,0.0,0.0,Leeds,5.0
True,True,0.0,0.0,565297,0,0,0,0,-7.4,-14,"[{'offset': 0, 'projected_percent': '-9.8', 'likelihood': -1}, {'offset': 1, 'projected_percent': '-22.4', 'likelihood': -2}, {'offset': 2, 'projected_percent': '-35.0', 'likelihood': -2}]",,False,0,4,0.0,0.0,0,Mateo,0.0,349,False,Knee injury - Unknown return date,2026-07-29T18:00:10.338170Z,45,565297.jpg,0.0,False,Joseph Fernández-Regatillo,0.1,False,,i,13,2,0,89,89,330,330,0.0,0.0,Mateo Joseph,,200.0,2022-11-04,2003-10-19,False,p565297,0,0,0,0,0,0,0,0,0,0,0,0,0,0.0,0.0,0.0,0.0,0,0,0,0,0,0.00,0.00,0.00,0.00,,,,,,,[],,183.0,7.0,183.0,7.0,183.0,7.0,183.0,7.0,0.0,0.0,0.0,0.0,0.0,0.0,509.0,67.0,386.0,36.0,386.0,36.0,468.0,64.0,0.0,0.0,0.0,Leeds,4.5
True,True,,,432720,0,0,0,0,4.0,630,"[{'offset': 0, 'projected_percent': '5.8', 'likelihood': 1}, {'offset': 1, 'projected_percent': '15.1', 'likelihood': 1}, {'offset': 2, 'projected_percent': '24.3', 'likelihood': 2}]",,False,0,1,2.6,2.6,9,James,9.0,385,False,,,50,432720.jpg,9.0,False,Trafford,3.2,False,,a,13,2,9,11278,11278,1964,1964,1.8,1.8,Trafford,,241.0,2026-08-06,2002-10-10,False,p432720,90,0,0,1,0,0,0,0,0,0,3,2,28,0.0,0.0,0.0,0.0,0,9,0,0,1,0.00,0.00,0.00,0.66,,,,,,,[],,280.0,56.0,280.0,56.0,280.0,56.0,280.0,56.0,0.0,3.0,0.0,0.0,0.66,0.0,297.0,14.0,20.0,2.0,20.0,2.0,102.0,16.0,1.0,1.0,0.0,Leeds,5.0
True,True,,,173774,0,0,0,0,0.0,0,"[{'offset': 0, 'projected_percent': '0.0', 'likelihood': 0}, {'offset': 1, 'projected_percent': '0.0', 'likelihood': 0}, {'offset': 2, 'projected_percent': '0.0', 'likelihood': 0}]",2026-09-02T14:01:33.181261Z,False,0,2,1.7,1.7,0,Nico,0.0,598,False,,,45,173774.jpg,0.0,False,Elvedi,0.0,False,,a,13,2,0,105,105,52,52,0.0,0.0,Elvedi,,207.0,2026-08-19,1996-09-30,False,p173774,0,0,0,0,0,0,0,0,0,0,0,0,0,0.0,0.0,0.0,0.0,0,0,0,0,0,0.00,0.00,0.00,0.00,,,,,,,[],,98.0,64.0,98.0,64.0,98.0,64.0,98.0,64.0,0.0,0.0,0.0,0.0,0.0,0.0,424.0,91.0,332.0,126.0,332.0,126.0,534.0,183.0,0.0,0.0,0.0,Leeds,4.5
True,True,,,643970,0,0,0,0,0.0,0,"[{'offset': 0, 'projected_percent': '0.0', 'likelihood': 0}, {'offset': 1, 'projected_percent': '0.0', 'likelihood': 0}, {'offset': 2, 'projected_percent': '0.0', 'likelihood': 0}]",2026-09-04T19:31:28.542354Z,False,0,2,1.0,1.0,0,Jayden,0.0,603,False,,,40,643970.jpg,0.0,False,Lienou,0.0,False,,a,13,2,0,723,723,79,79,0.0,0.0,Lienou,,244.0,2026-05-10,2008-04-08,False,p643970,0,0,0,0,0,0,0,0,0,0,0,0,0,0.0,0.0,0.0,0.0,0,0,0,0,0,0.00,0.00,0.00,0.00,,,,,,,[],,69.0,49.0,69.0,49.0,69.0,49.0,69.0,49.0,0.0,0.0,0.0,0.0,0.0,0.0,602.0,197.0,312.0,118.0,312.0,118.0,494.0,171.0,0.0,0.0,0.0,Leeds,4.0
True,True,,,592740,0,0,0,0,0.0,0,"[{'offset': 0, 'projected_percent': '0.0', 'likelihood': 0}, {'offset': 1, 'projected_percent': '0.0', 'likelihood': 0}, {'offset': 2, 'projected_percent': '0.0', 'likelihood': 0}]",2026-09-04T19:31:41.718342Z,False,0,3,1.0,1.0,0,Alfie,0.0,604,False,,,45,592740.jpg,0.0,False,Cresswell,0.0,False,,a,13,2,0,888,888,115,115,0.0,0.0,Cresswell,,241.0,2026-05-16,2007-07-15,False,p592740,0,0,0,0,0,0,0,0,0,0,0,0,0,0.0,0.0,0.0,0.0,0,0,0,0,0,0.00,0.00,0.00,0.00,,,,,,,[],,193.0,22.0,193.0,22.0,193.0,22.0,193.0,22.0,0.0,0.0,0.0,0.0,0.0,0.0,519.0,260.0,394.0,144.0,394.0,144.0,513.0,213.0,0.0,0.0,0.0,Leeds,4.5
True,True,,,116535,0,0,0,0,0.6,-138,"[{'offset': 0, 'projected_percent': '0.2', 'likelihood': 1}, {'offset': 1, 'projected_percent': '-5.3', 'likelihood': -1}, {'offset': 2, 'projected_percent': '-11.1', 'likelihood': -1}]",,False,0,1,3.3,3.3,2,Alisson,2.0,350,False,,,55,116535.jpg,2.0,False,Becker,3.6,False,,a,14,14,2,5067,5067,3862,3862,0.4,0.4,A.Becker,Alisson Becker,30.0,2018-07-19,1992-10-02,False,p116535,90,0,0,0,2,0,0,0,0,0,3,0,7,0.0,0.0,0.0,0.0,2,6,0,0,1,0.00,0.00,0.00,1.43,,,,,,,[],,386.0,65.0,386.0,65.0,386.0,65.0,386.0,65.0,0.0,3.0,0.0,0.0,1.43,2.0,117.0,3.0,125.0,13.0,125.0,13.0,90.0,13.0,1.0,0.0,0.0,Liverpool,5.5
True,True,,,449027,0,0,0,0,-8.5,-50,"[{'offset': 0, 'projected_percent': '-17.9', 'likelihood': -1}, {'offset': 1, 'projected_percent': '-66.1', 'likelihood': -4}, {'offset': 2, 'projected_percent': '-114.4', 'likelihood': -5}]",,False,0,1,2.6,2.6,0,Giorgi,0.0,351,False,,,50,449027.jpg,0.0,False,Mamardashvili,0.2,False,,a,14,14,0,238,238,476,476,0.0,0.0,Mamardashvili,,79.0,2024-08-27,2000-09-29,False,p449027,0,0,0,0,0,0,0,0,0,0,0,0,0,0.0,0.0,0.0,0.0,0,0,0,0,0,0.00,0.00,0.00,0.00,,,,,,,[],,290.0,59.0,290.0,59.0,290.0,59.0,290.0,59.0,0.0,0.0,0.0,0.0,0.0,0.0,307.0,17.0,461.0,66.0,461.0,66.0,379.0,40.0,0.0,0.0,0.0,Liverpool,5.0
True,True,,,155503,0,0,0,0,-1.5,-44,"[{'offset': 0, 'projected_percent': '-2.7', 'likelihood': -1}, {'offset': 1, 'projected_percent': '-8.9', 'likelihood': -1}, {'offset': 2, 'projected_percent': '-15.0', 'likelihood': -1}]",,False,0,1,1.0,1.0,0,Freddie,0.0,352,False,,,40,155503.jpg,0.0,False,Woodman,1.1,False,,a,14,14,0,786,786,1240,1240,0.0,0.0,Woodman,,241.0,2025-07-01,1997-03-04,False,p155503,0,0,0,0,0,0,0,0,0,0,0,0,0,0.0,0.0,0.0,0.0,0,0,0,0,0,0.00,0.00,0.00,0.00,,,,,,,[],,13.0,8.0,13.0,8.0,13.0,8.0,13.0,8.0,0.0,0.0,0.0,0.0,0.0,0.0,546.0,55.0,273.0,26.0,273.0,26.0,186.0,27.0,0.0,0.0,0.0,Liverpool,4.0
True,False,0.0,0.0,586268,0,0,0,0,0.0,-14,"[{'offset': 0, 'projected_percent': '0.0', 'likelihood': 0}, {'offset': 1, 'projected_percent': '0.0', 'likelihood': 0}, {'offset': 2, 'projected_percent': '0.0', 'likelihood': 0}]",,False,0,1,0.0,0.0,0,Armin,0.0,353,False,Has joined TSV Hartberg on loan for the rest of the season,2026-08-18T14:11:18.638344Z,40,586268.jpg,0.0,False,Pecsi,0.0,False,,u,14,14,0,0,0,174,174,0.0,0.0,Pecsi,,,,,False,p586268,0,0,0,0,0,0,0,0,0,0,0,0,0,0.0,0.0,0.0,0.0,0,0,0,0,0,0.00,0.00,0.00,0.00,,,,,,,[],,63.0,20.0,63.0,20.0,63.0,20.0,63.0,20.0,0.0,0.0,0.0,0.0,0.0,0.0,596.0,67.0,308.0,38.0,308.0,38.0,524.0,61.0,0.0,0.0,0.0,Liverpool,4.0
True,True,0.0,0.0,432987,0,0,0,0,-1.1,0,"[{'offset': 0, 'projected_percent': '-1.1', 'likelihood': -1}, {'offset': 1, 'projected_percent': '-1.1', 'likelihood': -1}, {'offset': 2, 'projected_percent': '-1.1', 'likelihood': -1}]",,False,0,1,0.0,0.0,0,Vitezslav,0.0,354,False,Knee injury - Unknown return date,2026-07-29T18:00:10.351066Z,40,432987.jpg,0.0,False,Jaros,0.0,False,,i,14,14,0,40,40,51,51,0.0,0.0,Jaros,,57.0,2019-07-10,2001-07-23,False,p432987,0,0,0,0,0,0,0,0,0,0,0,0,0,0.0,0.0,0.0,0.0,0,0,0,0,0,0.00,0.00,0.00,0.00,,,,,,,[],https://www.liverpoolfc.com/news/ajax-issue-vitezslav-jaros-injury-update,32.0,13.0,32.0,13.0,32.0,13.0,32.0,13.0,0.0,0.0,0.0,0.0,0.0,0.0,565.0,60.0,284.0,31.0,284.0,31.0,562.0,66.0,0.0,0.0,0.0,Liverpool,4.0
True,True,,,464353,0,0,0,0,0.0,2,"[{'offset': 0, 'projected_percent': '0.0', 'likelihood': 0}, {'offset': 1, 'projected_percent': '0.1', 'likelihood': 1}, {'offset': 2, 'projected_percent': '0.1', 'likelihood': 1}]",,False,0,1,1.0,1.0,0,Harvey,0.0,355,False,,,40,464353.jpg,0.0,False,Davies,0.1,False,,a,14,14,0,196,196,144,144,0.0,0.0,Davies,,241.0,2021-03-09,2003-09-03,False,p464353,0,0,0,0,0,0,0,0,0,0,0,0,0,0.0,0.0,0.0,0.0,0,0,0,0,0,0.00,0.00,0.00,0.00,,,,,,,[],,42.0,16.0,42.0,16.0,42.0,16.0,42.0,16.0,0.0,0.0,0.0,0.0,0.0,0.0,575.0,63.0,289.0,34.0,289.0,34.0,393.0,42.0,0.0,0.0,0.0,Liverpool,4.0
True,True,,,97032,0,0,0,0,4.6,-607,"[{'offset': 0, 'projected_percent': '2.8', 'likelihood': 1}, {'offset': 1, 'projected_percent': '-3.2', 'likelihood': -1}, {'offset': 2, 'projected_percent': '-8.0', 'likelihood': -1}]",,False,0,2,3.1,3.1,2,Virgil,2.0,356,False,,,65,97032.jpg,2.0,False,van Dijk,19.5,False,,a,14,14,2,19897,19897,11409,11409,0.3,0.3,Virgil,,152.0,2018-01-01,1991-07-08,False,p97032,90,0,0,0,2,0,0,0,1,0,0,0,8,0.0,0.0,0.0,0.0,9,6,2,11,1,0.21,0.01,0.22,1.43,,,,,,,[],,550.0,196.0,550.0,196.0,550.0,196.0,550.0,196.0,0.21,0.0,0.01,0.22,1.43,2.0,31.0,2.0,145.0,47.0,145.0,47.0,17.0,5.0,1.0,0.0,11.0,Liverpool,6.5
True,True,,,216094,0,0,0,0,1.9,-572,"[{'offset': 0, 'projected_percent': '0.2', 'likelihood': 1}, {'offset': 1, 'projected_percent': '-23.9', 'likelihood': -2}, {'offset': 2, 'projected_percent': '-48.6', 'likelihood': -3}]",,False,0,2,2.5,2.5,0,Jeremie,0.0,357,False,,,55,216094.jpg,0.0,False,Frimpong,3.6,False,,a,14,14,0,7758,7758,4628,4628,0.0,0.0,Frimpong,,152.0,2025-06-01,2000-12-10,False,p216094,90,0,0,0,2,0,0,0,1,0,0,0,3,0.0,0.0,0.0,0.0,1,3,1,2,1,0.01,0.09,0.10,1.43,,,,,,,[],,411.0,170.0,411.0,170.0,411.0,170.0,411.0,170.0,0.01,0.0,0.09,0.1,1.43,2.0,142.0,15.0,526.0,187.0,526.0,187.0,95.0,38.0,1.0,0.0,2.0,Liverpool,5.5
True,True,,,544877,0,0,0,0,0.3,-768,"[{'offset': 0, 'projected_percent': '-5.3', 'likelihood': -1}, {'offset': 1, 'projected_percent': '-36.2', 'likelihood': -2}, {'offset': 2, 'projected_percent': '-67.2', 'likelihood': -4}]",,False,0,2,2.5,2.5,0,Milos,0.0,358,False,,,55,544877.jpg,0.0,False,Kerkez,3.8,False,,a,14,14,0,4912,4912,4724,4724,0.0,0.0,Kerkez,,98.0,2025-06-26,2003-11-07,False,p544877,90,0,0,0,2,0,0,0,1,0,0,0,3,0.0,0.0,0.0,0.0,4,3,3,7,1,0.02,0.02,0.04,1.43,,,,,,,[],,474.0,185.0,474.0,185.0,474.0,185.0,474.0,185.0,0.02,0.0,0.02,0.04,1.43,2.0,205.0,30.0,550.0,192.0,550.0,192.0,84.0,32.0,1.0,0.0,7.0,Liverpool,5.5
True,True,0.0,0.0,171287,0,0,0,0,-13.5,-4,"[{'offset': 0, 'projected_percent': '-15.8', 'likelihood': -1}, {'offset': 1, 'projected_percent': '-27.6', 'likelihood': -2}, {'offset': 2, 'projected_percent': '-39.5', 'likelihood': -2}]",,False,0,2,0.0,0.0,0,Joe,0.0,359,False,Muscular injury - Unknown return date,2026-07-26T08:30:10.078473Z,50,171287.jpg,0.0,False,Gomez,0.0,False,,i,14,14,0,36,36,155,155,0.0,0.0,Gomez,,241.0,2015-06-20,1997-05-23,False,p171287,0,0,0,0,0,0,0,0,0,0,0,0,0,0.0,0.0,0.0,0.0,0,0,0,0,0,0.00,0.00,0.00,0.00,,,,,,,[],https://www.liverpoolfc.com/news/andoni-iraola-pre-season-win-over-sunderland-it-will-give-us-good-starting-point,231.0,127.0,231.0,127.0,231.0,127.0,231.0,127.0,0.0,0.0,0.0,0.0,0.0,0.0,248.0,40.0,423.0,162.0,423.0,162.0,547.0,190.0,0.0,0.0,0.0,Liverpool,5.0
True,True,0.0,0.0,492777,0,0,0,0,-10.7,-4,"[{'offset': 0, 'projected_percent': '-14.6', 'likelihood': -1}, {'offset': 1, 'projected_percent': '-34.6', 'likelihood': -2}, {'offset': 2, 'projected_percent': '-54.6', 'likelihood': -3}]",,False,0,2,0.0,0.0,0,Conor,0.0,360,False,Knee injury - Unknown return date,2026-07-23T12:01:23.565711Z,50,492777.jpg,0.0,False,Bradley,0.0,False,,i,14,14,0,28,28,83,83,0.0,0.0,Bradley,,242.0,2023-09-25,2003-07-09,False,p492777,0,0,0,0,0,0,0,0,0,0,0,0,0,0.0,0.0,0.0,0.0,0,0,0,0,0,0.00,0.00,0.00,0.00,,,,,,,[],,320.0,155.0,320.0,155.0,320.0,155.0,320.0,155.0,0.0,0.0,0.0,0.0,0.0,0.0,337.0,68.0,483.0,179.0,483.0,179.0,575.0,195.0,0.0,0.0,0.0,Liverpool,5.0
True,True,,,519440,0,0,0,0,0.0,-17,"[{'offset': 0, 'projected_percent': '-3.6', 'likelihood': -1}, {'offset': 1, 'projected_percent': '-23.7', 'likelihood': -2}, {'offset': 2, 'projected_percent': '-43.8', 'likelihood': -3}]",,False,0,2,1.0,1.0,0,Wellity,0.0,361,False,,,40,519440.jpg,0.0,False,Lucky,0.1,False,,a,14,14,0,246,246,273,273,0.0,0.0,Lucky,,,,,False,p519440,0,0,0,0,0,0,0,0,0,0,0,0,0,0.0,0.0,0.0,0.0,0,0,0,0,0,0.00,0.00,0.00,0.00,,,,,,,[],,52.0,33.0,52.0,33.0,52.0,33.0,52.0,33.0,0.0,0.0,0.0,0.0,0.0,0.0,585.0,181.0,299.0,106.0,299.0,106.0,401.0,142.0,0.0,0.0,0.0,Liverpool,4.0
True,True,100.0,100.0,606702,0,0,0,0,2.1,-112,"[{'offset': 0, 'projected_percent': '1.8', 'likelihood': 1}, {'offset': 1, 'projected_percent': '0.1', 'likelihood': 1}, {'offset': 2, 'projected_percent': '-6.7', 'likelihood': -1}]",,False,0,2,2.2,2.2,1,Jeremy,1.0,362,False,,2026-07-23T12:01:23.581126Z,50,606702.jpg,1.0,False,Jacquet,2.4,False,,a,14,14,1,6327,6327,2817,2817,0.2,0.2,Jacquet,,73.0,2026-07-01,2005-07-13,False,p606702,69,0,0,0,2,0,0,0,0,0,0,0,9,0.0,0.0,0.0,0.0,2,3,1,3,1,0.00,0.02,0.02,0.92,,,,,,,[],,363.0,162.0,363.0,162.0,363.0,162.0,363.0,162.0,0.0,0.0,0.03,0.03,1.2,2.61,380.0,75.0,210.0,82.0,210.0,82.0,118.0,49.0,1.3,0.0,3.91,Liverpool,5.0
True,True,0.0,0.0,647681,0,0,0,0,-3.9,-6,"[{'offset': 0, 'projected_percent': '-5.5', 'likelihood': -1}, {'offset': 1, 'projected_percent': '-13.3', 'likelihood': -1}, {'offset': 2, 'projected_percent': '-21.1', 'likelihood': -2}]",,False,0,2,0.0,0.0,0,Giovanni,0.0,363,False,Knee injury - Unknown return date,2026-07-23T12:01:23.596909Z,40,647681.jpg,0.0,False,Leoni,0.0,False,,i,14,14,0,71,71,172,172,0.0,0.0,Leoni,,106.0,2025-08-15,2006-12-21,False,p647681,0,0,0,0,0,0,0,0,0,0,0,0,0,0.0,0.0,0.0,0.0,0,0,0,0,0,0.00,0.00,0.00,0.00,,,,,,,[],https://www.liverpoolfc.com/news/liverpools-injury-list-suspensions-and-availability?utm_source=premier-league-web&utm_medium=referral&utm_campaign=pl-referral-always-on&utm_term=injuries&utm_content=club-injury-article,70.0,50.0,70.0,50.0,70.0,50.0,70.0,50.0,0.0,0.0,0.0,0.0,0.0,0.0,603.0,198.0,313.0,119.0,313.0,119.0,489.0,169.0,0.0,0.0,0.0,Liverpool,4.0
True,True,,,214285,0,0,0,0,0.0,-27,"[{'offset': 0, 'projected_percent': '-9.3', 'likelihood': -1}, {'offset': 1, 'projected_percent': '-60.4', 'likelihood': -4}, {'offset': 2, 'projected_percent': '-111.5', 'likelihood': -5}]",,False,0,2,2.2,2.2,0,Kostas,0.0,364,False,,,50,214285.jpg,0.0,False,Tsimikas,0.1,False,,a,14,14,0,162,162,164,164,0.0,0.0,Tsimikas,,83.0,2020-08-10,1996-05-12,False,p214285,0,0,0,0,0,0,0,0,0,0,0,0,0,0.0,0.0,0.0,0.0,0,0,0,0,0,0.00,0.00,0.00,0.00,,,,,,,[],,251.0,131.0,251.0,131.0,251.0,131.0,251.0,131.0,0.0,0.0,0.0,0.0,0.0,0.0,268.0,44.0,432.0,165.0,432.0,165.0,448.0,158.0,0.0,0.0,0.0,Liverpool,5.0
True,True,,,489580,0,0,0,0,-1.8,-29,"[{'offset': 0, 'projected_percent': '-5.6', 'likelihood': -1}, {'offset': 1, 'projected_percent': '-25.1', 'likelihood': -2}, {'offset': 2, 'projected_percent': '-44.5', 'likelihood': -3}]",,False,0,2,1.0,1.0,0,Calvin,0.0,365,False,,,40,489580.jpg,0.0,False,Ramsay,0.2,False,,a,14,14,0,362,362,461,461,0.0,0.0,Ramsay,,243.0,2022-06-19,2003-07-31,False,p489580,0,0,0,0,0,0,0,0,0,0,0,0,0,0.0,0.0,0.0,0.0,0,0,0,0,0,0.00,0.00,0.00,0.00,,,,,,,[],,46.0,29.0,46.0,29.0,46.0,29.0,46.0,29.0,0.0,0.0,0.0,0.0,0.0,0.0,579.0,177.0,293.0,102.0,293.0,102.0,335.0,127.0,0.0,0.0,0.0,Liverpool,4.0
True,True,,,494595,0,0,0,0,-1.4,-3665,"[{'offset': 0, 'projected_percent': '-10.0', 'likelihood': -1}, {'offset': 1, 'projected_percent': '-54.2', 'likelihood': -3}, {'offset': 2, 'projected_percent': '-98.5', 'likelihood': -5}]",,False,0,3,2.6,2.6,2,Florian,2.0,366,False,,,75,494595.jpg,2.0,False,Wirtz,12.7,False,,a,14,14,2,10051,10051,14031,14031,0.3,0.3,Wirtz,,80.0,2025-06-20,2003-05-03,False,p494595,62,0,0,0,2,0,0,0,0,0,0,0,16,0.0,0.0,0.0,0.0,0,4,1,5,1,0.17,0.04,0.21,0.39,3.0,,2.0,,4.0,,[],,590.0,258.0,590.0,258.0,590.0,258.0,590.0,258.0,0.25,0.0,0.06,0.31,0.57,2.9,20.0,12.0,150.0,75.0,150.0,75.0,31.0,10.0,1.45,0.0,7.26,Liverpool,7.5
True,True,,,243298,0,0,0,0,2.7,2150,"[{'offset': 0, 'projected_percent': '8.9', 'likelihood': 1}, {'offset': 1, 'projected_percent': '40.4', 'likelihood': 3}, {'offset': 2, 'projected_percent': '72.0', 'likelihood': 4}]",,False,0,3,2.5,2.5,10,Cody,10.0,367,False,,,70,243298.jpg,10.0,False,Gakpo,3.7,False,,a,14,14,10,9521,9521,3294,3294,1.4,1.4,Gakpo,,152.0,2023-01-01,1999-05-07,False,p243298,90,1,0,0,2,0,0,0,0,0,0,3,31,0.0,0.0,0.0,0.0,4,5,2,11,1,0.24,0.15,0.39,1.43,2.0,,,,3.0,,[],,578.0,251.0,578.0,251.0,578.0,251.0,578.0,251.0,0.24,0.0,0.15,0.39,1.43,2.0,26.0,17.0,18.0,9.0,18.0,9.0,88.0,31.0,1.0,0.0,11.0,Liverpool,7.0
True,True,,,424876,0,0,0,0,10.5,6487,"[{'offset': 0, 'projected_percent': '29.0', 'likelihood': 2}, {'offset': 1, 'projected_percent': '124.3', 'likelihood': 5}, {'offset': 2, 'projected_percent': '219.5', 'likelihood': 5}]",,False,0,3,2.5,2.5,8,Dominik,8.0,368,False,,,70,424876.jpg,8.0,False,Szoboszlai,41.8,False,,a,14,14,8,36052,36052,16212,16212,1.1,1.1,Szoboszlai,,98.0,2023-07-02,2000-10-25,False,p424876,90,1,0,0,2,0,0,0,0,0,0,1,29,0.0,0.0,0.0,0.0,2,4,1,7,1,0.85,0.27,1.12,1.43,1.0,,1.0,,1.0,,[],,579.0,252.0,579.0,252.0,579.0,252.0,579.0,252.0,0.85,0.0,0.27,1.12,1.43,2.0,27.0,18.0,31.0,15.0,31.0,15.0,4.0,2.0,1.0,0.0,7.0,Liverpool,7.0
True,True,,,611922,0,0,0,0,-1.4,-372,"[{'offset': 0, 'projected_percent': '-10.6', 'likelihood': -1}, {'offset': 1, 'projected_percent': '-58.4', 'likelihood': -3}, {'offset': 2, 'projected_percent': '-106.2', 'likelihood': -5}]",,False,0,3,2.1,2.1,2,Rio,2.0,369,False,,,60,611922.jpg,2.0,False,Ngumoha,1.2,False,,a,14,14,2,2151,2151,2480,2480,0.3,0.3,Ngumoha,,241.0,2024-12-17,2008-08-29,False,p611922,62,0,0,0,2,0,0,0,0,0,0,0,9,0.0,0.0,0.0,0.0,0,2,1,3,1,0.04,0.02,0.06,0.39,,,,,,,[],,548.0,226.0,548.0,226.0,548.0,226.0,548.0,226.0,0.06,0.0,0.03,0.09,0.57,2.9,110.0,71.0,144.0,72.0,144.0,72.0,176.0,56.0,1.45,0.0,4.35,Liverpool,6.0
True,True,,,223541,0,0,0,0,-10.1,-69,"[{'offset': 0, 'projected_percent': '-24.8', 'likelihood': -2}, {'offset': 1, 'projected_percent': '-100.7', 'likelihood': -5}, {'offset': 2, 'projected_percent': '-176.5', 'likelihood': -5}]",,False,0,3,2.0,2.0,0,Federico,0.0,370,False,,,55,223541.jpg,0.0,False,Chiesa,0.1,False,,a,14,14,0,280,280,552,552,0.0,0.0,Chiesa,,106.0,2024-08-29,1997-10-25,False,p223541,0,0,0,0,0,0,0,0,0,0,0,0,0,0.0,0.0,0.0,0.0,0,0,0,0,0,0.00,0.00,0.00,0.00,,,,,,,[],,413.0,145.0,413.0,145.0,413.0,145.0,413.0,145.0,0.0,0.0,0.0,0.0,0.0,0.0,144.0,89.0,528.0,220.0,528.0,220.0,392.0,152.0,0.0,0.0,0.0,Liverpool,5.5
True,True,,,441266,0,0,0,0,0.1,64,"[{'offset': 0, 'projected_percent': '0.3', 'likelihood': 1}, {'offset': 1, 'projected_percent': '1.2', 'likelihood': 1}, {'offset': 2, 'projected_percent': '2.2', 'likelihood': 1}]",,False,0,3,2.1,2.1,5,Ryan,5.0,371,False,,,60,441266.jpg,5.0,False,Gravenberch,1.9,False,,a,14,14,5,3133,3133,3188,3188,0.8,0.8,Gravenberch,,152.0,2023-09-01,2002-05-16,False,p441266,77,0,1,0,2,0,0,0,0,0,0,0,28,0.0,0.0,0.0,0.0,0,8,1,9,1,0.06,0.05,0.11,1.01,,,,,,,[],,521.0,208.0,521.0,208.0,521.0,208.0,521.0,208.0,0.07,0.0,0.06,0.13,1.18,2.34,83.0,53.0,65.0,27.0,65.0,27.0,124.0,38.0,1.17,0.0,10.52,Liverpool,6.0
True,True,,,243016,0,0,0,0,-4.0,-458,"[{'offset': 0, 'projected_percent': '-11.8', 'likelihood': -1}, {'offset': 1, 'projected_percent': '-51.9', 'likelihood': -3}, {'offset': 2, 'projected_percent': '-92.1', 'likelihood': -5}]",,False,0,3,2.0,2.0,1,Alexis,1.0,372,False,,,55,243016.jpg,1.0,False,Mac Allister,1.7,False,,a,14,14,1,2185,2185,3726,3726,0.2,0.2,Mac Allister,,10.0,2023-06-14,1998-12-24,False,p243016,27,0,0,0,0,0,0,0,0,0,0,0,7,0.0,0.0,0.0,0.0,0,1,2,3,0,0.00,0.01,0.01,1.04,,,,,5.0,,[],,419.0,149.0,419.0,149.0,419.0,149.0,419.0,149.0,0.0,0.0,0.03,0.03,3.47,0.0,150.0,93.0,227.0,105.0,227.0,105.0,138.0,42.0,0.0,0.0,10.0,Liverpool,5.5
True,True,75.0,75.0,206915,0,0,0,0,-27.3,-18,"[{'offset': 0, 'projected_percent': '-33.4', 'likelihood': -2}, {'offset': 1, 'projected_percent': '-64.7', 'likelihood': -4}, {'offset': 2, 'projected_percent': '-96.0', 'likelihood': -5}]",,False,0,3,1.5,1.5,0,Curtis,0.0,373,False,Hip injury - 75% chance of playing,2026-08-16T18:30:07.426408Z,55,206915.jpg,0.0,False,Jones,0.0,False,,d,14,14,0,17,17,407,407,0.0,0.0,C.Jones,,241.0,2018-04-06,2001-01-30,False,p206915,0,0,0,0,0,0,0,0,0,0,0,0,0,0.0,0.0,0.0,0.0,0,0,0,0,0,0.00,0.00,0.00,0.00,,,,,,,[],https://www.liverpoolfc.com/news/andoni-iraola-reaction-liverpool-2-3-monaco-fitness-update-anfield-reception-and-more,406.0,140.0,406.0,140.0,406.0,140.0,406.0,140.0,0.0,0.0,0.0,0.0,0.0,0.0,137.0,84.0,523.0,216.0,523.0,216.0,484.0,200.0,0.0,0.0,0.0,Liverpool,5.5
True,True,100.0,100.0,158983,0,0,0,0,0.0,-24,"[{'offset': 0, 'projected_percent': '-10.6', 'likelihood': -1}, {'offset': 1, 'projected_percent': '-66.2', 'likelihood': -4}, {'offset': 2, 'projected_percent': '-121.7', 'likelihood': -5}]",,False,0,3,1.5,1.5,0,Endo,0.0,374,False,,2026-07-23T12:01:23.612529Z,50,158983.jpg,0.0,False,Wataru,0.1,False,,a,14,14,0,227,227,248,248,0.0,0.0,Endo,,108.0,2023-08-18,1993-02-09,False,p158983,0,0,0,0,0,0,0,0,0,0,0,0,0,0.0,0.0,0.0,0.0,0,0,0,0,0,0.00,0.00,0.00,0.00,,,,,,,[],,229.0,39.0,229.0,39.0,229.0,39.0,229.0,39.0,0.0,0.0,0.0,0.0,0.0,0.0,246.0,149.0,422.0,159.0,422.0,159.0,462.0,189.0,0.0,0.0,0.0,Liverpool,5.0
True,True,,,591386,0,0,0,0,-11.1,-18,"[{'offset': 0, 'projected_percent': '-23.7', 'likelihood': -2}, {'offset': 1, 'projected_percent': '-88.5', 'likelihood': -5}, {'offset': 2, 'projected_percent': '-153.3', 'likelihood': -5}]",,False,0,3,1.5,1.5,0,Trey,0.0,375,False,,,50,591386.jpg,0.0,False,Nyoni,0.0,False,,a,14,14,0,64,64,151,151,0.0,0.0,Nyoni,,241.0,2023-11-11,2007-06-30,False,p591386,0,0,0,0,0,0,0,0,0,0,0,0,0,0.0,0.0,0.0,0.0,0,0,0,0,0,0.00,0.00,0.00,0.00,,,,,,,[],,362.0,116.0,362.0,116.0,362.0,116.0,362.0,116.0,0.0,0.0,0.0,0.0,0.0,0.0,379.0,226.0,506.0,208.0,506.0,208.0,499.0,208.0,0.0,0.0,0.0,Liverpool,5.0
True,True,0.0,0.0,535928,0,0,0,0,-5.0,0,"[{'offset': 0, 'projected_percent': '-5.0', 'likelihood': -1}, {'offset': 1, 'projected_percent': '-5.0', 'likelihood': -1}, {'offset': 2, 'projected_percent': '-5.0', 'likelihood': -1}]",,False,0,3,0.0,0.0,0,Stefan,0.0,376,False,Hamstring injury - Unknown return date,2026-07-23T12:01:23.628373Z,50,535928.jpg,0.0,False,Bajčetić Maquieira,0.0,False,,i,14,14,0,2,2,9,9,0.0,0.0,Bajcetic,,200.0,2022-07-11,2004-10-22,False,p535928,0,0,0,0,0,0,0,0,0,0,0,0,0,0.0,0.0,0.0,0.0,0,0,0,0,0,0.00,0.00,0.00,0.00,,,,,,,[],https://www.liverpoolfc.com/news/liverpools-injury-list-suspensions-and-availability?utm_source=premier-league-web&utm_medium=referral&utm_campaign=pl-referral-always-on&utm_term=injuries&utm_content=club-injury-article,344.0,101.0,344.0,101.0,344.0,101.0,344.0,101.0,0.0,0.0,0.0,0.0,0.0,0.0,361.0,211.0,495.0,199.0,495.0,199.0,601.0,264.0,0.0,0.0,0.0,Liverpool,5.0
True,True,,,551499,0,0,0,0,-4.4,118,"[{'offset': 0, 'projected_percent': '0.1', 'likelihood': 1}, {'offset': 1, 'projected_percent': '1.8', 'likelihood': 1}, {'offset': 2, 'projected_percent': '3.6', 'likelihood': 1}]",,False,0,3,2.3,2.3,4,Victor,4.0,377,False,,,65,551499.jpg,4.0,False,Munoz,0.6,False,,a,14,14,4,870,870,1370,1370,0.6,0.6,Munoz,,200.0,2026-06-18,2003-07-13,False,p551499,27,0,1,0,0,0,0,0,0,0,0,0,15,0.0,0.0,0.0,0.0,0,0,0,0,0,0.08,0.04,0.12,1.04,,,,,,,[],,573.0,246.0,573.0,246.0,573.0,246.0,573.0,246.0,0.27,0.0,0.13,0.4,3.47,0.0,54.0,38.0,74.0,30.0,74.0,30.0,246.0,81.0,0.0,0.0,0.0,Liverpool,6.5
True,True,,,491501,0,0,0,0,-3.2,-37,"[{'offset': 0, 'projected_percent': '-7.1', 'likelihood': -1}, {'offset': 1, 'projected_percent': '-27.2', 'likelihood': -2}, {'offset': 2, 'projected_percent': '-47.3', 'likelihood': -3}]",,False,0,3,1.0,1.0,0,James,0.0,378,False,,,45,491501.jpg,0.0,False,McConnell,0.3,False,,a,14,14,0,427,427,640,640,0.0,0.0,McConnell,,241.0,2023-07-18,2004-09-13,False,p491501,0,0,0,0,0,0,0,0,0,0,0,0,0,0.0,0.0,0.0,0.0,0,0,0,0,0,0.00,0.00,0.00,0.00,,,,,,,[],,158.0,12.0,158.0,12.0,158.0,12.0,158.0,12.0,0.0,0.0,0.0,0.0,0.0,0.0,484.0,250.0,363.0,135.0,363.0,135.0,309.0,106.0,0.0,0.0,0.0,Liverpool,4.5
True,True,,,219168,0,0,0,0,1.8,-1063,"[{'offset': 0, 'projected_percent': '-0.7', 'likelihood': -1}, {'offset': 1, 'projected_percent': '-10.3', 'likelihood': -1}, {'offset': 2, 'projected_percent': '-19.8', 'likelihood': -1}]",,False,0,4,2.7,2.7,2,Alexander,2.0,379,False,,,90,219168.jpg,2.0,False,Isak,17.0,False,,a,14,14,2,15564,15564,11381,11381,0.2,0.2,Isak,,206.0,2025-09-01,1999-09-21,False,p219168,90,0,0,0,2,0,0,0,0,0,0,0,6,0.0,0.0,0.0,0.0,1,0,0,1,1,1.03,0.01,1.04,1.43,,,,,2.0,,[],,600.0,71.0,600.0,71.0,600.0,71.0,600.0,71.0,1.03,0.0,0.01,1.04,1.43,2.0,5.0,2.0,155.0,15.0,155.0,15.0,24.0,5.0,1.0,0.0,1.0,Liverpool,9.0
True,True,0.0,0.0,510663,0,0,0,0,-14.4,-74,"[{'offset': 0, 'projected_percent': '-19.3', 'likelihood': -1}, {'offset': 1, 'projected_percent': '-44.4', 'likelihood': -3}, {'offset': 2, 'projected_percent': '-69.6', 'likelihood': -4}]",,False,0,4,0.0,0.0,0,Hugo,0.0,380,False,Achilles injury - Unknown return date,2026-07-23T12:01:23.643771Z,75,510663.jpg,0.0,False,Ekitiké,0.2,False,,i,14,14,0,277,277,1350,1350,0.0,0.0,Ekitiké,,73.0,2025-07-23,2002-06-20,False,p510663,0,0,0,0,0,0,0,0,0,0,0,0,0,0.0,0.0,0.0,0.0,0,0,0,0,0,0.00,0.00,0.00,0.00,,,,,,,[],https://www.liverpoolfc.com/news/lfc-fitness-update-bajcetic-bradley-ekitike-endo-and-leoni?utm_source=premier-league-web&utm_medium=referral&utm_campaign=pl-referral-always-on&utm_content=injuries-flag&utm_term=injury-news,591.0,68.0,591.0,68.0,591.0,68.0,591.0,68.0,0.0,0.0,0.0,0.0,0.0,0.0,21.0,8.0,597.0,70.0,597.0,70.0,373.0,56.0,0.0,0.0,0.0,Liverpool,7.5
True,True,,,514514,0,0,0,0,-3.1,1,"[{'offset': 0, 'projected_percent': '-1.0', 'likelihood': -1}, {'offset': 1, 'projected_percent': '0.0', 'likelihood': 0}, {'offset': 2, 'projected_percent': '0.0', 'likelihood': 0}]",,False,0,3,1.5,1.5,1,Lewis,1.0,381,False,,,50,514514.jpg,1.0,False,Koumas,0.0,False,,a,14,14,1,26,26,38,38,0.2,0.2,Koumas,,244.0,2023-07-18,2005-09-19,False,p514514,12,0,0,0,0,0,0,0,0,0,0,0,4,0.0,0.0,0.0,0.0,0,1,0,1,0,0.04,0.00,0.04,0.42,,,,,,,[],,338.0,96.0,338.0,96.0,338.0,96.0,338.0,96.0,0.3,0.0,0.0,0.3,3.15,0.0,355.0,206.0,205.0,89.0,205.0,89.0,550.0,227.0,0.0,0.0,7.5,Liverpool,5.0
True,True,0.0,0.0,500058,0,0,0,0,-4.7,-7,"[{'offset': 0, 'projected_percent': '-6.8', 'likelihood': -1}, {'offset': 1, 'projected_percent': '-17.3', 'likelihood': -1}, {'offset': 2, 'projected_percent': '-27.8', 'likelihood': -2}]",,False,0,4,0.0,0.0,0,Jayden,0.0,382,False,Unspecified injury - Unknown return date,2026-07-23T12:01:23.659279Z,45,500058.jpg,0.0,False,Danns,0.0,False,,i,14,14,0,87,87,188,188,0.0,0.0,Danns,,,,,False,p500058,0,0,0,0,0,0,0,0,0,0,0,0,0,0.0,0.0,0.0,0.0,0,0,0,0,0,0.00,0.00,0.00,0.00,,,,,,,[],https://www.liverpoolfc.com/news/andoni-iraola-interview-pre-season-implementing-his-style-and-fitness-update,162.0,2.0,162.0,2.0,162.0,2.0,162.0,2.0,0.0,0.0,0.0,0.0,0.0,0.0,488.0,62.0,367.0,32.0,367.0,32.0,508.0,67.0,0.0,0.0,0.0,Liverpool,4.5
True,True,,,444884,0,0,0,0,-10.2,-28,"[{'offset': 0, 'projected_percent': '-20.8', 'likelihood': -2}, {'offset': 1, 'projected_percent': '-75.3', 'likelihood': -4}, {'offset': 2, 'projected_percent': '-129.8', 'likelihood': -5}]",,False,0,3,2.0,2.0,0,Harvey,0.0,383,False,,,55,444884.jpg,0.0,False,Elliott,0.1,False,,a,14,14,0,128,128,254,254,0.0,0.0,Elliott,,241.0,2019-07-28,2003-04-04,False,p444884,0,0,0,0,0,0,0,0,0,0,0,0,0,0.0,0.0,0.0,0.0,0,0,0,0,0,0.00,0.00,0.00,0.00,,,,,,,[],,435.0,160.0,435.0,160.0,435.0,160.0,435.0,160.0,0.0,0.0,0.0,0.0,0.0,0.0,166.0,104.0,536.0,224.0,536.0,224.0,450.0,181.0,0.0,0.0,0.0,Liverpool,5.5
True,True,,,445087,0,0,0,0,0.0,0,"[{'offset': 0, 'projected_percent': '0.0', 'likelihood': 0}, {'offset': 1, 'projected_percent': '0.0', 'likelihood': 0}, {'offset': 2, 'projected_percent': '0.0', 'likelihood': 0}]",2026-08-25T13:54:49.073899Z,False,0,2,2.5,2.5,1,Ronald,1.0,579,False,,,55,445087.jpg,1.0,False,Araujo,2.7,False,,a,14,14,1,11762,11762,6293,6293,0.2,0.2,Araujo,,230.0,2026-08-10,1999-03-07,False,p445087,20,0,0,0,0,0,0,0,0,0,0,0,3,0.0,0.0,0.0,0.0,3,1,1,4,0,0.00,0.03,0.03,0.50,,,,,,,[],,436.0,176.0,436.0,176.0,436.0,176.0,436.0,176.0,0.0,0.0,0.14,0.14,2.25,0.0,167.0,21.0,230.0,84.0,230.0,84.0,109.0,44.0,0.0,0.0,18.0,Liverpool,5.5
True,True,100.0,100.0,114283,0,0,0,0,-3.9,-9,"[{'offset': 0, 'projected_percent': '-5.1', 'likelihood': -1}, {'offset': 1, 'projected_percent': '-11.3', 'likelihood': -1}, {'offset': 2, 'projected_percent': '-17.6', 'likelihood': -1}]",,False,0,3,2.3,2.3,1,Jack,1.0,238,False,,2026-07-29T10:00:10.492904Z,65,114283.jpg,1.0,False,Grealish,0.2,False,,a,15,43,1,356,356,520,520,0.2,0.2,Grealish,,241.0,2021-08-05,1995-09-10,False,p114283,8,0,0,0,0,0,0,0,0,0,0,0,2,0.0,0.0,0.0,0.0,0,1,1,2,0,0.00,0.00,0.00,0.00,,,,,,,[],,551.0,228.0,551.0,228.0,551.0,228.0,551.0,228.0,0.0,0.0,0.0,0.0,0.0,0.0,32.0,20.0,256.0,121.0,256.0,121.0,344.0,122.0,0.0,0.0,22.5,Man City,6.5
True,True,,,204936,0,0,0,0,-0.9,-221,"[{'offset': 0, 'projected_percent': '-1.7', 'likelihood': -1}, {'offset': 1, 'projected_percent': '-5.8', 'likelihood': -1}, {'offset': 2, 'projected_percent': '-9.8', 'likelihood': -1}]",,False,0,1,3.3,3.3,3,Gianluigi,3.0,384,False,,,55,204936.jpg,3.0,False,Donnarumma,8.3,False,,a,15,43,3,7489,7489,9372,9372,0.5,0.5,Donnarumma,,106.0,2025-09-01,1999-02-25,False,p204936,90,0,0,0,1,0,0,0,0,0,3,0,12,0.0,0.0,0.0,0.0,1,4,0,0,1,0.00,0.00,0.00,0.63,,,,,,,[],,404.0,66.0,404.0,66.0,404.0,66.0,404.0,66.0,0.0,3.0,0.0,0.0,0.63,1.0,135.0,4.0,86.0,7.0,86.0,7.0,51.0,6.0,1.0,0.0,0.0,Man City,5.5
True,True,,,122074,0,0,0,0,-2.0,-2,"[{'offset': 0, 'projected_percent': '-4.0', 'likelihood': -1}, {'offset': 1, 'projected_percent': '-14.4', 'likelihood': -1}, {'offset': 2, 'projected_percent': '-24.9', 'likelihood': -2}]",,False,0,1,1.9,1.9,0,Marcus,0.0,386,False,,,45,122074.jpg,0.0,False,Bettinelli,0.0,False,,a,15,43,0,62,62,74,74,0.0,0.0,Bettinelli,,241.0,2025-06-10,1992-05-24,False,p122074,0,0,0,0,0,0,0,0,0,0,0,0,0,0.0,0.0,0.0,0.0,0,0,0,0,0,0.00,0.00,0.00,0.00,,,,,,,[],,88.0,29.0,88.0,29.0,88.0,29.0,88.0,29.0,0.0,0.0,0.0,0.0,0.0,0.0,414.0,30.0,325.0,46.0,325.0,46.0,525.0,62.0,0.0,0.0,0.0,Man City,4.5
True,True,,,472769,0,0,0,0,0.1,-783,"[{'offset': 0, 'projected_percent': '-1.1', 'likelihood': -1}, {'offset': 1, 'projected_percent': '-6.7', 'likelihood': -1}, {'offset': 2, 'projected_percent': '-12.3', 'likelihood': -1}]",,False,0,2,3.1,3.1,2,Nico,2.0,387,False,,,65,472769.jpg,2.0,False,O'Reilly,21.4,False,,a,15,43,2,18170,18170,18682,18682,0.3,0.3,O'Reilly,,241.0,2022-12-16,2005-03-21,False,p472769,62,0,0,0,1,0,0,0,0,0,0,0,2,0.0,0.0,0.0,0.0,1,5,1,2,1,0.07,0.41,0.48,0.55,,,,,,,[],,568.0,198.0,568.0,198.0,568.0,198.0,568.0,198.0,0.1,0.0,0.6,0.7,0.8,1.45,49.0,4.0,148.0,48.0,148.0,48.0,15.0,3.0,1.45,0.0,2.9,Man City,6.5
True,True,,,209036,0,0,0,0,7.9,3051,"[{'offset': 0, 'projected_percent': '16.6', 'likelihood': 1}, {'offset': 1, 'projected_percent': '61.4', 'likelihood': 4}, {'offset': 2, 'projected_percent': '106.2', 'likelihood': 5}]",,False,0,2,2.8,2.8,10,Marc,10.0,388,False,,,60,209036.jpg,10.0,False,Guéhi,17.4,False,,a,15,43,10,27906,27906,10383,10383,1.7,1.7,Guéhi,,241.0,2026-01-19,2000-07-13,False,p209036,90,1,0,0,1,0,0,0,0,0,0,2,31,0.0,0.0,0.0,0.0,1,4,3,4,1,0.89,0.31,1.20,0.63,,,,,,,[],,507.0,191.0,507.0,191.0,507.0,191.0,507.0,191.0,0.89,0.0,0.31,1.2,0.63,1.0,69.0,6.0,16.0,8.0,16.0,8.0,22.0,8.0,1.0,0.0,4.0,Man City,6.0
True,True,100.0,100.0,465351,0,0,0,0,-3.4,-136,"[{'offset': 0, 'projected_percent': '-5.9', 'likelihood': -1}, {'offset': 1, 'projected_percent': '-19.0', 'likelihood': -1}, {'offset': 2, 'projected_percent': '-32.1', 'likelihood': -2}]",,False,0,2,2.8,2.8,1,Matheus,1.0,389,False,,2026-08-16T18:30:07.457097Z,60,465351.jpg,1.0,False,Nunes,1.6,False,,a,15,43,1,1281,1281,2450,2450,0.2,0.2,Matheus N.,Matheus Nunes,173.0,2023-09-01,1998-08-27,False,p465351,33,0,0,0,0,0,0,0,0,0,0,0,4,0.0,0.0,0.0,0.0,1,2,0,1,0,0.00,0.04,0.04,0.08,,,,,5.0,,[],,528.0,195.0,528.0,195.0,528.0,195.0,528.0,195.0,0.0,0.0,0.11,0.11,0.22,0.0,90.0,10.0,253.0,88.0,253.0,88.0,151.0,64.0,0.0,0.0,2.73,Man City,6.0
True,True,,,171314,0,0,0,0,0.9,-44,"[{'offset': 0, 'projected_percent': '0.7', 'likelihood': 1}, {'offset': 1, 'projected_percent': '0.1', 'likelihood': 1}, {'offset': 2, 'projected_percent': '-3.3', 'likelihood': -1}]",,False,0,2,2.5,2.5,2,Rúben,2.0,390,False,,,55,171314.jpg,2.0,False,dos Santos Gato Alves Dias,1.8,False,,a,15,43,2,3730,3730,2540,2540,0.4,0.4,Rúben,Rúben Dias,173.0,2020-09-29,1997-05-14,False,p171314,90,0,0,0,1,0,0,0,0,0,0,0,11,0.0,0.0,0.0,0.0,6,8,0,6,1,0.00,0.14,0.14,0.63,,,,,,,[],,391.0,166.0,391.0,166.0,391.0,166.0,391.0,166.0,0.0,0.0,0.14,0.14,0.63,1.0,122.0,11.0,126.0,44.0,126.0,44.0,134.0,54.0,1.0,0.0,6.0,Man City,5.5
True,True,,,477424,0,0,0,0,13.4,3394,"[{'offset': 0, 'projected_percent': '23.1', 'likelihood': 2}, {'offset': 1, 'projected_percent': '72.9', 'likelihood': 4}, {'offset': 2, 'projected_percent': '122.7', 'likelihood': 5}]",,False,0,2,2.5,2.5,9,Joško,9.0,391,False,,,55,477424.jpg,9.0,False,Gvardiol,11.4,False,,a,15,43,9,34283,34283,6977,6977,1.6,1.6,Gvardiol,,97.0,2023-08-05,2002-01-23,False,p477424,90,1,0,0,1,0,0,0,0,0,0,1,28,0.0,0.0,0.0,0.0,3,5,2,5,1,0.19,0.05,0.24,0.63,,,,,,,[],,452.0,181.0,452.0,181.0,452.0,181.0,452.0,181.0,0.19,0.0,0.05,0.24,0.63,1.0,183.0,26.0,23.0,10.0,23.0,10.0,35.0,12.0,1.0,0.0,5.0,Man City,5.5
True,True,,,448514,0,0,0,0,-9.7,-315,"[{'offset': 0, 'projected_percent': '-19.9', 'likelihood': -1}, {'offset': 1, 'projected_percent': '-72.1', 'likelihood': -4}, {'offset': 2, 'projected_percent': '-124.4', 'likelihood': -5}]",,False,0,2,2.5,2.5,0,Rayan,0.0,392,False,,,55,448514.jpg,0.0,False,Aït-Nouri,0.9,False,,a,15,43,0,1336,1336,3077,3077,0.0,0.0,Aït-Nouri,,3.0,2025-06-09,2001-06-06,False,p448514,0,0,0,0,0,0,0,0,0,0,0,0,0,0.0,0.0,0.0,0.0,0,0,0,0,0,0.00,0.00,0.00,0.00,,,,,,,[],,439.0,178.0,439.0,178.0,439.0,178.0,439.0,178.0,0.0,0.0,0.0,0.0,0.0,0.0,170.0,23.0,537.0,191.0,537.0,191.0,200.0,74.0,0.0,0.0,0.0,Man City,5.5
True,True,,,578153,0,0,0,0,-1.3,-150,"[{'offset': 0, 'projected_percent': '-3.8', 'likelihood': -1}, {'offset': 1, 'projected_percent': '-16.7', 'likelihood': -1}, {'offset': 2, 'projected_percent': '-29.7', 'likelihood': -2}]",,False,0,2,2.5,2.5,2,Abdukodir,2.0,393,False,,,55,578153.jpg,2.0,False,Khusanov,1.8,False,,a,15,43,2,2151,2151,2863,2863,0.4,0.4,Khusanov,,231.0,2025-01-20,2004-02-29,False,p578153,90,0,0,0,1,0,0,0,0,0,0,0,14,0.0,0.0,0.0,0.0,2,6,2,4,1,0.00,0.02,0.02,0.63,,,,,,,[],,486.0,188.0,486.0,188.0,486.0,188.0,486.0,188.0,0.0,0.0,0.02,0.02,0.63,1.0,217.0,33.0,134.0,46.0,134.0,46.0,135.0,55.0,1.0,0.0,4.0,Man City,5.5
True,False,0.0,0.0,494307,0,0,0,0,0.0,-6,"[{'offset': 0, 'projected_percent': '0.0', 'likelihood': 0}, {'offset': 1, 'projected_percent': '0.0', 'likelihood': 0}, {'offset': 2, 'projected_percent': '0.0', 'likelihood': 0}]",,False,0,2,0.0,0.0,0,Max,0.0,394,False,Has joined Burnley on loan for the rest of the season,2026-08-18T14:11:56.324656Z,50,494307.jpg,0.0,False,Alleyne,0.0,False,,u,15,43,0,0,0,160,160,0.0,0.0,Alleyne,,241.0,2022-12-16,2005-07-21,False,p494307,0,0,0,0,0,0,0,0,0,0,0,0,0,0.0,0.0,0.0,0.0,0,0,0,0,0,0.00,0.00,0.00,0.00,,,,,,,[],,322.0,156.0,322.0,156.0,322.0,156.0,322.0,156.0,0.0,0.0,0.0,0.0,0.0,0.0,339.0,69.0,485.0,180.0,485.0,180.0,581.0,196.0,0.0,0.0,0.0,Man City,5.0
True,True,,,477064,0,0,0,0,0.3,28,"[{'offset': 0, 'projected_percent': '0.4', 'likelihood': 1}, {'offset': 1, 'projected_percent': '0.8', 'likelihood': 1}, {'offset': 2, 'projected_percent': '1.2', 'likelihood': 1}]",,False,0,2,1.7,1.7,1,Rico,1.0,395,False,,,45,477064.jpg,1.0,False,Lewis,0.2,False,,a,15,43,1,1148,1148,577,577,0.2,0.2,Lewis,,241.0,2022-07-16,2004-11-21,False,p477064,56,0,0,0,1,0,0,0,0,0,0,0,-1,0.0,0.0,0.0,0.0,2,0,0,2,1,0.17,0.02,0.19,0.55,,,,,,,[],,150.0,101.0,150.0,101.0,150.0,101.0,150.0,101.0,0.27,0.0,0.03,0.3,0.88,1.61,476.0,128.0,182.0,70.0,182.0,70.0,330.0,124.0,1.61,0.0,3.21,Man City,4.5
True,True,,,616222,0,0,0,0,-6.2,-6,"[{'offset': 0, 'projected_percent': '-14.0', 'likelihood': -1}, {'offset': 1, 'projected_percent': '-54.2', 'likelihood': -3}, {'offset': 2, 'projected_percent': '-94.4', 'likelihood': -5}]",,False,0,2,1.7,1.7,0,Vitor,0.0,396,False,,,45,616222.jpg,0.0,False,de Oliveira Nunes dos Reis,0.0,False,,a,15,43,0,38,38,58,58,0.0,0.0,Vitor Reis,Vitor Reis,30.0,2025-01-21,2006-01-12,False,p616222,0,0,0,0,0,0,0,0,0,0,0,0,0,0.0,0.0,0.0,0.0,0,0,0,0,0,0.00,0.00,0.00,0.00,,,,,,,[],,201.0,120.0,201.0,120.0,201.0,120.0,201.0,120.0,0.0,0.0,0.0,0.0,0.0,0.0,527.0,147.0,400.0,157.0,400.0,157.0,539.0,186.0,0.0,0.0,0.0,Man City,4.5
True,True,,,437730,0,0,0,0,-1.4,-1719,"[{'offset': 0, 'projected_percent': '-3.4', 'likelihood': -1}, {'offset': 1, 'projected_percent': '-13.5', 'likelihood': -1}, {'offset': 2, 'projected_percent': '-23.6', 'likelihood': -2}]",,False,0,3,2.9,2.9,2,Antoine,2.0,397,False,,,85,437730.jpg,2.0,False,Semenyo,26.0,False,,a,15,43,2,13192,13192,22128,22128,0.2,0.2,Semenyo,,81.0,2026-01-09,2000-01-07,False,p437730,90,0,0,0,1,0,0,0,0,0,0,0,15,0.0,0.0,0.0,0.0,0,4,1,5,1,0.06,0.02,0.08,0.63,,,,,3.0,,[],,599.0,263.0,599.0,263.0,599.0,263.0,599.0,263.0,0.06,0.0,0.02,0.08,0.63,1.0,6.0,4.0,154.0,79.0,154.0,79.0,10.0,4.0,1.0,0.0,5.0,Man City,8.5
True,True,,,209244,0,0,0,0,-0.8,-596,"[{'offset': 0, 'projected_percent': '-4.8', 'likelihood': -1}, {'offset': 1, 'projected_percent': '-25.6', 'likelihood': -2}, {'offset': 2, 'projected_percent': '-46.3', 'likelihood': -3}]",,False,0,3,2.5,2.5,1,Phil,1.0,398,False,,,70,209244.jpg,1.0,False,Foden,4.4,False,,a,15,43,1,5742,5742,6794,6794,0.1,0.1,Foden,,241.0,2016-12-05,2000-05-28,False,p209244,81,0,0,0,1,0,0,0,1,0,0,0,18,0.0,0.0,0.0,0.0,0,3,3,6,1,0.12,0.40,0.52,0.63,3.0,,3.0,,,,[],,577.0,250.0,577.0,250.0,577.0,250.0,577.0,250.0,0.13,0.0,0.44,0.57,0.7,1.11,25.0,16.0,261.0,126.0,261.0,126.0,72.0,23.0,1.11,0.0,6.67,Man City,7.0
True,True,,,466052,0,0,0,0,10.2,3649,"[{'offset': 0, 'projected_percent': '20.6', 'likelihood': 2}, {'offset': 1, 'projected_percent': '74.2', 'likelihood': 4}, {'offset': 2, 'projected_percent': '127.8', 'likelihood': 5}]",,False,0,3,2.6,2.6,8,Rayan,8.0,399,False,,,75,466052.jpg,8.0,False,Cherki,8.4,False,,a,15,43,8,30738,30738,9795,9795,1.1,1.1,Cherki,,73.0,2025-06-10,2003-08-17,False,p466052,27,0,2,0,0,0,0,0,0,0,0,1,28,0.0,0.0,0.0,0.0,0,0,0,0,0,0.00,0.47,0.47,0.08,1.0,,1.0,,,,[],,588.0,257.0,588.0,257.0,588.0,257.0,588.0,257.0,0.0,0.0,1.57,1.57,0.27,0.0,18.0,11.0,32.0,16.0,32.0,16.0,50.0,18.0,0.0,0.0,0.0,Man City,7.5
True,True,0.0,0.0,248875,0,0,0,0,-27.1,-1107,"[{'offset': 0, 'projected_percent': '-33.6', 'likelihood': -2}, {'offset': 1, 'projected_percent': '-67.3', 'likelihood': -4}, {'offset': 2, 'projected_percent': '-101.0', 'likelihood': -5}]",,False,0,3,0.0,0.0,0,Jérémy,0.0,400,False,Calf injury - Expected back 5 Sep,2026-08-18T17:00:08.385597Z,75,248875.jpg,0.0,False,Doku,1.8,False,,i,15,43,0,222,222,22504,22504,0.0,0.0,Doku,,21.0,2023-08-24,2002-05-27,False,p248875,0,0,0,0,0,0,0,0,0,0,0,0,0,0.0,0.0,0.0,0.0,0,0,0,0,0,0.00,0.00,0.00,0.00,,,,,4.0,,[],https://www.mancity.com/news/mens/enzo-maresca-bournemouth-premier-league-team-news-63922897,587.0,256.0,587.0,256.0,587.0,256.0,587.0,256.0,0.0,0.0,0.0,0.0,0.0,0.0,17.0,10.0,595.0,263.0,595.0,263.0,128.0,40.0,0.0,0.0,0.0,Man City,7.5
True,True,,,438234,0,0,0,0,0.2,13,"[{'offset': 0, 'projected_percent': '0.2', 'likelihood': 1}, {'offset': 1, 'projected_percent': '0.4', 'likelihood': 1}, {'offset': 2, 'projected_percent': '0.6', 'likelihood': 1}]",,False,0,4,2.2,2.2,0,Omar,0.0,401,False,,,70,438234.jpg,0.0,False,Marmoush,1.0,False,,a,15,43,0,3895,3895,3496,3496,0.0,0.0,Marmoush,Omar Marmoush,63.0,2025-01-23,1999-02-07,False,p438234,0,0,0,0,0,0,0,0,0,0,0,0,0,0.0,0.0,0.0,0.0,0,0,0,0,0,0.00,0.00,0.00,0.00,,,2.0,,2.0,,[],,580.0,63.0,580.0,63.0,580.0,63.0,580.0,63.0,0.0,0.0,0.0,0.0,0.0,0.0,28.0,9.0,591.0,67.0,591.0,67.0,196.0,30.0,0.0,0.0,0.0,Man City,7.0
True,False,0.0,0.0,220566,0,0,0,0,0.0,-7,"[{'offset': 0, 'projected_percent': '0.0', 'likelihood': 0}, {'offset': 1, 'projected_percent': '0.0', 'likelihood': 0}, {'offset': 2, 'projected_percent': '0.0', 'likelihood': 0}]",,False,0,3,0.0,0.0,0,Rodrigo 'Rodri',0.0,402,False,Has joined Barcelona permanently,2026-07-23T12:01:23.675537Z,65,220566.jpg,0.0,False,Hernandez Cascante,0.0,False,,u,15,43,0,0,0,412,412,0.0,0.0,Rodrigo,Rodri,200.0,2019-07-04,1996-06-22,False,p220566,0,0,0,0,0,0,0,0,0,0,0,0,0,0.0,0.0,0.0,0.0,0,0,0,0,0,0.00,0.00,0.00,0.00,,,,,,,[],,557.0,234.0,557.0,234.0,557.0,234.0,557.0,234.0,0.0,0.0,0.0,0.0,0.0,0.0,38.0,26.0,580.0,252.0,580.0,252.0,542.0,224.0,0.0,0.0,0.0,Man City,6.5
True,True,,,510281,0,0,0,0,0.0,-23,"[{'offset': 0, 'projected_percent': '-0.6', 'likelihood': -1}, {'offset': 1, 'projected_percent': '-12.7', 'likelihood': -1}, {'offset': 2, 'projected_percent': '-24.8', 'likelihood': -2}]",,False,0,3,2.3,2.3,0,Sávio,0.0,403,False,,,65,510281.jpg,0.0,False,Moreira de Oliveira,0.3,False,,a,15,43,0,1101,1101,1037,1037,0.0,0.0,Savinho,Savinho,30.0,2024-07-18,2004-04-10,False,p510281,0,0,0,0,0,0,0,0,0,0,0,0,0,0.0,0.0,0.0,0.0,0,0,0,0,0,0.00,0.00,0.00,0.00,,,,,,,[],,570.0,244.0,570.0,244.0,570.0,244.0,570.0,244.0,0.0,0.0,0.0,0.0,0.0,0.0,51.0,36.0,587.0,258.0,587.0,258.0,303.0,102.0,0.0,0.0,0.0,Man City,6.5
True,False,0.0,0.0,433036,0,0,0,0,0.0,-86,"[{'offset': 0, 'projected_percent': '0.0', 'likelihood': 0}, {'offset': 1, 'projected_percent': '0.0', 'likelihood': 0}, {'offset': 2, 'projected_percent': '0.0', 'likelihood': 0}]",,False,0,3,0.0,0.0,0,Tijjani,0.0,404,False,Has joined Al Qadsiah permanently,2026-08-20T14:02:58.154273Z,60,433036.jpg,0.0,False,Reijnders,0.1,False,,u,15,43,0,0,0,2621,2621,0.0,0.0,Reijnders,,152.0,2025-06-10,1998-07-29,False,p433036,0,0,0,0,0,0,0,0,0,0,0,0,0,0.0,0.0,0.0,0.0,0,0,0,0,0,0.00,0.00,0.00,0.00,,,,,,,[],,516.0,205.0,516.0,205.0,516.0,205.0,516.0,205.0,0.0,0.0,0.0,0.0,0.0,0.0,78.0,50.0,565.0,243.0,565.0,243.0,427.0,168.0,0.0,0.0,0.0,Man City,6.0
True,True,,,465694,0,0,0,0,-8.9,-24,"[{'offset': 0, 'projected_percent': '-13.8', 'likelihood': -1}, {'offset': 1, 'projected_percent': '-39.0', 'likelihood': -2}, {'offset': 2, 'projected_percent': '-64.3', 'likelihood': -4}]",,False,0,3,2.0,2.0,0,Nico,0.0,405,False,,,55,465694.jpg,0.0,False,González Iglesias,0.1,False,,a,15,43,0,82,82,323,323,0.0,0.0,N.Gonzalez,,200.0,2025-02-03,2002-01-03,False,p465694,0,0,0,0,0,0,0,0,0,0,0,0,0,0.0,0.0,0.0,0.0,0,0,0,0,0,0.00,0.00,0.00,0.00,,,,,,,[],,446.0,163.0,446.0,163.0,446.0,163.0,446.0,163.0,0.0,0.0,0.0,0.0,0.0,0.0,177.0,107.0,540.0,225.0,540.0,225.0,388.0,149.0,0.0,0.0,0.0,Man City,5.5
True,True,,,91651,0,0,0,0,0.0,-13,"[{'offset': 0, 'projected_percent': '-4.2', 'likelihood': -1}, {'offset': 1, 'projected_percent': '-28.9', 'likelihood': -2}, {'offset': 2, 'projected_percent': '-53.5', 'likelihood': -3}]",,False,0,3,2.0,2.0,1,Mateo,1.0,406,False,,,55,91651.jpg,1.0,False,Kovačić,0.1,False,,a,15,43,1,252,252,263,263,0.2,0.2,Kovačić,,97.0,2023-06-27,1994-05-06,False,p91651,27,0,0,0,0,0,0,0,0,0,0,0,3,0.0,0.0,0.0,0.0,0,2,0,2,0,0.00,0.01,0.01,0.08,,,,,,,[],,384.0,131.0,384.0,131.0,384.0,131.0,384.0,131.0,0.0,0.0,0.03,0.03,0.27,0.0,115.0,75.0,220.0,100.0,220.0,100.0,449.0,180.0,0.0,0.0,6.67,Man City,5.5
True,True,,,575204,0,0,0,0,-9.4,-12,"[{'offset': 0, 'projected_percent': '-28.8', 'likelihood': -2}, {'offset': 1, 'projected_percent': '-128.8', 'likelihood': -5}, {'offset': 2, 'projected_percent': '-228.7', 'likelihood': -5}]",,False,0,3,1.5,1.5,0,Claudio,0.0,407,False,,,50,575204.jpg,0.0,False,Echeverri,0.0,False,,a,15,43,0,38,38,69,69,0.0,0.0,Echeverri,,10.0,2024-01-25,2006-01-02,False,p575204,0,0,0,0,0,0,0,0,0,0,0,0,0,0.0,0.0,0.0,0.0,0,0,0,0,0,0.00,0.00,0.00,0.00,,,,,,,[],,359.0,113.0,359.0,113.0,359.0,113.0,359.0,113.0,0.0,0.0,0.0,0.0,0.0,0.0,376.0,223.0,505.0,207.0,505.0,207.0,549.0,226.0,0.0,0.0,0.0,Man City,5.0
True,False,0.0,0.0,155405,0,0,0,0,0.0,-4,"[{'offset': 0, 'projected_percent': '0.0', 'likelihood': 0}, {'offset': 1, 'projected_percent': '0.0', 'likelihood': 0}, {'offset': 2, 'projected_percent': '0.0', 'likelihood': 0}]",,False,0,3,0.0,0.0,0,Kalvin,0.0,408,False,Has joined Sheffield United on loan for the rest of the season,2026-08-18T14:11:56.348781Z,50,155405.jpg,0.0,False,Phillips,0.0,False,,u,15,43,0,0,0,128,128,0.0,0.0,Phillips,,241.0,2022-07-04,1995-12-02,False,p155405,0,0,0,0,0,0,0,0,0,0,0,0,0,0.0,0.0,0.0,0.0,0,0,0,0,0,0.00,0.00,0.00,0.00,,,,,,,[],,226.0,36.0,226.0,36.0,226.0,36.0,226.0,36.0,0.0,0.0,0.0,0.0,0.0,0.0,243.0,146.0,420.0,157.0,420.0,157.0,580.0,248.0,0.0,0.0,0.0,Man City,5.0
True,True,,,590039,0,0,0,0,-4.5,-32,"[{'offset': 0, 'projected_percent': '-9.4', 'likelihood': -1}, {'offset': 1, 'projected_percent': '-34.7', 'likelihood': -2}, {'offset': 2, 'projected_percent': '-60.0', 'likelihood': -3}]",,False,0,3,1.0,1.0,0,Divine,0.0,409,False,,,45,590039.jpg,0.0,False,Mukasa,0.2,False,,a,15,43,0,462,462,647,647,0.0,0.0,Mukasa,,241.0,2025-08-07,2007-08-22,False,p590039,0,0,0,0,0,0,0,0,0,0,0,0,0,0.0,0.0,0.0,0.0,0,0,0,0,0,0.00,0.00,0.00,0.00,,,,,,,[],,192.0,21.0,192.0,21.0,192.0,21.0,192.0,21.0,0.0,0.0,0.0,0.0,0.0,0.0,518.0,259.0,393.0,143.0,393.0,143.0,354.0,128.0,0.0,0.0,0.0,Man City,4.5
True,True,,,649208,0,0,0,0,-11.4,-8,"[{'offset': 0, 'projected_percent': '-25.2', 'likelihood': -2}, {'offset': 1, 'projected_percent': '-95.9', 'likelihood': -5}, {'offset': 2, 'projected_percent': '-166.7', 'likelihood': -5}]",,False,0,3,1.5,1.5,0,Jeremy,0.0,410,False,,,50,649208.jpg,0.0,False,Monga,0.0,False,,a,15,43,0,40,40,77,77,0.0,0.0,Monga,,241.0,2026-07-11,2009-07-10,False,p649208,0,0,0,0,0,0,0,0,0,0,0,0,0,0.0,0.0,0.0,0.0,0,0,0,0,0,0.00,0.00,0.00,0.00,,,,,,,[],,374.0,124.0,374.0,124.0,374.0,124.0,374.0,124.0,0.0,0.0,0.0,0.0,0.0,0.0,391.0,234.0,510.0,210.0,510.0,210.0,552.0,229.0,0.0,0.0,0.0,Man City,5.0
True,True,,,223094,0,0,0,0,1.4,-395,"[{'offset': 0, 'projected_percent': '0.3', 'likelihood': 1}, {'offset': 1, 'projected_percent': '-0.8', 'likelihood': -1}, {'offset': 2, 'projected_percent': '-1.7', 'likelihood': -1}]",,False,0,4,4.0,4.0,2,Erling,2.0,411,False,,,155,223094.jpg,2.0,False,Haaland,69.1,False,,a,15,43,2,16438,16438,10951,10951,0.1,0.1,Haaland,,161.0,2022-07-01,2000-07-21,False,p223094,90,0,0,0,1,0,0,0,0,0,0,0,7,0.0,0.0,0.0,0.0,0,3,0,3,1,0.85,0.02,0.87,0.63,,,,,1.0,,[],,604.0,72.0,604.0,72.0,604.0,72.0,604.0,72.0,0.85,0.0,0.02,0.87,0.63,1.0,1.0,1.0,157.0,16.0,157.0,16.0,1.0,1.0,1.0,0.0,3.0,Man City,15.5
True,True,75.0,,215379,0,0,0,0,-6.5,-5164,"[{'offset': 0, 'projected_percent': '-17.3', 'likelihood': -1}, {'offset': 1, 'projected_percent': '-72.4', 'likelihood': -4}, {'offset': 2, 'projected_percent': '-127.5', 'likelihood': -5}]",,False,0,3,1.7,2.3,2,Elliot,2.0,481,False,Knock - 75% chance of playing,2026-08-23T17:00:07.952697Z,65,215379.jpg,2.0,False,Anderson,7.7,False,,d,15,43,2,4805,4805,21988,21988,0.3,0.3,Anderson,,241.0,2026-07-02,2002-11-06,False,p215379,62,0,0,0,1,0,0,0,0,0,0,0,14,0.0,0.0,0.0,0.0,2,3,2,7,1,0.00,0.25,0.25,0.55,2.0,,,,,,[],,555.0,232.0,555.0,232.0,555.0,232.0,555.0,232.0,0.0,0.0,0.36,0.36,0.8,1.45,36.0,24.0,146.0,73.0,146.0,73.0,55.0,19.0,1.45,0.0,10.16,Man City,6.5
True,True,,,106921,0,0,0,0,0.0,0,"[{'offset': 0, 'projected_percent': '0.0', 'likelihood': 0}, {'offset': 1, 'projected_percent': '0.0', 'likelihood': 0}, {'offset': 2, 'projected_percent': '0.0', 'likelihood': 0}]",2026-08-27T13:57:32.257086Z,False,0,1,2.6,2.6,0,Gerónimo,0.0,587,False,,,50,106921.jpg,0.0,False,Rulli,0.0,False,,a,15,43,0,37,37,53,53,0.0,0.0,Rulli,,10.0,2026-08-12,1992-05-20,False,p106921,0,0,0,0,0,0,0,0,0,0,0,0,0,0.0,0.0,0.0,0.0,0,0,0,0,0,0.00,0.00,0.00,0.00,,,,,,,[],,217.0,50.0,217.0,50.0,217.0,50.0,217.0,50.0,0.0,0.0,0.0,0.0,0.0,0.0,234.0,8.0,413.0,60.0,413.0,60.0,544.0,64.0,0.0,0.0,0.0,Man City,5.0
True,True,100.0,100.0,166989,0,0,0,0,-8.1,-390,"[{'offset': 0, 'projected_percent': '-12.6', 'likelihood': -1}, {'offset': 1, 'projected_percent': '-35.9', 'likelihood': -2}, {'offset': 2, 'projected_percent': '-59.1', 'likelihood': -3}]",,False,0,3,2.1,2.1,2,Youri,2.0,43,False,,2026-07-23T12:01:23.321726Z,60,166989.jpg,2.0,False,Tielemans,2.6,False,,a,16,1,2,4509,4509,8431,8431,0.3,0.3,Tielemans,,21.0,2026-07-14,1997-05-07,False,p166989,66,0,0,0,2,0,0,0,0,0,0,0,13,0.0,0.0,0.0,0.0,0,5,0,5,1,0.04,0.11,0.15,0.94,,,,,3.0,,[],,500.0,196.0,500.0,196.0,500.0,196.0,500.0,196.0,0.05,0.0,0.15,0.2,1.28,2.73,62.0,41.0,135.0,66.0,135.0,66.0,112.0,36.0,1.36,0.0,6.82,Man Utd,6.0
True,True,,,532605,0,0,0,0,-5.1,-123,"[{'offset': 0, 'projected_percent': '-8.6', 'likelihood': -1}, {'offset': 1, 'projected_percent': '-26.4', 'likelihood': -2}, {'offset': 2, 'projected_percent': '-44.3', 'likelihood': -3}]",,False,0,3,1.5,1.5,2,Andrey,2.0,162,False,,,50,532605.jpg,2.0,False,Nascimento dos Santos,1.1,False,,a,16,1,2,2621,2621,3777,3777,0.4,0.4,Andrey Santos,Andrey Santos,30.0,2026-07-13,2004-05-03,False,p532605,66,0,0,0,2,0,0,0,0,0,0,0,17,0.0,0.0,0.0,0.0,3,5,1,9,1,0.00,0.23,0.23,0.94,,,,,,,[],,341.0,98.0,341.0,98.0,341.0,98.0,341.0,98.0,0.0,0.0,0.31,0.31,1.28,2.73,358.0,208.0,121.0,56.0,121.0,56.0,190.0,63.0,1.36,0.0,12.27,Man Utd,5.0
True,True,100.0,75.0,59735,0,0,0,0,-1.1,0,"[{'offset': 0, 'projected_percent': '-1.1', 'likelihood': -1}, {'offset': 1, 'projected_percent': '-1.1', 'likelihood': -1}, {'offset': 2, 'projected_percent': '-1.1', 'likelihood': -1}]",,False,0,1,1.9,1.4,0,Karl,0.0,325,False,,2026-07-23T12:01:23.549136Z,45,59735.jpg,0.0,False,Darlow,0.0,False,,a,16,1,0,63,63,71,71,0.0,0.0,Darlow,,244.0,2026-06-14,1990-10-08,False,p59735,0,0,0,0,0,0,0,0,0,0,0,0,0,0.0,0.0,0.0,0.0,0,0,0,0,0,0.00,0.00,0.00,0.00,,,,,,,[],,73.0,21.0,73.0,21.0,73.0,21.0,73.0,21.0,0.0,0.0,0.0,0.0,0.0,0.0,399.0,22.0,315.0,39.0,315.0,39.0,506.0,55.0,0.0,0.0,0.0,Man Utd,4.5
True,True,,,465247,0,0,0,0,-4.1,-560,"[{'offset': 0, 'projected_percent': '-5.1', 'likelihood': -1}, {'offset': 1, 'projected_percent': '-10.4', 'likelihood': -1}, {'offset': 2, 'projected_percent': '-15.6', 'likelihood': -1}]",,False,0,1,2.6,2.6,1,Senne,1.0,412,False,,,50,465247.jpg,1.0,False,Lammens,16.4,False,,a,16,1,1,7319,7319,22292,22292,0.2,0.2,Lammens,,21.0,2025-09-01,2002-07-07,False,p465247,90,0,0,0,2,0,0,0,0,0,2,0,7,0.0,0.0,0.0,0.0,2,8,0,0,1,0.00,0.00,0.00,1.01,,,,,,,[],,299.0,60.0,299.0,60.0,299.0,60.0,299.0,60.0,0.0,2.0,0.0,0.0,1.01,2.0,316.0,18.0,197.0,16.0,197.0,16.0,25.0,5.0,1.0,0.0,0.0,Man Utd,5.0
True,False,0.0,0.0,451302,0,0,0,0,0.0,-11,"[{'offset': 0, 'projected_percent': '0.0', 'likelihood': 0}, {'offset': 1, 'projected_percent': '0.0', 'likelihood': 0}, {'offset': 2, 'projected_percent': '0.0', 'likelihood': 0}]",,False,0,1,0.0,0.0,0,Altay,0.0,413,False,Has joined Celta Vigo on loan for the rest of the season,2026-08-10T14:02:28.608415Z,45,451302.jpg,0.0,False,Bayındır,0.0,False,,u,16,1,0,0,0,268,268,0.0,0.0,Bayindir,,219.0,2023-09-01,1998-04-14,False,p451302,0,0,0,0,0,0,0,0,0,0,0,0,0,0.0,0.0,0.0,0.0,0,0,0,0,0,0.00,0.00,0.00,0.00,,,,,,,[],,138.0,36.0,138.0,36.0,138.0,36.0,138.0,36.0,0.0,0.0,0.0,0.0,0.0,0.0,464.0,37.0,358.0,52.0,358.0,52.0,537.0,63.0,0.0,0.0,0.0,Man Utd,4.5
True,True,0.0,0.0,21205,0,0,0,0,-5.7,-8,"[{'offset': 0, 'projected_percent': '-6.6', 'likelihood': -1}, {'offset': 1, 'projected_percent': '-10.8', 'likelihood': -1}, {'offset': 2, 'projected_percent': '-15.1', 'likelihood': -1}]",,False,0,1,0.0,0.0,0,Tom,0.0,414,False,Hamstring injury - Unknown return date,2026-08-15T16:00:07.854151Z,40,21205.jpg,0.0,False,Heaton,0.1,False,,i,16,1,0,42,42,328,328,0.0,0.0,Heaton,,241.0,2021-07-02,1986-04-15,False,p21205,0,0,0,0,0,0,0,0,0,0,0,0,0,0.0,0.0,0.0,0.0,0,0,0,0,0,0.00,0.00,0.00,0.00,,,,,,,[],,1.0,1.0,1.0,1.0,1.0,1.0,1.0,1.0,0.0,0.0,0.0,0.0,0.0,0.0,534.0,48.0,263.0,19.0,263.0,19.0,426.0,48.0,0.0,0.0,0.0,Man Utd,4.0
True,True,,,596777,0,0,0,0,-23.5,-417,"[{'offset': 0, 'projected_percent': '-33.0', 'likelihood': -2}, {'offset': 1, 'projected_percent': '-81.6', 'likelihood': -5}, {'offset': 2, 'projected_percent': '-130.3', 'likelihood': -5}]",,False,0,3,2.1,2.1,0,Patrick,0.0,415,False,,,60,596777.jpg,0.0,False,Dorgu,1.3,False,,a,16,1,0,1915,1915,7344,7344,0.0,0.0,Dorgu,,58.0,2025-02-02,2004-10-26,False,p596777,45,0,0,0,2,0,0,0,1,0,0,0,-11,0.0,0.0,0.0,0.0,1,0,0,1,1,0.47,0.03,0.50,0.92,,,,,,,[],,546.0,224.0,546.0,224.0,546.0,224.0,546.0,224.0,0.94,0.0,0.06,1.0,1.84,4.0,108.0,69.0,577.0,249.0,577.0,249.0,171.0,54.0,2.0,0.0,2.0,Man Utd,6.0
True,True,0.0,0.0,209365,0,0,0,0,-10.1,-4,"[{'offset': 0, 'projected_percent': '-11.7', 'likelihood': -1}, {'offset': 1, 'projected_percent': '-19.9', 'likelihood': -1}, {'offset': 2, 'projected_percent': '-28.1', 'likelihood': -2}]",,False,0,2,0.0,0.0,0,Matthijs,0.0,416,False,Back injury - Unknown return date,2026-07-23T12:01:23.690880Z,50,209365.jpg,0.0,False,de Ligt,0.0,False,,i,16,1,0,51,51,182,182,0.0,0.0,De Ligt,,152.0,2024-08-13,1999-08-12,False,p209365,0,0,0,0,0,0,0,0,0,0,0,0,0,0.0,0.0,0.0,0.0,0,0,0,0,0,0.00,0.00,0.00,0.00,,,,,,,[],https://www.manutd.com/en/news/team-news-for-man-utd-hull-opener-aug-2026,246.0,130.0,246.0,130.0,246.0,130.0,246.0,130.0,0.0,0.0,0.0,0.0,0.0,0.0,263.0,43.0,430.0,164.0,430.0,164.0,530.0,180.0,0.0,0.0,0.0,Man Utd,5.0
True,True,,,216051,0,0,0,0,-9.0,-320,"[{'offset': 0, 'projected_percent': '-12.5', 'likelihood': -1}, {'offset': 1, 'projected_percent': '-30.6', 'likelihood': -2}, {'offset': 2, 'projected_percent': '-48.6', 'likelihood': -3}]",,False,0,2,2.2,2.2,1,Diogo,1.0,417,False,,,50,216051.jpg,1.0,False,Dalot Teixeira,2.7,False,,a,16,1,1,3138,3138,7912,7912,0.2,0.2,Dalot,Diogo Dalot,173.0,2018-06-08,1999-03-18,False,p216051,10,0,0,0,0,0,0,0,0,0,0,0,6,0.0,0.0,0.0,0.0,1,1,2,3,0,0.00,0.00,0.00,0.00,,,,,,,[],,254.0,133.0,254.0,133.0,254.0,133.0,254.0,133.0,0.0,0.0,0.0,0.0,0.0,0.0,271.0,46.0,196.0,79.0,196.0,79.0,110.0,45.0,0.0,0.0,27.0,Man Utd,5.0
True,True,,,95658,0,0,0,0,-1.4,-712,"[{'offset': 0, 'projected_percent': '-2.6', 'likelihood': -1}, {'offset': 1, 'projected_percent': '-8.6', 'likelihood': -1}, {'offset': 2, 'projected_percent': '-14.7', 'likelihood': -1}]",,False,0,2,2.2,2.2,1,Harry,1.0,418,False,,,50,95658.jpg,1.0,False,Maguire,18.0,False,,a,16,1,1,15405,15405,22777,22777,0.2,0.2,Maguire,,241.0,2019-08-05,1993-03-05,False,p95658,90,0,0,0,2,0,0,0,0,0,0,0,15,0.0,0.0,0.0,0.0,4,5,0,4,1,0.04,0.40,0.44,1.01,,,,,,,[],,213.0,123.0,213.0,123.0,213.0,123.0,213.0,123.0,0.04,0.0,0.4,0.44,1.01,2.0,230.0,36.0,189.0,76.0,189.0,76.0,20.0,7.0,1.0,0.0,4.0,Man Utd,5.0
True,True,100.0,100.0,221820,0,0,0,0,-5.5,-201,"[{'offset': 0, 'projected_percent': '-9.8', 'likelihood': -1}, {'offset': 1, 'projected_percent': '-31.8', 'likelihood': -2}, {'offset': 2, 'projected_percent': '-53.9', 'likelihood': -3}]",,False,0,2,2.2,2.2,0,Lisandro,0.0,419,False,,2026-07-24T20:00:10.337107Z,50,221820.jpg,0.0,False,Martínez,1.4,False,,a,16,1,0,3265,3265,4820,4820,0.0,0.0,Martinez,Lisandro Martínez,10.0,2022-07-17,1998-01-18,False,p221820,0,0,0,0,0,0,0,0,0,0,0,0,0,0.0,0.0,0.0,0.0,0,0,0,0,0,0.00,0.00,0.00,0.00,,,,,,,[],,260.0,136.0,260.0,136.0,260.0,136.0,260.0,136.0,0.0,0.0,0.0,0.0,0.0,0.0,277.0,49.0,437.0,167.0,437.0,167.0,165.0,68.0,0.0,0.0,0.0,Man Utd,5.0
True,True,,,550864,0,0,0,0,-15.7,-140,"[{'offset': 0, 'projected_percent': '-21.5', 'likelihood': -2}, {'offset': 1, 'projected_percent': '-51.5', 'likelihood': -3}, {'offset': 2, 'projected_percent': '-81.4', 'likelihood': -5}]",,False,0,2,2.2,2.2,0,Leny,0.0,420,False,,,50,550864.jpg,0.0,False,Yoro,0.7,False,,a,16,1,0,770,770,2778,2778,0.0,0.0,Yoro,,73.0,2024-07-19,2005-11-13,False,p550864,0,0,0,0,0,0,0,0,0,0,0,0,0,0.0,0.0,0.0,0.0,0,0,0,0,0,0.00,0.00,0.00,0.00,,,,,,,[],,353.0,160.0,353.0,160.0,353.0,160.0,353.0,160.0,0.0,0.0,0.0,0.0,0.0,0.0,370.0,73.0,501.0,183.0,501.0,183.0,221.0,84.0,0.0,0.0,0.0,Man Utd,5.0
True,True,,,606745,0,0,0,0,0.1,-28,"[{'offset': 0, 'projected_percent': '-0.1', 'likelihood': -1}, {'offset': 1, 'projected_percent': '-10.8', 'likelihood': -1}, {'offset': 2, 'projected_percent': '-21.5', 'likelihood': -2}]",,False,0,2,1.7,1.7,1,Ayden,1.0,421,False,,,45,606745.jpg,1.0,False,Heaven,0.4,False,,a,16,1,1,1078,1078,985,985,0.2,0.2,Heaven,,241.0,2025-02-01,2006-09-22,False,p606745,90,0,0,0,2,0,0,0,0,0,0,0,5,0.0,0.0,0.0,0.0,1,4,1,2,1,0.12,0.04,0.16,1.01,,,,,,,[],,198.0,118.0,198.0,118.0,198.0,118.0,198.0,118.0,0.12,0.0,0.04,0.16,1.01,2.0,524.0,145.0,188.0,75.0,188.0,75.0,273.0,102.0,1.0,0.0,2.0,Man Utd,4.5
True,True,,,230001,0,0,0,0,0.2,1,"[{'offset': 0, 'projected_percent': '0.2', 'likelihood': 1}, {'offset': 1, 'projected_percent': '0.3', 'likelihood': 1}, {'offset': 2, 'projected_percent': '0.3', 'likelihood': 1}]",,False,0,2,1.7,1.7,1,Noussair,1.0,422,False,,,45,230001.jpg,1.0,False,Mazraoui,0.7,False,,a,16,1,1,1817,1817,1525,1525,0.2,0.2,Mazraoui,,145.0,2024-08-13,1997-11-14,False,p230001,79,0,0,0,2,0,0,0,0,0,0,0,8,0.0,0.0,0.0,0.0,4,3,1,5,1,0.22,0.05,0.27,1.01,,,,,,,[],,118.0,80.0,118.0,80.0,118.0,80.0,118.0,80.0,0.25,0.0,0.06,0.31,1.15,2.28,444.0,107.0,173.0,63.0,173.0,63.0,233.0,88.0,1.14,0.0,5.7,Man Utd,4.5
True,True,,,106760,0,0,0,0,-2.7,-1088,"[{'offset': 0, 'projected_percent': '-4.2', 'likelihood': -1}, {'offset': 1, 'projected_percent': '-12.2', 'likelihood': -1}, {'offset': 2, 'projected_percent': '-20.1', 'likelihood': -2}]",,False,0,2,1.7,1.7,1,Luke,1.0,423,False,,,45,106760.jpg,1.0,False,Shaw,21.0,False,,a,16,1,1,13453,13453,26674,26674,0.2,0.2,Shaw,,241.0,2014-07-01,1995-07-12,False,p106760,90,0,0,0,2,0,0,0,0,0,0,0,13,0.0,0.0,0.0,0.0,3,3,1,4,1,0.00,0.26,0.26,1.01,3.0,,,,,,[],,82.0,56.0,82.0,56.0,82.0,56.0,82.0,56.0,0.0,0.0,0.26,0.26,1.01,2.0,408.0,83.0,170.0,60.0,170.0,60.0,16.0,4.0,1.0,0.0,4.0,Man Utd,4.5
True,True,,,577974,0,0,0,0,-3.3,-6,"[{'offset': 0, 'projected_percent': '-4.1', 'likelihood': -1}, {'offset': 1, 'projected_percent': '-8.6', 'likelihood': -1}, {'offset': 2, 'projected_percent': '-13.0', 'likelihood': -1}]",,False,0,2,1.0,1.0,0,Harry,0.0,424,False,,,40,577974.jpg,0.0,False,Amass,0.2,False,,a,16,1,0,345,345,526,526,0.0,0.0,Amass,,241.0,2024-04-06,2007-03-16,False,p577974,0,0,0,0,0,0,0,0,0,0,0,0,0,0.0,0.0,0.0,0.0,0,0,0,0,0,0.00,0.00,0.00,0.00,,,,,,,[],,61.0,42.0,61.0,42.0,61.0,42.0,61.0,42.0,0.0,0.0,0.0,0.0,0.0,0.0,594.0,190.0,306.0,113.0,306.0,113.0,346.0,132.0,0.0,0.0,0.0,Man Utd,4.0
True,False,0.0,0.0,547676,0,0,0,0,0.0,-12,"[{'offset': 0, 'projected_percent': '0.0', 'likelihood': 0}, {'offset': 1, 'projected_percent': '0.0', 'likelihood': 0}, {'offset': 2, 'projected_percent': '0.0', 'likelihood': 0}]",,False,0,2,0.0,0.0,0,Tyler,0.0,425,False,Has joined Lausanne-Sport permanently,2026-08-18T14:12:31.904433Z,40,547676.jpg,0.0,False,Fredricson,0.0,False,,u,16,1,0,0,0,288,288,0.0,0.0,Fredricson,,241.0,2022-09-07,2005-02-23,False,p547676,0,0,0,0,0,0,0,0,0,0,0,0,0,0.0,0.0,0.0,0.0,0,0,0,0,0,0.00,0.00,0.00,0.00,,,,,,,[],,56.0,37.0,56.0,37.0,56.0,37.0,56.0,37.0,0.0,0.0,0.0,0.0,0.0,0.0,589.0,185.0,302.0,109.0,302.0,109.0,533.0,182.0,0.0,0.0,0.0,Man Utd,4.0
True,True,,,141746,0,0,0,0,-2.5,-1577,"[{'offset': 0, 'projected_percent': '-3.5', 'likelihood': -1}, {'offset': 1, 'projected_percent': '-8.2', 'likelihood': -1}, {'offset': 2, 'projected_percent': '-12.9', 'likelihood': -1}]",,False,0,3,4.0,4.0,2,Bruno,2.0,426,False,,,120,141746.jpg,2.0,False,Borges Fernandes,51.0,False,,a,16,1,2,8580,8580,37268,37268,0.2,0.2,B.Fernandes,Bruno Fernandes,173.0,2020-01-30,1994-09-08,False,p141746,90,0,0,0,2,0,0,0,0,0,0,0,18,0.0,0.0,0.0,0.0,1,5,0,6,1,0.08,0.26,0.34,1.01,1.0,,1.0,,1.0,,[],,603.0,266.0,603.0,266.0,603.0,266.0,603.0,266.0,0.08,0.0,0.26,0.34,1.01,2.0,2.0,1.0,156.0,80.0,156.0,80.0,3.0,1.0,1.0,0.0,6.0,Man Utd,12.0
True,True,,,446008,0,0,0,0,-3.1,-1984,"[{'offset': 0, 'projected_percent': '-4.7', 'likelihood': -1}, {'offset': 1, 'projected_percent': '-12.6', 'likelihood': -1}, {'offset': 2, 'projected_percent': '-20.6', 'likelihood': -2}]",,False,0,3,2.8,2.8,2,Bryan,2.0,427,False,,,80,446008.jpg,2.0,False,Mbeumo,38.0,False,,a,16,1,2,14950,14950,38987,38987,0.2,0.2,Mbeumo,,38.0,2025-07-21,1999-08-07,False,p446008,90,0,0,0,2,0,0,0,0,0,0,0,12,0.0,0.0,0.0,0.0,0,4,0,4,1,0.50,0.23,0.73,1.01,2.0,,2.0,,2.0,,[],,597.0,262.0,597.0,262.0,597.0,262.0,597.0,262.0,0.5,0.0,0.23,0.73,1.01,2.0,11.0,7.0,153.0,78.0,153.0,78.0,6.0,3.0,1.0,0.0,4.0,Man Utd,8.0
True,True,,,430871,0,0,0,0,-6.9,-955,"[{'offset': 0, 'projected_percent': '-9.7', 'likelihood': -1}, {'offset': 1, 'projected_percent': '-24.3', 'likelihood': -2}, {'offset': 2, 'projected_percent': '-38.8', 'likelihood': -2}]",,False,0,3,2.8,2.8,2,Matheus,2.0,428,False,,,80,430871.jpg,2.0,False,Santos Carneiro da Cunha,10.0,False,,a,16,1,2,5926,5926,19085,19085,0.2,0.2,Cunha,Matheus Cunha,30.0,2025-06-01,1999-05-27,False,p430871,79,0,0,0,2,0,0,0,0,0,0,0,14,0.0,0.0,0.0,0.0,0,3,0,3,1,0.24,0.21,0.45,1.01,,,,,,,[],,596.0,261.0,596.0,261.0,596.0,261.0,596.0,261.0,0.27,0.0,0.24,0.51,1.15,2.28,10.0,6.0,152.0,77.0,152.0,77.0,40.0,14.0,1.14,0.0,3.42,Man Utd,8.0
True,True,,,176297,0,0,0,0,-3.1,-117,"[{'offset': 0, 'projected_percent': '-5.2', 'likelihood': -1}, {'offset': 1, 'projected_percent': '-16.0', 'likelihood': -1}, {'offset': 2, 'projected_percent': '-26.8', 'likelihood': -2}]",,False,0,3,2.5,2.5,1,Marcus,1.0,429,False,,,70,176297.jpg,1.0,False,Rashford,1.7,False,,a,16,1,1,4413,4413,5412,5412,0.1,0.1,Rashford,,241.0,2015-07-01,1997-10-31,False,p176297,45,0,0,0,0,0,0,0,0,0,0,0,9,0.0,0.0,0.0,0.0,0,1,0,1,0,0.00,0.10,0.10,0.09,,,,,,,[],,575.0,248.0,575.0,248.0,575.0,248.0,575.0,248.0,0.0,0.0,0.2,0.2,0.18,0.0,23.0,14.0,260.0,125.0,260.0,125.0,145.0,44.0,0.0,0.0,2.0,Man Utd,7.0
True,True,50.0,50.0,184341,0,0,0,0,-22.6,-10,"[{'offset': 0, 'projected_percent': '-27.7', 'likelihood': -2}, {'offset': 1, 'projected_percent': '-53.8', 'likelihood': -3}, {'offset': 2, 'projected_percent': '-79.9', 'likelihood': -4}]",,False,0,3,1.0,1.0,0,Mason,0.0,430,False,Foot injury - 50% chance of playing,2026-08-15T16:00:07.879135Z,55,184341.jpg,0.0,False,Mount,0.0,False,,d,16,1,0,12,12,236,236,0.0,0.0,Mount,,241.0,2023-07-05,1999-01-10,False,p184341,0,0,0,0,0,0,0,0,0,0,0,0,0,0.0,0.0,0.0,0.0,0,0,0,0,0,0.00,0.00,0.00,0.00,,,3.0,,,,[],https://www.manutd.com/en/news/team-news-for-man-utd-hull-opener-aug-2026,397.0,135.0,397.0,135.0,397.0,135.0,397.0,135.0,0.0,0.0,0.0,0.0,0.0,0.0,128.0,79.0,520.0,214.0,520.0,214.0,518.0,214.0,0.0,0.0,0.0,Man Utd,5.5
True,True,75.0,,493250,0,0,0,0,-28.3,-1002,"[{'offset': 0, 'projected_percent': '-39.2', 'likelihood': -2}, {'offset': 1, 'projected_percent': '-95.4', 'likelihood': -5}, {'offset': 2, 'projected_percent': '-151.6', 'likelihood': -5}]",,False,0,3,1.6,2.1,0,Amad,0.0,431,False,Unspecified injury - 75% chance of playing,2026-08-22T11:00:08.617283Z,60,493250.jpg,0.0,False,Diallo,1.5,False,,d,16,1,0,1240,1240,14169,14169,0.0,0.0,Amad,,54.0,2021-01-07,2002-07-11,False,p493250,0,0,0,0,0,0,0,0,0,0,0,0,0,0.0,0.0,0.0,0.0,0,0,0,0,0,0.00,0.00,0.00,0.00,4.0,,,,,,[],,534.0,216.0,534.0,216.0,534.0,216.0,534.0,216.0,0.0,0.0,0.0,0.0,0.0,0.0,96.0,61.0,571.0,246.0,571.0,246.0,160.0,47.0,0.0,0.0,0.0,Man Utd,6.0
True,True,,,516895,0,0,0,0,-15.2,-194,"[{'offset': 0, 'projected_percent': '-20.9', 'likelihood': -2}, {'offset': 1, 'projected_percent': '-50.2', 'likelihood': -3}, {'offset': 2, 'projected_percent': '-79.4', 'likelihood': -4}]",,False,0,3,2.0,2.0,1,Kobbie,1.0,432,False,,,55,516895.jpg,1.0,False,Mainoo,1.0,False,,a,16,1,1,1009,1009,3720,3720,0.2,0.2,Mainoo,,241.0,2022-10-15,2005-04-19,False,p516895,23,0,0,0,0,0,0,0,0,0,0,0,7,0.0,0.0,0.0,0.0,0,1,0,1,0,0.07,0.01,0.08,0.07,,,,,,,[],,470.0,181.0,470.0,181.0,470.0,181.0,470.0,181.0,0.27,0.0,0.04,0.31,0.27,0.0,201.0,125.0,239.0,110.0,239.0,110.0,191.0,64.0,0.0,0.0,3.91,Man Utd,5.5
True,True,0.0,0.0,232112,0,0,0,0,-16.9,0,"[{'offset': 0, 'projected_percent': '-16.9', 'likelihood': -1}, {'offset': 1, 'projected_percent': '-16.9', 'likelihood': -1}, {'offset': 2, 'projected_percent': '-16.9', 'likelihood': -1}]",,False,0,3,0.0,0.0,0,Manuel,0.0,433,False,Knee injury - Unknown return date,2026-07-23T12:01:23.706702Z,50,232112.jpg,0.0,False,Ugarte Ribeiro,0.0,False,,i,16,1,0,7,7,37,37,0.0,0.0,Ugarte,,230.0,2024-08-30,2001-04-11,False,p232112,0,0,0,0,0,0,0,0,0,0,0,0,0,0.0,0.0,0.0,0.0,0,0,0,0,0,0.00,0.00,0.00,0.00,,,,,,,[],https://www.manutd.com/en/news/an-official-update-on-manuel-ugarte,268.0,59.0,268.0,59.0,268.0,59.0,268.0,59.0,0.0,0.0,0.0,0.0,0.0,0.0,285.0,169.0,443.0,169.0,443.0,169.0,595.0,260.0,0.0,0.0,0.0,Man Utd,5.0
True,True,,,547037,0,0,0,0,-9.1,0,"[{'offset': 0, 'projected_percent': '-9.1', 'likelihood': -1}, {'offset': 1, 'projected_percent': '-9.1', 'likelihood': -1}, {'offset': 2, 'projected_percent': '-9.1', 'likelihood': -1}]",,False,0,3,1.5,1.5,0,Jack,0.0,434,False,,,50,547037.jpg,0.0,False,Fletcher,0.0,False,,a,16,1,0,19,19,42,42,0.0,0.0,J.Fletcher,Jack Fletcher,241.0,2024-07-12,2007-03-19,False,p547037,0,0,0,0,0,0,0,0,0,0,0,0,0,0.0,0.0,0.0,0.0,0,0,0,0,0,0.00,0.00,0.00,0.00,,,,,,,[],,350.0,107.0,350.0,107.0,350.0,107.0,350.0,107.0,0.0,0.0,0.0,0.0,0.0,0.0,367.0,217.0,499.0,203.0,499.0,203.0,572.0,243.0,0.0,0.0,0.0,Man Utd,5.0
True,True,,,576628,0,0,0,0,-6.5,-1,"[{'offset': 0, 'projected_percent': '-6.8', 'likelihood': -1}, {'offset': 1, 'projected_percent': '-8.4', 'likelihood': -1}, {'offset': 2, 'projected_percent': '-9.9', 'likelihood': -1}]",,False,0,3,1.5,1.5,1,Shea,1.0,435,False,,,50,576628.jpg,1.0,False,Lacey,0.0,False,,a,16,1,1,85,85,155,155,0.2,0.2,Lacey,,241.0,2025-05-26,2007-04-14,False,p576628,10,0,0,0,0,0,0,0,0,0,0,0,3,0.0,0.0,0.0,0.0,0,1,0,1,0,0.00,0.00,0.00,0.00,,,,,,,[],,360.0,114.0,360.0,114.0,360.0,114.0,360.0,114.0,0.0,0.0,0.0,0.0,0.0,0.0,377.0,224.0,209.0,92.0,209.0,92.0,482.0,198.0,0.0,0.0,9.0,Man Utd,5.0
True,True,,,490881,0,0,0,0,-13.0,0,"[{'offset': 0, 'projected_percent': '-13.0', 'likelihood': -1}, {'offset': 1, 'projected_percent': '-13.0', 'likelihood': -1}, {'offset': 2, 'projected_percent': '-13.0', 'likelihood': -1}]",,False,0,3,1.5,1.5,0,Toby,0.0,436,False,,,50,490881.jpg,0.0,False,Collyer,0.0,False,,a,16,1,0,21,21,63,63,0.0,0.0,Collyer,,241.0,2023-07-01,2004-01-03,False,p490881,0,0,0,0,0,0,0,0,0,0,0,0,0,0.0,0.0,0.0,0.0,0,0,0,0,0,0.00,0.00,0.00,0.00,,,,,,,[],,318.0,85.0,318.0,85.0,318.0,85.0,318.0,85.0,0.0,0.0,0.0,0.0,0.0,0.0,335.0,195.0,481.0,193.0,481.0,193.0,551.0,228.0,0.0,0.0,0.0,Man Utd,5.0
True,True,,,576620,0,0,0,0,-4.5,-24,"[{'offset': 0, 'projected_percent': '-8.2', 'likelihood': -1}, {'offset': 1, 'projected_percent': '-27.7', 'likelihood': -2}, {'offset': 2, 'projected_percent': '-47.2', 'likelihood': -3}]",,False,0,3,1.0,1.0,0,Bendito,0.0,437,False,,,45,576620.jpg,0.0,False,Mantato,0.2,False,,a,16,1,0,447,447,655,655,0.0,0.0,Bendito Mantato,,,,,False,p576620,0,0,0,0,0,0,0,0,0,0,0,0,0,0.0,0.0,0.0,0.0,0,0,0,0,0,0.00,0.00,0.00,0.00,,,,,,,[],,188.0,19.0,188.0,19.0,188.0,19.0,188.0,19.0,0.0,0.0,0.0,0.0,0.0,0.0,514.0,257.0,390.0,142.0,390.0,142.0,358.0,130.0,0.0,0.0,0.0,Man Utd,4.5
True,True,,,519913,0,0,0,0,-7.2,-50,"[{'offset': 0, 'projected_percent': '-11.3', 'likelihood': -1}, {'offset': 1, 'projected_percent': '-32.6', 'likelihood': -2}, {'offset': 2, 'projected_percent': '-53.9', 'likelihood': -3}]",,False,0,3,1.0,1.0,0,Tyler,0.0,438,False,,,45,519913.jpg,0.0,False,Fletcher,0.4,False,,a,16,1,0,575,575,1081,1081,0.0,0.0,Fletcher,Tyler Fletcher,243.0,2025-05-26,2007-03-19,False,p519913,0,0,0,0,0,0,0,0,0,0,0,0,0,0.0,0.0,0.0,0.0,0,0,0,0,0,0.00,0.00,0.00,0.00,,,,,,,[],,170.0,15.0,170.0,15.0,170.0,15.0,170.0,15.0,0.0,0.0,0.0,0.0,0.0,0.0,496.0,253.0,374.0,138.0,374.0,138.0,284.0,94.0,0.0,0.0,0.0,Man Utd,4.5
True,True,100.0,75.0,485711,0,0,0,0,0.9,306,"[{'offset': 0, 'projected_percent': '1.8', 'likelihood': 1}, {'offset': 1, 'projected_percent': '6.3', 'likelihood': 1}, {'offset': 2, 'projected_percent': '10.7', 'likelihood': 1}]",,False,0,4,2.2,1.7,1,Benjamin,1.0,439,False,,2026-07-23T12:01:23.722029Z,70,485711.jpg,1.0,False,Sesko,1.5,False,,a,16,1,1,5300,5300,3533,3533,0.1,0.1,Šeško,,195.0,2025-08-09,2003-05-31,False,p485711,23,0,0,0,0,0,0,0,0,0,0,0,2,0.0,0.0,0.0,0.0,0,0,0,0,0,0.04,0.00,0.04,0.07,,,,,,,[],,582.0,64.0,582.0,64.0,582.0,64.0,582.0,64.0,0.16,0.0,0.0,0.16,0.27,0.0,30.0,10.0,262.0,30.0,262.0,30.0,161.0,24.0,0.0,0.0,0.0,Man Utd,7.0
True,True,,,458249,0,0,0,0,-22.3,-170,"[{'offset': 0, 'projected_percent': '-30.5', 'likelihood': -2}, {'offset': 1, 'projected_percent': '-72.5', 'likelihood': -4}, {'offset': 2, 'projected_percent': '-114.5', 'likelihood': -5}]",,False,0,4,1.8,1.8,0,Joshua,0.0,440,False,,,55,458249.jpg,0.0,False,Zirkzee,0.6,False,,a,16,1,0,853,853,3287,3287,0.0,0.0,Zirkzee,,152.0,2024-07-17,2001-05-22,False,p458249,0,0,0,0,0,0,0,0,0,0,0,0,0,0.0,0.0,0.0,0.0,0,0,0,0,0,0.00,0.00,0.00,0.00,,,,,,,[],,441.0,35.0,441.0,35.0,441.0,35.0,441.0,35.0,0.0,0.0,0.0,0.0,0.0,0.0,172.0,39.0,538.0,56.0,538.0,56.0,239.0,38.0,0.0,0.0,0.0,Man Utd,5.5
True,True,,,596047,0,0,0,0,-4.9,-61,"[{'offset': 0, 'projected_percent': '-6.5', 'likelihood': -1}, {'offset': 1, 'projected_percent': '-14.6', 'likelihood': -1}, {'offset': 2, 'projected_percent': '-22.7', 'likelihood': -2}]",,False,0,4,1.0,1.0,0,Chido,0.0,441,False,,,45,596047.jpg,0.0,False,Obi,1.2,False,,a,16,1,0,1658,1658,2820,2820,0.0,0.0,Obi,,58.0,2025-02-15,2007-11-29,False,p596047,0,0,0,0,0,0,0,0,0,0,0,0,0,0.0,0.0,0.0,0.0,0,0,0,0,0,0.00,0.00,0.00,0.00,,,,,,,[],,195.0,10.0,195.0,10.0,195.0,10.0,195.0,10.0,0.0,0.0,0.0,0.0,0.0,0.0,521.0,70.0,396.0,39.0,396.0,39.0,181.0,26.0,0.0,0.0,0.0,Man Utd,4.5
True,True,,,98747,0,0,0,0,-4.2,-271,"[{'offset': 0, 'projected_percent': '-10.1', 'likelihood': -1}, {'offset': 1, 'projected_percent': '-40.7', 'likelihood': -3}, {'offset': 2, 'projected_percent': '-71.2', 'likelihood': -4}]",,False,0,1,2.6,2.6,0,Nick,0.0,442,False,,,50,98747.jpg,0.0,False,Pope,1.4,False,,a,17,4,0,865,865,1953,1953,0.0,0.0,Pope,,241.0,2022-06-23,1992-04-19,False,p98747,0,0,0,0,0,0,0,0,0,0,0,0,0,0.0,0.0,0.0,0.0,0,0,0,0,0,0.00,0.00,0.00,0.00,,,,,,,[],,214.0,48.0,214.0,48.0,214.0,48.0,214.0,48.0,0.0,0.0,0.0,0.0,0.0,0.0,231.0,6.0,410.0,58.0,410.0,58.0,169.0,24.0,0.0,0.0,0.0,Newcastle,5.0
True,True,,,81441,0,0,0,0,-0.9,-2,"[{'offset': 0, 'projected_percent': '-2.3', 'likelihood': -1}, {'offset': 1, 'projected_percent': '-9.6', 'likelihood': -1}, {'offset': 2, 'projected_percent': '-16.9', 'likelihood': -1}]",,False,0,1,1.9,1.9,0,Mark,0.0,443,False,,,45,81441.jpg,0.0,False,Gillespie,0.0,False,,a,17,4,0,50,50,62,62,0.0,0.0,Gillespie,,241.0,2020-07-27,1992-03-27,False,p81441,0,0,0,0,0,0,0,0,0,0,0,0,0,0.0,0.0,0.0,0.0,0,0,0,0,0,0.00,0.00,0.00,0.00,,,,,,,[],,76.0,24.0,76.0,24.0,76.0,24.0,76.0,24.0,0.0,0.0,0.0,0.0,0.0,0.0,402.0,25.0,317.0,41.0,317.0,41.0,511.0,58.0,0.0,0.0,0.0,Newcastle,4.5
True,True,,,554578,0,0,0,0,-8.7,-14,"[{'offset': 0, 'projected_percent': '-23.0', 'likelihood': -2}, {'offset': 1, 'projected_percent': '-96.1', 'likelihood': -5}, {'offset': 2, 'projected_percent': '-169.3', 'likelihood': -5}]",,False,0,1,1.9,1.9,0,Ewen,0.0,444,False,,,45,554578.jpg,0.0,False,Jaouen,0.0,False,,a,17,4,0,33,33,79,79,0.0,0.0,Jaouen,,73.0,2026-06-15,2005-12-29,False,p554578,0,0,0,0,0,0,0,0,0,0,0,0,0,0.0,0.0,0.0,0.0,0,0,0,0,0,0.00,0.00,0.00,0.00,,,,,,,[],,180.0,46.0,180.0,46.0,180.0,46.0,180.0,46.0,0.0,0.0,0.0,0.0,0.0,0.0,506.0,47.0,384.0,57.0,384.0,57.0,522.0,60.0,0.0,0.0,0.0,Newcastle,4.5
True,True,,,465642,0,0,0,0,0.8,262,"[{'offset': 0, 'projected_percent': '1.5', 'likelihood': 1}, {'offset': 1, 'projected_percent': '5.3', 'likelihood': 1}, {'offset': 2, 'projected_percent': '9.2', 'likelihood': 1}]",,False,0,2,2.2,2.2,3,Malick,3.0,445,False,,,50,465642.jpg,3.0,False,Thiaw,1.7,False,,a,17,4,3,2937,2937,1622,1622,0.6,0.6,Thiaw,,80.0,2025-08-12,2001-08-08,False,p465642,90,0,0,0,2,0,0,0,0,0,0,0,0,0.0,0.0,0.0,0.0,15,2,0,15,1,0.00,0.00,0.00,2.73,,,,,,,[],,300.0,147.0,300.0,147.0,300.0,147.0,300.0,147.0,0.0,0.0,0.0,0.0,2.73,2.0,317.0,60.0,81.0,35.0,81.0,35.0,144.0,60.0,1.0,0.0,15.0,Newcastle,5.0
True,True,100.0,100.0,119471,0,0,0,0,0.2,-32,"[{'offset': 0, 'projected_percent': '0.1', 'likelihood': 1}, {'offset': 1, 'projected_percent': '-15.2', 'likelihood': -1}, {'offset': 2, 'projected_percent': '-34.2', 'likelihood': -2}]",,False,0,2,2.2,2.2,1,Fabian,1.0,446,False,,2026-08-15T16:30:07.209742Z,50,119471.jpg,1.0,False,Schär,0.3,False,,a,17,4,1,635,635,337,337,0.2,0.2,Schär,,207.0,2018-07-26,1991-12-20,False,p119471,1,0,0,0,1,0,0,0,0,0,0,0,-1,0.0,0.0,0.0,0.0,0,0,0,0,0,0.00,0.00,0.00,0.79,,,2.0,,,,[],,220.0,125.0,220.0,125.0,220.0,125.0,220.0,125.0,0.0,0.0,0.0,0.0,71.1,90.0,237.0,38.0,190.0,77.0,190.0,77.0,317.0,119.0,0.0,0.0,0.0,Newcastle,5.0
True,True,,,220237,0,0,0,0,0.7,143,"[{'offset': 0, 'projected_percent': '1.1', 'likelihood': 1}, {'offset': 1, 'projected_percent': '3.2', 'likelihood': 1}, {'offset': 2, 'projected_percent': '5.3', 'likelihood': 1}]",,False,0,2,2.2,2.2,3,Sven,3.0,447,False,,,50,220237.jpg,3.0,False,Botman,0.4,False,,a,17,4,3,1857,1857,628,628,0.6,0.6,Botman,,152.0,2022-06-28,2000-01-12,False,p220237,90,0,0,0,2,0,0,0,0,0,0,0,4,0.0,0.0,0.0,0.0,11,2,0,11,1,0.00,0.01,0.01,2.73,,,,,,,[],,257.0,134.0,257.0,134.0,257.0,134.0,257.0,134.0,0.0,0.0,0.01,0.01,2.73,2.0,274.0,47.0,79.0,33.0,79.0,33.0,267.0,101.0,1.0,0.0,11.0,Newcastle,5.0
True,True,0.0,,78916,0,0,0,0,0.0,-1116,"[{'offset': 0, 'projected_percent': '-4.7', 'likelihood': -1}, {'offset': 1, 'projected_percent': '-29.3', 'likelihood': -2}, {'offset': 2, 'projected_percent': '-53.8', 'likelihood': -3}]",,False,0,2,0.0,2.2,0,Dan,0.0,448,False,Ankle injury - Expected back 14 Sep,2026-08-23T18:00:08.367241Z,50,78916.jpg,0.0,False,Burn,2.5,False,,i,17,4,0,5988,5988,6382,6382,0.0,0.0,Burn,,241.0,2022-01-31,1992-05-09,False,p78916,0,0,0,0,0,0,0,0,0,0,0,0,0,0.0,0.0,0.0,0.0,0,0,0,0,0,0.00,0.00,0.00,0.00,,,,,,,[],https://www.newcastleunited.com/en/news/confimed-line-up-opening-day-debuts-for-hornicek-dedic-and-steur-against-liverpool,210.0,122.0,210.0,122.0,210.0,122.0,210.0,122.0,0.0,0.0,0.0,0.0,0.0,0.0,227.0,35.0,409.0,159.0,409.0,159.0,113.0,46.0,0.0,0.0,0.0,Newcastle,5.0
True,True,,,487838,0,0,0,0,4.1,1058,"[{'offset': 0, 'projected_percent': '7.1', 'likelihood': 1}, {'offset': 1, 'projected_percent': '22.6', 'likelihood': 2}, {'offset': 2, 'projected_percent': '38.2', 'likelihood': 2}]",,False,0,2,2.2,2.2,3,Lewis,3.0,449,False,,,50,487838.jpg,3.0,False,Hall,3.7,False,,a,17,4,3,10568,10568,3237,3237,0.6,0.6,Hall,,241.0,2024-07-01,2004-09-08,False,p487838,90,0,0,0,2,0,0,0,0,0,0,0,8,0.0,0.0,0.0,0.0,6,8,5,11,1,0.00,0.35,0.35,2.73,1.0,,1.0,,,,[],,313.0,153.0,313.0,153.0,313.0,153.0,313.0,153.0,0.0,0.0,0.35,0.35,2.73,2.0,330.0,66.0,82.0,36.0,82.0,36.0,89.0,34.0,1.0,0.0,11.0,Newcastle,5.0
True,True,0.0,0.0,441191,0,0,0,0,-19.3,-18,"[{'offset': 0, 'projected_percent': '-23.7', 'likelihood': -2}, {'offset': 1, 'projected_percent': '-46.1', 'likelihood': -3}, {'offset': 2, 'projected_percent': '-68.6', 'likelihood': -4}]",,False,0,2,0.0,0.0,0,Tino,0.0,450,False,Calf injury - Unknown return date,2026-07-23T12:01:23.753221Z,50,441191.jpg,0.0,False,Livramento,0.0,False,,i,17,4,0,31,31,418,418,0.0,0.0,Livramento,,241.0,2023-08-08,2002-11-12,False,p441191,0,0,0,0,0,0,0,0,0,0,0,0,0,0.0,0.0,0.0,0.0,0,0,0,0,0,0.00,0.00,0.00,0.00,,,,,,,[],https://www.newcastleunited.com/en/news/matthias-jaissles-team-news-update-livramento-and-joelinton-latest-ahead-of-premier-league-opener,286.0,142.0,286.0,142.0,286.0,142.0,286.0,142.0,0.0,0.0,0.0,0.0,0.0,0.0,303.0,55.0,457.0,171.0,457.0,171.0,491.0,170.0,0.0,0.0,0.0,Newcastle,5.0
True,False,0.0,0.0,545477,0,0,0,0,0.0,-51,"[{'offset': 0, 'projected_percent': '0.0', 'likelihood': 0}, {'offset': 1, 'projected_percent': '0.0', 'likelihood': 0}, {'offset': 2, 'projected_percent': '0.0', 'likelihood': 0}]",,False,0,2,0.0,0.0,0,Alex,0.0,451,False,Has joined FC Kaiserslautern on loan for the rest of the season,2026-08-12T14:05:29.224600Z,40,545477.jpg,0.0,False,Murphy,0.1,False,,u,17,4,0,0,0,1407,1407,0.0,0.0,A.Murphy,,104.0,2023-07-19,2004-06-25,False,p545477,0,0,0,0,0,0,0,0,0,0,0,0,0,0.0,0.0,0.0,0.0,0,0,0,0,0,0.00,0.00,0.00,0.00,,,,,,,[],,55.0,36.0,55.0,36.0,55.0,36.0,55.0,36.0,0.0,0.0,0.0,0.0,0.0,0.0,588.0,184.0,301.0,108.0,301.0,108.0,405.0,144.0,0.0,0.0,0.0,Newcastle,4.0
True,True,,,201666,0,0,0,0,0.5,-68,"[{'offset': 0, 'projected_percent': '0.3', 'likelihood': 1}, {'offset': 1, 'projected_percent': '-6.2', 'likelihood': -1}, {'offset': 2, 'projected_percent': '-15.6', 'likelihood': -1}]",,False,0,3,2.1,2.1,2,Harvey,2.0,453,False,,,60,201666.jpg,2.0,False,Barnes,1.1,False,,a,17,4,2,2388,2388,1480,1480,0.3,0.3,Barnes,,241.0,2023-07-23,1997-12-09,False,p201666,90,0,0,0,2,0,0,0,0,0,0,0,12,0.0,0.0,0.0,0.0,3,4,1,8,1,0.06,0.02,0.08,2.73,,,,,,,[],,505.0,200.0,505.0,200.0,505.0,200.0,505.0,200.0,0.06,0.0,0.02,0.08,2.73,2.0,67.0,45.0,137.0,68.0,137.0,68.0,185.0,61.0,1.0,0.0,8.0,Newcastle,6.0
True,True,,,449434,0,0,0,0,3.7,1939,"[{'offset': 0, 'projected_percent': '9.2', 'likelihood': 1}, {'offset': 1, 'projected_percent': '37.6', 'likelihood': 2}, {'offset': 2, 'projected_percent': '66.1', 'likelihood': 4}]",,False,0,3,2.1,2.1,10,Anthony,10.0,454,False,,,60,449434.jpg,10.0,False,Elanga,0.9,False,,a,17,4,10,9134,9134,1420,1420,1.7,1.7,Elanga,,206.0,2025-07-11,2002-04-27,False,p449434,75,1,0,0,1,0,0,0,0,0,0,3,31,0.0,0.0,0.0,0.0,1,1,0,2,1,0.11,0.01,0.12,1.72,4.0,,,,,,[],,524.0,210.0,524.0,210.0,524.0,210.0,524.0,210.0,0.13,0.0,0.01,0.14,2.06,1.2,86.0,55.0,17.0,8.0,17.0,8.0,202.0,68.0,1.2,0.0,2.4,Newcastle,6.0
True,True,,,232653,0,0,0,0,-1.6,-62,"[{'offset': 0, 'projected_percent': '-6.4', 'likelihood': -1}, {'offset': 1, 'projected_percent': '-30.9', 'likelihood': -2}, {'offset': 2, 'projected_percent': '-55.5', 'likelihood': -3}]",,False,0,3,1.5,1.5,0,Jacob,0.0,456,False,,,50,232653.jpg,0.0,False,Ramsey,0.4,False,,a,17,4,0,564,564,729,729,0.0,0.0,J.Ramsey,,241.0,2025-08-17,2001-05-28,False,p232653,34,0,0,0,1,0,0,0,1,0,0,0,1,0.0,0.0,0.0,0.0,3,1,2,6,0,0.09,0.01,0.10,1.45,,,,,,,[],,270.0,61.0,270.0,61.0,270.0,61.0,270.0,61.0,0.24,0.0,0.03,0.27,3.84,2.65,287.0,171.0,445.0,171.0,445.0,171.0,277.0,91.0,0.0,0.0,15.88,Newcastle,5.0
True,True,,,114243,0,0,0,0,-3.2,-47,"[{'offset': 0, 'projected_percent': '-11.0', 'likelihood': -1}, {'offset': 1, 'projected_percent': '-51.4', 'likelihood': -3}, {'offset': 2, 'projected_percent': '-91.8', 'likelihood': -5}]",,False,0,3,2.1,2.1,0,Jacob,0.0,457,False,,,60,114243.jpg,0.0,False,Murphy,0.2,False,,a,17,4,0,259,259,380,380,0.0,0.0,J.Murphy,Jacob Murphy,241.0,2017-07-19,1995-02-24,False,p114243,14,0,0,0,1,0,0,0,1,0,0,0,-1,0.0,0.0,0.0,0.0,1,1,0,2,0,0.00,0.00,0.00,1.01,2.0,,,,,,[],,497.0,195.0,497.0,195.0,497.0,195.0,497.0,195.0,0.0,0.0,0.0,0.0,6.49,6.43,59.0,40.0,562.0,241.0,562.0,241.0,367.0,134.0,0.0,0.0,12.86,Newcastle,6.0
True,True,0.0,0.0,180974,0,0,0,0,-19.4,-25,"[{'offset': 0, 'projected_percent': '-26.9', 'likelihood': -2}, {'offset': 1, 'projected_percent': '-65.3', 'likelihood': -4}, {'offset': 2, 'projected_percent': '-103.7', 'likelihood': -5}]",,False,0,3,0.0,0.0,0,Joelinton Cássio,0.0,458,False,Unspecified injury - Unknown return date,2026-08-16T08:00:08.074045Z,55,180974.jpg,0.0,False,Apolinário de Lira,0.0,False,,i,17,4,0,11,11,328,328,0.0,0.0,Joelinton,Joelinton,30.0,2019-07-24,1996-08-14,False,p180974,0,0,0,0,0,0,0,0,0,0,0,0,0,0.0,0.0,0.0,0.0,0,0,0,0,0,0.00,0.00,0.00,0.00,,,,,,,[],https://www.newcastleunited.com/en/news/matthias-jaissles-team-news-update-livramento-and-joelinton-latest-ahead-of-premier-league-opener,396.0,134.0,396.0,134.0,396.0,134.0,396.0,134.0,0.0,0.0,0.0,0.0,0.0,0.0,127.0,78.0,519.0,213.0,519.0,213.0,507.0,212.0,0.0,0.0,0.0,Newcastle,5.5
True,True,100.0,100.0,547719,0,0,0,0,0.0,22,"[{'offset': 0, 'projected_percent': '0.1', 'likelihood': 1}, {'offset': 1, 'projected_percent': '0.4', 'likelihood': 1}, {'offset': 2, 'projected_percent': '0.7', 'likelihood': 1}]",,False,0,3,2.0,2.0,3,Lewis,3.0,459,False,,2026-07-23T12:01:23.785456Z,55,547719.jpg,3.0,False,Miley,0.1,False,,a,17,4,3,207,207,83,83,0.5,0.5,L.Miley,,241.0,2023-02-01,2006-05-01,False,p547719,75,0,0,0,1,0,0,0,1,0,0,0,13,0.0,0.0,0.0,0.0,6,6,1,13,1,0.05,0.01,0.06,1.72,3.0,,,,,,[],,476.0,185.0,476.0,185.0,476.0,185.0,476.0,185.0,0.06,0.0,0.01,0.07,2.06,1.2,207.0,129.0,92.0,41.0,92.0,41.0,479.0,195.0,1.2,0.0,15.6,Newcastle,5.5
True,True,,,200089,0,0,0,0,0.2,143,"[{'offset': 0, 'projected_percent': '0.6', 'likelihood': 1}, {'offset': 1, 'projected_percent': '2.7', 'likelihood': 1}, {'offset': 2, 'projected_percent': '4.8', 'likelihood': 1}]",,False,0,3,1.5,1.5,6,Joe,6.0,460,False,,,50,200089.jpg,6.0,False,Willock,0.1,False,,a,17,4,6,529,529,246,246,1.2,1.2,Willock,,241.0,2021-08-13,1999-08-20,False,p200089,34,1,0,0,1,0,0,0,0,0,0,0,26,0.0,0.0,0.0,0.0,0,1,2,3,0,0.09,0.17,0.26,1.45,,,,,,,[],,237.0,44.0,237.0,44.0,237.0,44.0,237.0,44.0,0.24,0.0,0.45,0.69,3.84,2.65,254.0,154.0,46.0,19.0,46.0,19.0,403.0,158.0,0.0,0.0,7.94,Newcastle,5.0
True,True,,,611665,0,0,0,0,-6.3,-125,"[{'offset': 0, 'projected_percent': '-20.7', 'likelihood': -2}, {'offset': 1, 'projected_percent': '-94.7', 'likelihood': -5}, {'offset': 2, 'projected_percent': '-168.8', 'likelihood': -5}]",,False,0,3,2.1,2.1,0,Bazoumana,0.0,461,False,,,60,611665.jpg,0.0,False,Touré,0.3,False,,a,17,4,0,228,228,527,527,0.0,0.0,Touré,,54.0,2026-07-05,2006-03-02,False,p611665,0,0,0,0,0,0,0,0,0,0,0,0,0,0.0,0.0,0.0,0.0,0,0,0,0,0,0.00,0.00,0.00,0.00,,,,,,,[],,547.0,225.0,547.0,225.0,547.0,225.0,547.0,225.0,0.0,0.0,0.0,0.0,0.0,0.0,109.0,70.0,578.0,250.0,578.0,250.0,316.0,109.0,0.0,0.0,0.0,Newcastle,6.0
True,True,,,636852,0,0,0,0,0.0,-5,"[{'offset': 0, 'projected_percent': '0.0', 'likelihood': 0}, {'offset': 1, 'projected_percent': '-4.8', 'likelihood': -1}, {'offset': 2, 'projected_percent': '-11.3', 'likelihood': -1}]",,False,0,3,1.5,1.5,1,Sean,1.0,462,False,,,50,636852.jpg,1.0,False,Steur,0.1,False,,a,17,4,1,229,229,188,188,0.2,0.2,Steur,,152.0,2026-07-09,2008-01-11,False,p636852,55,0,0,0,1,0,0,0,0,0,0,0,5,0.0,0.0,0.0,0.0,0,2,0,2,1,0.00,0.00,0.00,1.29,,,,,,,[],,373.0,123.0,373.0,123.0,373.0,123.0,373.0,123.0,0.0,0.0,0.0,0.0,2.11,1.64,390.0,233.0,214.0,96.0,214.0,96.0,417.0,164.0,1.64,0.0,3.27,Newcastle,5.0
True,True,,,470313,0,0,0,0,-3.1,-862,"[{'offset': 0, 'projected_percent': '-17.5', 'likelihood': -1}, {'offset': 1, 'projected_percent': '-91.5', 'likelihood': -5}, {'offset': 2, 'projected_percent': '-165.6', 'likelihood': -5}]",,False,0,4,2.0,2.0,0,Nick,0.0,463,False,,,60,470313.jpg,0.0,False,Woltemade,1.8,False,,a,17,4,0,3241,3241,4374,4374,0.0,0.0,Woltemade,,80.0,2025-08-30,2002-02-14,False,p470313,0,0,0,0,0,0,0,0,0,0,0,0,0,0.0,0.0,0.0,0.0,0,0,0,0,0,0.00,0.00,0.00,0.00,,,,,1.0,,[],,530.0,55.0,530.0,55.0,530.0,55.0,530.0,55.0,0.0,0.0,0.0,0.0,0.0,0.0,92.0,23.0,570.0,62.0,570.0,62.0,133.0,20.0,0.0,0.0,0.0,Newcastle,6.0
True,True,,,216646,0,0,0,0,4.2,3455,"[{'offset': 0, 'projected_percent': '14.0', 'likelihood': 1}, {'offset': 1, 'projected_percent': '64.7', 'likelihood': 4}, {'offset': 2, 'projected_percent': '115.5', 'likelihood': 5}]",,False,0,4,2.0,2.0,4,Yoane,4.0,464,False,,,60,216646.jpg,4.0,False,Wissa,1.8,False,,a,17,4,4,10659,10659,2075,2075,0.7,0.7,Wissa,,50.0,2025-09-01,1996-09-03,False,p216646,90,0,1,0,1,0,0,0,1,0,0,0,7,0.0,0.0,0.0,0.0,1,3,4,8,1,0.94,0.02,0.96,1.95,,,,,3.0,,[],,510.0,51.0,510.0,51.0,510.0,51.0,510.0,51.0,0.94,0.0,0.02,0.96,1.95,1.0,72.0,19.0,71.0,6.0,71.0,6.0,131.0,19.0,1.0,0.0,8.0,Newcastle,6.0
True,True,,,538207,0,0,0,0,1.6,466,"[{'offset': 0, 'projected_percent': '2.9', 'likelihood': 1}, {'offset': 1, 'projected_percent': '9.8', 'likelihood': 1}, {'offset': 2, 'projected_percent': '16.6', 'likelihood': 1}]",,False,0,4,2.0,2.0,4,William,4.0,465,False,,,60,538207.jpg,4.0,False,Osula,1.0,False,,a,17,4,4,5102,5102,1713,1713,0.7,0.7,Osula,,58.0,2024-08-08,2003-08-04,False,p538207,55,0,1,0,1,0,0,0,0,0,0,0,18,0.0,0.0,0.0,0.0,2,2,1,5,1,0.06,0.14,0.20,1.29,,,,,2.0,,[],,541.0,58.0,541.0,58.0,541.0,58.0,541.0,58.0,0.1,0.0,0.23,0.33,2.11,1.64,103.0,26.0,73.0,8.0,73.0,8.0,194.0,28.0,1.64,0.0,8.18,Newcastle,6.0
True,True,,,599303,0,0,0,0,0.1,-31,"[{'offset': 0, 'projected_percent': '0.1', 'likelihood': 1}, {'offset': 1, 'projected_percent': '-5.3', 'likelihood': -1}, {'offset': 2, 'projected_percent': '-11.3', 'likelihood': -1}]",,False,0,4,1.0,1.0,0,Sean,0.0,466,False,,,45,599303.jpg,0.0,False,Neave,0.8,False,,a,17,4,0,1817,1817,1683,1683,0.0,0.0,Neave,,241.0,2025-02-07,2007-05-27,False,p599303,0,0,0,0,0,0,0,0,0,0,0,0,0,0.0,0.0,0.0,0.0,0,0,0,0,0,0.00,0.00,0.00,0.00,,,,,,,[],,197.0,11.0,197.0,11.0,197.0,11.0,197.0,11.0,0.0,0.0,0.0,0.0,0.0,0.0,523.0,71.0,398.0,40.0,398.0,40.0,215.0,36.0,0.0,0.0,0.0,Newcastle,4.5
True,True,,,632794,0,0,0,0,-1.3,-16,"[{'offset': 0, 'projected_percent': '-4.6', 'likelihood': -1}, {'offset': 1, 'projected_percent': '-21.4', 'likelihood': -2}, {'offset': 2, 'projected_percent': '-38.1', 'likelihood': -2}]",,False,0,3,1.5,1.5,1,Aladji,1.0,559,False,,,50,632794.jpg,1.0,False,Bamba,0.1,False,,a,17,4,1,248,248,311,311,0.2,0.2,Bamba,,73.0,2026-07-24,2006-07-14,False,p632794,14,0,0,0,1,0,0,0,0,0,0,0,5,0.0,0.0,0.0,0.0,1,0,1,2,0,0.00,0.00,0.00,1.01,,,,,,,[],,372.0,122.0,372.0,122.0,372.0,122.0,372.0,122.0,0.0,0.0,0.0,0.0,6.49,6.43,389.0,232.0,213.0,95.0,213.0,95.0,387.0,148.0,0.0,0.0,12.86,Newcastle,5.0
True,True,,,470551,0,0,0,0,0.0,108,"[{'offset': 0, 'projected_percent': '0.3', 'likelihood': 1}, {'offset': 1, 'projected_percent': '1.9', 'likelihood': 1}, {'offset': 2, 'projected_percent': '3.5', 'likelihood': 1}]",,False,0,1,2.6,2.6,1,Lukás,1.0,567,False,,,50,470551.jpg,1.0,False,Hornícek,0.7,False,,a,17,4,1,922,922,810,810,0.2,0.2,Horníček,,57.0,2026-08-03,2002-07-13,False,p470551,90,0,0,0,2,0,0,0,1,0,5,0,12,0.0,0.0,0.0,0.0,3,5,0,0,1,0.00,0.00,0.00,2.73,,,,,,,[],,305.0,61.0,305.0,61.0,305.0,61.0,305.0,61.0,0.0,5.0,0.0,0.0,2.73,2.0,322.0,19.0,199.0,17.0,199.0,17.0,229.0,31.0,1.0,0.0,0.0,Newcastle,5.0
True,True,,,463726,0,0,0,0,0.0,0,"[{'offset': 0, 'projected_percent': '0.0', 'likelihood': 0}, {'offset': 1, 'projected_percent': '0.0', 'likelihood': 0}, {'offset': 2, 'projected_percent': '0.0', 'likelihood': 0}]",2026-09-01T14:00:38.519566Z,False,0,2,1.7,1.7,1,Amar,1.0,593,False,,,45,463726.jpg,1.0,False,Dedic,0.3,False,,a,17,4,1,1233,1233,242,242,0.2,0.2,Dedić,,27.0,2026-08-18,2002-08-18,False,p463726,90,0,0,0,2,0,0,0,0,0,0,0,-1,0.0,0.0,0.0,0.0,7,2,2,9,1,0.03,0.00,0.03,2.73,,,,,,,[],,142.0,97.0,142.0,97.0,142.0,97.0,142.0,97.0,0.03,0.0,0.0,0.03,2.73,2.0,468.0,124.0,178.0,67.0,178.0,67.0,310.0,116.0,1.0,0.0,9.0,Newcastle,4.5
True,True,,,85633,0,0,0,0,-3.5,-79,"[{'offset': 0, 'projected_percent': '-5.0', 'likelihood': -1}, {'offset': 1, 'projected_percent': '-12.5', 'likelihood': -1}, {'offset': 2, 'projected_percent': '-20.1', 'likelihood': -2}]",,False,0,1,2.6,2.6,2,Matz,2.0,467,False,,,50,85633.jpg,2.0,False,Sels,1.6,False,,a,18,17,2,655,655,1838,1838,0.4,0.4,Sels,,21.0,2024-02-01,1992-02-26,False,p85633,90,0,0,0,1,0,0,0,0,0,2,0,11,0.0,0.0,0.0,0.0,0,9,0,0,1,0.00,0.00,0.00,0.47,,,,,,,[],,211.0,47.0,211.0,47.0,211.0,47.0,211.0,47.0,0.0,2.0,0.0,0.0,0.47,1.0,228.0,5.0,109.0,11.0,109.0,11.0,150.0,22.0,1.0,0.0,0.0,Nott'm Forest,5.0
True,True,,,221389,0,0,0,0,-2.2,-2,"[{'offset': 0, 'projected_percent': '-3.2', 'likelihood': -1}, {'offset': 1, 'projected_percent': '-8.5', 'likelihood': -1}, {'offset': 2, 'projected_percent': '-13.8', 'likelihood': -1}]",,False,0,1,1.9,1.9,0,John Victor,0.0,468,False,,,45,221389.jpg,0.0,False,Maciel Furtado,0.1,False,,a,18,17,0,59,59,92,92,0.0,0.0,John,John Victor,30.0,2025-08-31,1996-02-13,False,p221389,0,0,0,0,0,0,0,0,0,0,0,0,0,0.0,0.0,0.0,0.0,0,0,0,0,0,0.00,0.00,0.00,0.00,,,,,,,[],,113.0,33.0,113.0,33.0,113.0,33.0,113.0,33.0,0.0,0.0,0.0,0.0,0.0,0.0,439.0,34.0,341.0,50.0,341.0,50.0,460.0,51.0,0.0,0.0,0.0,Nott'm Forest,4.5
True,True,,,215136,0,0,0,0,-2.6,-660,"[{'offset': 0, 'projected_percent': '-4.5', 'likelihood': -1}, {'offset': 1, 'projected_percent': '-14.7', 'likelihood': -1}, {'offset': 2, 'projected_percent': '-24.8', 'likelihood': -2}]",,False,0,2,2.2,2.2,2,Neco,2.0,469,False,,,50,215136.jpg,2.0,False,Williams,10.0,False,,a,18,17,2,6079,6079,12428,12428,0.4,0.4,N.Williams,,244.0,2022-07-11,2001-04-13,False,p215136,90,0,0,0,1,0,0,0,0,0,0,0,13,0.0,0.0,0.0,0.0,3,10,3,6,1,0.00,0.02,0.02,0.47,1.0,,2.0,,,,[],,253.0,132.0,253.0,132.0,253.0,132.0,253.0,132.0,0.0,0.0,0.02,0.02,0.47,1.0,270.0,45.0,114.0,42.0,114.0,42.0,41.0,15.0,1.0,0.0,6.0,Nott'm Forest,5.0
True,True,,,485047,0,0,0,0,-3.5,-5,"[{'offset': 0, 'projected_percent': '-6.2', 'likelihood': -1}, {'offset': 1, 'projected_percent': '-20.1', 'likelihood': -2}, {'offset': 2, 'projected_percent': '-34.0', 'likelihood': -2}]",,False,0,2,2.2,2.2,0,Felipe,0.0,470,False,,,50,485047.jpg,0.0,False,Rodrigues da Silva,0.1,False,,a,18,17,0,97,97,125,125,0.0,0.0,Morato,Morato,30.0,2024-08-30,2001-06-30,False,p485047,0,0,0,0,0,0,0,0,0,0,0,0,0,0.0,0.0,0.0,0.0,0,0,0,0,0,0.00,0.00,0.00,0.00,,,,,,,[],,310.0,152.0,310.0,152.0,310.0,152.0,310.0,152.0,0.0,0.0,0.0,0.0,0.0,0.0,327.0,65.0,474.0,177.0,474.0,177.0,477.0,166.0,0.0,0.0,0.0,Nott'm Forest,5.0
True,True,,,227444,0,0,0,0,-4.8,-159,"[{'offset': 0, 'projected_percent': '-7.2', 'likelihood': -1}, {'offset': 1, 'projected_percent': '-19.6', 'likelihood': -1}, {'offset': 2, 'projected_percent': '-32.0', 'likelihood': -2}]",,False,0,2,2.5,2.5,2,Nikola,2.0,471,False,,,55,227444.jpg,2.0,False,Milenković,2.0,False,,a,18,17,2,879,879,2783,2783,0.4,0.4,Milenković,,190.0,2024-07-18,1997-10-12,False,p227444,90,0,0,0,1,0,0,0,0,0,0,0,4,0.0,0.0,0.0,0.0,7,6,0,7,1,0.11,0.02,0.13,0.47,,,,,,,[],,416.0,172.0,416.0,172.0,416.0,172.0,416.0,172.0,0.11,0.0,0.02,0.13,0.47,1.0,147.0,17.0,127.0,45.0,127.0,45.0,123.0,51.0,1.0,0.0,7.0,Nott'm Forest,5.5
True,True,100.0,100.0,575476,0,0,0,0,0.5,8,"[{'offset': 0, 'projected_percent': '0.5', 'likelihood': 1}, {'offset': 1, 'projected_percent': '0.6', 'likelihood': 1}, {'offset': 2, 'projected_percent': '0.7', 'likelihood': 1}]",,False,0,2,2.5,2.5,4,Murillo,4.0,472,False,,2026-07-23T12:01:23.801183Z,55,575476.jpg,4.0,False,Costa dos Santos,1.6,False,,a,18,17,4,2792,2792,1987,1987,0.7,0.7,Murillo,Murillo,30.0,2023-08-31,2002-07-04,False,p575476,90,0,0,0,1,0,0,0,0,0,0,0,15,0.0,0.0,0.0,0.0,12,3,2,14,1,0.00,0.28,0.28,0.47,,,3.0,,,,[],,484.0,187.0,484.0,187.0,484.0,187.0,484.0,187.0,0.0,0.0,0.28,0.28,0.47,1.0,215.0,32.0,70.0,30.0,70.0,30.0,146.0,61.0,1.0,0.0,14.0,Nott'm Forest,5.5
True,True,,,159506,0,0,0,0,0.5,46,"[{'offset': 0, 'projected_percent': '0.7', 'likelihood': 1}, {'offset': 1, 'projected_percent': '1.3', 'likelihood': 1}, {'offset': 2, 'projected_percent': '2.0', 'likelihood': 1}]",,False,0,2,1.7,1.7,5,Ola,5.0,473,False,,,45,159506.jpg,5.0,False,Aina,3.6,False,,a,18,17,5,5000,5000,4191,4191,1.1,1.1,Aina,,157.0,2023-07-22,1996-10-08,False,p159506,73,0,0,1,0,0,0,0,1,0,0,0,24,0.0,0.0,0.0,0.0,2,4,0,2,1,0.04,0.17,0.21,0.34,,,,,,,[],,93.0,60.0,93.0,60.0,93.0,60.0,93.0,60.0,0.05,0.0,0.21,0.26,0.42,0.0,419.0,87.0,58.0,27.0,58.0,27.0,91.0,35.0,1.23,1.23,2.47,Nott'm Forest,4.5
True,True,,,575458,0,0,0,0,-3.9,-17,"[{'offset': 0, 'projected_percent': '-6.1', 'likelihood': -1}, {'offset': 1, 'projected_percent': '-17.5', 'likelihood': -1}, {'offset': 2, 'projected_percent': '-28.9', 'likelihood': -2}]",,False,0,2,1.7,1.7,1,Jair,1.0,474,False,,,45,575458.jpg,1.0,False,Paula da Cunha Filho,0.2,False,,a,18,17,1,100,100,288,288,0.2,0.2,Jair Cunha,Jair Cunha,30.0,2025-07-11,2005-03-07,False,p575458,90,0,0,0,1,0,0,0,1,0,0,0,5,0.0,0.0,0.0,0.0,7,0,1,8,1,0.00,0.00,0.00,0.47,,,,,,,[],,187.0,115.0,187.0,115.0,187.0,115.0,187.0,115.0,0.0,0.0,0.0,0.0,0.47,1.0,513.0,142.0,187.0,74.0,187.0,74.0,332.0,126.0,1.0,0.0,8.0,Nott'm Forest,4.5
True,True,0.0,0.0,500151,0,0,0,0,0.0,0,"[{'offset': 0, 'projected_percent': '0.0', 'likelihood': 0}, {'offset': 1, 'projected_percent': '0.0', 'likelihood': 0}, {'offset': 2, 'projected_percent': '0.0', 'likelihood': 0}]",,False,0,2,0.0,0.0,0,Nicolò,0.0,475,False,Knee injury - Unknown return date,2026-07-23T12:01:23.816304Z,45,500151.jpg,0.0,False,Savona,0.0,False,,i,18,17,0,9,9,10,10,0.0,0.0,Savona,,106.0,2025-08-30,2003-03-19,False,p500151,0,0,0,0,0,0,0,0,0,0,0,0,0,0.0,0.0,0.0,0.0,0,0,0,0,0,0.00,0.00,0.00,0.00,,,,,,,[],https://www.nottinghamforest.co.uk/news/2026/august/20/early-team-news-for-forest-s-clash-with-leeds/?utm_source=premier-league-web&utm_medium=referral&utm_campaign=pl-referral-always-on&utm_content=home&utm_term=live-bar,163.0,106.0,163.0,106.0,163.0,106.0,163.0,106.0,0.0,0.0,0.0,0.0,0.0,0.0,489.0,133.0,368.0,147.0,368.0,147.0,598.0,199.0,0.0,0.0,0.0,Nott'm Forest,4.5
True,True,,,204822,0,0,0,0,-3.2,-16,"[{'offset': 0, 'projected_percent': '-5.1', 'likelihood': -1}, {'offset': 1, 'projected_percent': '-14.6', 'likelihood': -1}, {'offset': 2, 'projected_percent': '-24.2', 'likelihood': -2}]",,False,0,2,1.0,1.0,0,Omar,0.0,476,False,,,40,204822.jpg,0.0,False,Richards,0.3,False,,a,18,17,0,219,219,409,409,0.0,0.0,O.Richards,,241.0,2022-07-10,1998-02-15,False,p204822,0,0,0,0,0,0,0,0,0,0,0,0,0,0.0,0.0,0.0,0.0,0,0,0,0,0,0.00,0.00,0.00,0.00,,,,,,,[],,24.0,14.0,24.0,14.0,24.0,14.0,24.0,14.0,0.0,0.0,0.0,0.0,0.0,0.0,557.0,162.0,279.0,95.0,279.0,95.0,318.0,120.0,0.0,0.0,0.0,Nott'm Forest,4.0
True,True,,,549067,0,0,0,0,-1.5,-16,"[{'offset': 0, 'projected_percent': '-3.3', 'likelihood': -1}, {'offset': 1, 'projected_percent': '-12.5', 'likelihood': -1}, {'offset': 2, 'projected_percent': '-21.6', 'likelihood': -2}]",,False,0,2,1.0,1.0,0,Zach,0.0,477,False,,,40,549067.jpg,0.0,False,Abbott,0.3,False,,a,18,17,0,349,349,479,479,0.0,0.0,Abbott,,241.0,2022-08-22,2006-05-13,False,p549067,0,0,0,0,0,0,0,0,0,0,0,0,0,0.0,0.0,0.0,0.0,0,0,0,0,0,0.00,0.00,0.00,0.00,,,,,,,[],,57.0,38.0,57.0,38.0,57.0,38.0,57.0,38.0,0.0,0.0,0.0,0.0,0.0,0.0,590.0,186.0,303.0,110.0,303.0,110.0,312.0,117.0,0.0,0.0,0.0,Nott'm Forest,4.0
True,True,,,470315,0,0,0,0,-3.7,-4,"[{'offset': 0, 'projected_percent': '-7.4', 'likelihood': -1}, {'offset': 1, 'projected_percent': '-26.3', 'likelihood': -2}, {'offset': 2, 'projected_percent': '-45.2', 'likelihood': -3}]",,False,0,2,1.7,1.7,1,Luca,1.0,478,False,,,45,470315.jpg,1.0,False,Netz,0.0,False,,a,18,17,1,48,48,59,59,0.2,0.2,Netz,,80.0,2026-02-02,2003-05-15,False,p470315,16,0,0,0,1,0,0,0,0,0,0,0,-2,0.0,0.0,0.0,0.0,0,1,0,0,0,0.00,0.00,0.00,0.13,,,,,,,[],,146.0,99.0,146.0,99.0,146.0,99.0,146.0,99.0,0.0,0.0,0.0,0.0,0.73,5.62,472.0,126.0,179.0,68.0,179.0,68.0,520.0,177.0,0.0,0.0,0.0,Nott'm Forest,4.5
True,True,,,538638,0,0,0,0,-2.4,-14,"[{'offset': 0, 'projected_percent': '-4.5', 'likelihood': -1}, {'offset': 1, 'projected_percent': '-15.2', 'likelihood': -1}, {'offset': 2, 'projected_percent': '-25.8', 'likelihood': -2}]",,False,0,2,1.0,1.0,0,Tyler,0.0,479,False,,,40,538638.jpg,0.0,False,Bindon,0.2,False,,a,18,17,0,133,133,272,272,0.0,0.0,Bindon,,154.0,2025-02-03,2005-01-27,False,p538638,0,0,0,0,0,0,0,0,0,0,0,0,0,0.0,0.0,0.0,0.0,0,0,0,0,0,0.00,0.00,0.00,0.00,,,,,,,[],,53.0,34.0,53.0,34.0,53.0,34.0,53.0,34.0,0.0,0.0,0.0,0.0,0.0,0.0,586.0,182.0,300.0,107.0,300.0,107.0,351.0,134.0,0.0,0.0,0.0,Nott'm Forest,4.0
True,True,,,222531,0,0,0,0,-9.1,-1926,"[{'offset': 0, 'projected_percent': '-14.1', 'likelihood': -1}, {'offset': 1, 'projected_percent': '-39.9', 'likelihood': -2}, {'offset': 2, 'projected_percent': '-65.6', 'likelihood': -4}]",,False,0,3,2.8,2.8,2,Morgan,2.0,480,False,,,80,222531.jpg,2.0,False,Gibbs-White,11.4,False,,a,18,17,2,4578,4578,24600,24600,0.2,0.2,Gibbs-White,,241.0,2022-08-19,2000-01-27,False,p222531,90,0,0,0,1,0,0,0,0,0,0,0,10,0.0,0.0,0.0,0.0,1,2,0,3,1,0.13,0.06,0.19,0.47,,,1.0,,2.0,,[],,594.0,260.0,594.0,260.0,594.0,260.0,594.0,260.0,0.13,0.0,0.06,0.19,0.47,1.0,8.0,5.0,151.0,76.0,151.0,76.0,34.0,12.0,1.0,0.0,3.0,Nott'm Forest,8.0
True,True,100.0,100.0,209046,0,0,0,0,-16.5,-83,"[{'offset': 0, 'projected_percent': '-25.8', 'likelihood': -2}, {'offset': 1, 'projected_percent': '-73.4', 'likelihood': -4}, {'offset': 2, 'projected_percent': '-121.1', 'likelihood': -5}]",,False,0,3,2.1,2.1,0,Callum,0.0,482,False,,2026-07-23T12:01:23.832709Z,60,209046.jpg,0.0,False,Hudson-Odoi,0.3,False,,a,18,17,0,295,295,1053,1053,0.0,0.0,Hudson-Odoi,,241.0,2023-09-01,2000-11-07,False,p209046,0,0,0,0,0,0,0,0,0,0,0,0,0,0.0,0.0,0.0,0.0,0,0,0,0,0,0.00,0.00,0.00,0.00,,,4.0,,,,[],,508.0,201.0,508.0,201.0,508.0,201.0,508.0,201.0,0.0,0.0,0.0,0.0,0.0,0.0,70.0,46.0,564.0,242.0,564.0,242.0,313.0,107.0,0.0,0.0,0.0,Nott'm Forest,6.0
True,True,,,456512,0,0,0,0,-9.0,-32,"[{'offset': 0, 'projected_percent': '-11.2', 'likelihood': -1}, {'offset': 1, 'projected_percent': '-22.3', 'likelihood': -2}, {'offset': 2, 'projected_percent': '-33.4', 'likelihood': -2}]",,False,0,3,2.0,2.0,3,Dan,3.0,483,False,,,55,456512.jpg,3.0,False,Ndoye,0.4,False,,a,18,17,3,225,225,999,999,0.5,0.5,Ndoye,,207.0,2025-07-31,2000-10-25,False,p456512,61,0,0,1,0,0,0,0,0,0,0,0,5,0.0,0.0,0.0,0.0,1,1,1,3,1,0.00,0.00,0.00,0.25,,,,,,,[],,440.0,162.0,440.0,162.0,440.0,162.0,440.0,162.0,0.0,0.0,0.0,0.0,0.37,0.0,171.0,106.0,90.0,39.0,90.0,39.0,268.0,85.0,1.48,1.48,4.43,Nott'm Forest,5.5
True,True,,,503301,0,0,0,0,-11.7,-23,"[{'offset': 0, 'projected_percent': '-15.5', 'likelihood': -1}, {'offset': 1, 'projected_percent': '-34.6', 'likelihood': -2}, {'offset': 2, 'projected_percent': '-53.8', 'likelihood': -3}]",,False,0,3,2.0,2.0,0,Omari,0.0,484,False,,,55,503301.jpg,0.0,False,Hutchinson,0.2,False,,a,18,17,0,58,58,443,443,0.0,0.0,Hutchinson,,241.0,2025-08-16,2003-10-30,False,p503301,0,0,0,0,0,0,0,0,0,0,0,0,0,0.0,0.0,0.0,0.0,0,0,0,0,0,0.00,0.00,0.00,0.00,4.0,,,,,,[],,467.0,178.0,467.0,178.0,467.0,178.0,467.0,178.0,0.0,0.0,0.0,0.0,0.0,0.0,198.0,122.0,548.0,233.0,548.0,233.0,365.0,133.0,0.0,0.0,0.0,Nott'm Forest,5.5
True,True,,,476887,0,0,0,0,-14.1,-8,"[{'offset': 0, 'projected_percent': '-29.0', 'likelihood': -2}, {'offset': 1, 'projected_percent': '-106.2', 'likelihood': -5}, {'offset': 2, 'projected_percent': '-183.3', 'likelihood': -5}]",,False,0,3,2.0,2.0,0,Dilane,0.0,485,False,,,55,476887.jpg,0.0,False,Bakwa,0.0,False,,a,18,17,0,38,38,74,74,0.0,0.0,Bakwa,,73.0,2025-09-01,2002-08-26,False,p476887,0,0,0,0,0,0,0,0,0,0,0,0,0,0.0,0.0,0.0,0.0,0,0,0,0,0,0.00,0.00,0.00,0.00,,,,,,,[],,451.0,167.0,451.0,167.0,451.0,167.0,451.0,167.0,0.0,0.0,0.0,0.0,0.0,0.0,182.0,111.0,542.0,227.0,542.0,227.0,557.0,232.0,0.0,0.0,0.0,Nott'm Forest,5.5
True,True,,,432714,0,0,0,0,0.0,-2,"[{'offset': 0, 'projected_percent': '0.0', 'likelihood': 0}, {'offset': 1, 'projected_percent': '-1.9', 'likelihood': -1}, {'offset': 2, 'projected_percent': '-8.8', 'likelihood': -1}]",,False,0,3,2.0,2.0,3,James,3.0,486,False,,,55,432714.jpg,3.0,False,McAtee,0.0,False,,a,18,17,3,142,142,90,90,0.5,0.5,McAtee,,241.0,2025-08-16,2002-10-18,False,p432714,73,0,0,1,0,0,0,0,0,0,0,0,18,0.0,0.0,0.0,0.0,2,5,1,8,1,0.00,0.16,0.16,0.34,3.0,,,,,,[],,426.0,154.0,426.0,154.0,426.0,154.0,426.0,154.0,0.0,0.0,0.2,0.2,0.42,0.0,157.0,98.0,89.0,38.0,89.0,38.0,490.0,203.0,1.23,1.23,9.86,Nott'm Forest,5.5
True,True,,,250199,0,0,0,0,-10.3,-15,"[{'offset': 0, 'projected_percent': '-15.5', 'likelihood': -1}, {'offset': 1, 'projected_percent': '-42.0', 'likelihood': -3}, {'offset': 2, 'projected_percent': '-68.6', 'likelihood': -4}]",,False,0,3,1.5,1.5,0,Nicolás,0.0,487,False,,,50,250199.jpg,0.0,False,Domínguez,0.1,False,,a,18,17,0,76,76,243,243,0.0,0.0,Dominguez,,10.0,2023-09-01,1998-06-28,False,p250199,0,0,0,0,0,0,0,0,0,0,0,0,0,0.0,0.0,0.0,0.0,0,0,0,0,0,0.00,0.00,0.00,0.00,,,,,,,[],,277.0,66.0,277.0,66.0,277.0,66.0,277.0,66.0,0.0,0.0,0.0,0.0,0.0,0.0,294.0,176.0,452.0,176.0,452.0,176.0,438.0,175.0,0.0,0.0,0.0,Nott'm Forest,5.0
True,True,,,210462,0,0,0,0,-8.4,-110,"[{'offset': 0, 'projected_percent': '-11.4', 'likelihood': -1}, {'offset': 1, 'projected_percent': '-27.0', 'likelihood': -2}, {'offset': 2, 'projected_percent': '-42.7', 'likelihood': -3}]",,False,0,3,1.5,1.5,2,Ibrahim,2.0,488,False,,,50,210462.jpg,2.0,False,Sangaré,1.1,False,,a,18,17,2,793,793,2455,2455,0.4,0.4,I.Sangaré,,54.0,2023-09-01,1997-12-02,False,p210462,90,0,0,0,1,0,0,0,0,0,0,0,10,0.0,0.0,0.0,0.0,3,3,0,6,1,0.03,0.01,0.04,0.47,,,,,,,[],,248.0,52.0,248.0,52.0,248.0,52.0,248.0,52.0,0.03,0.0,0.01,0.04,0.47,1.0,265.0,162.0,113.0,52.0,113.0,52.0,187.0,62.0,1.0,0.0,6.0,Nott'm Forest,5.0
True,True,0.0,0.0,204968,0,0,0,0,-15.5,-610,"[{'offset': 0, 'projected_percent': '-19.2', 'likelihood': -1}, {'offset': 1, 'projected_percent': '-38.4', 'likelihood': -2}, {'offset': 2, 'projected_percent': '-57.6', 'likelihood': -3}]",,False,0,3,0.0,0.0,0,Ryan,0.0,489,False,Unspecified injury - Unknown return date,2026-08-17T20:30:08.195072Z,45,204968.jpg,0.0,False,Yates,1.8,False,,i,18,17,0,257,257,13319,13319,0.0,0.0,Yates,,241.0,2018-08-01,1997-11-21,False,p204968,0,0,0,0,0,0,0,0,0,0,0,0,0,0.0,0.0,0.0,0.0,0,0,0,0,0,0.00,0.00,0.00,0.00,,,,,,,[],https://www.nottinghamforest.co.uk/news/2026/august/20/early-team-news-for-forest-s-clash-with-leeds/?utm_source=premier-league-web&utm_medium=referral&utm_campaign=pl-referral-always-on&utm_content=home&utm_term=live-bar,108.0,5.0,108.0,5.0,108.0,5.0,108.0,5.0,0.0,0.0,0.0,0.0,0.0,0.0,434.0,243.0,338.0,130.0,338.0,130.0,137.0,41.0,0.0,0.0,0.0,Nott'm Forest,4.5
True,True,,,60689,0,0,0,0,-10.0,-319,"[{'offset': 0, 'projected_percent': '-15.2', 'likelihood': -1}, {'offset': 1, 'projected_percent': '-42.2', 'likelihood': -3}, {'offset': 2, 'projected_percent': '-69.2', 'likelihood': -4}]",,False,0,4,2.0,2.0,1,Chris,1.0,490,False,,,60,60689.jpg,1.0,False,Wood,1.8,False,,a,18,17,1,1599,1599,4927,4927,0.2,0.2,Wood,,154.0,2023-07-01,1991-12-07,False,p60689,28,0,0,0,1,0,0,0,0,0,0,0,3,0.0,0.0,0.0,0.0,0,1,0,1,0,0.12,0.01,0.13,0.22,,,,,1.0,,[],,496.0,46.0,496.0,46.0,496.0,46.0,496.0,46.0,0.39,0.0,0.03,0.42,0.71,3.21,58.0,14.0,244.0,26.0,244.0,26.0,130.0,18.0,0.0,0.0,3.21,Nott'm Forest,6.0
True,True,,,482973,0,0,0,0,-5.1,-411,"[{'offset': 0, 'projected_percent': '-7.9', 'likelihood': -1}, {'offset': 1, 'projected_percent': '-22.8', 'likelihood': -2}, {'offset': 2, 'projected_percent': '-37.6', 'likelihood': -2}]",,False,0,4,2.0,2.0,2,Igor Jesus,2.0,491,False,,,60,482973.jpg,2.0,False,Maciel da Cruz,4.2,False,,a,18,17,2,2969,2969,7743,7743,0.3,0.3,Igor Jesus,Igor Jesus,30.0,2025-07-05,2001-02-25,False,p482973,90,0,0,0,1,0,0,0,0,0,0,0,8,0.0,0.0,0.0,0.0,2,1,0,3,1,0.22,0.02,0.24,0.47,,,,,3.0,,[],,531.0,56.0,531.0,56.0,531.0,56.0,531.0,56.0,0.22,0.0,0.02,0.24,0.47,1.0,93.0,24.0,140.0,13.0,140.0,13.0,75.0,12.0,1.0,0.0,3.0,Nott'm Forest,6.0
True,True,,,465680,0,0,0,0,-8.2,-17,"[{'offset': 0, 'projected_percent': '-17.8', 'likelihood': -1}, {'offset': 1, 'projected_percent': '-67.5', 'likelihood': -4}, {'offset': 2, 'projected_percent': '-117.1', 'likelihood': -5}]",,False,0,4,1.8,1.8,1,Arnaud,1.0,493,False,,,55,465680.jpg,1.0,False,Kalimuendo,0.1,False,,a,18,17,1,96,96,163,163,0.2,0.2,Kalimuendo,,73.0,2025-08-18,2002-01-20,False,p465680,1,0,0,0,0,0,0,0,0,0,0,0,3,0.0,0.0,0.0,0.0,0,0,0,0,0,0.00,0.00,0.00,0.00,,,,,,,[],,445.0,38.0,445.0,38.0,445.0,38.0,445.0,38.0,0.0,0.0,0.0,0.0,0.0,0.0,176.0,42.0,233.0,23.0,233.0,23.0,475.0,65.0,0.0,0.0,0.0,Nott'm Forest,5.5
True,True,,,204561,0,0,0,0,-8.2,-14,"[{'offset': 0, 'projected_percent': '-12.0', 'likelihood': -1}, {'offset': 1, 'projected_percent': '-31.2', 'likelihood': -2}, {'offset': 2, 'projected_percent': '-50.4', 'likelihood': -3}]",,False,0,3,1.5,1.5,1,Xaver,1.0,558,False,,,50,204561.jpg,1.0,False,Schlager,0.1,False,,a,18,17,1,47,47,231,231,0.2,0.2,Schlager,Xaver Schlager,14.0,2026-07-23,1997-09-28,False,p204561,16,0,0,0,1,0,0,0,0,0,0,0,3,0.0,0.0,0.0,0.0,0,1,0,1,0,0.00,0.00,0.00,0.13,2.0,,,,,,[],,242.0,47.0,242.0,47.0,242.0,47.0,242.0,47.0,0.0,0.0,0.0,0.0,0.73,5.62,259.0,157.0,195.0,84.0,195.0,84.0,416.0,163.0,0.0,0.0,5.62,Nott'm Forest,5.0
True,True,,,568420,0,0,0,0,0.0,0,"[{'offset': 0, 'projected_percent': '0.0', 'likelihood': 0}, {'offset': 1, 'projected_percent': '0.0', 'likelihood': 0}, {'offset': 2, 'projected_percent': '0.0', 'likelihood': 0}]",2026-08-25T13:55:48.196854Z,False,0,2,2.5,2.5,0,Ousmane,0.0,581,False,,,55,568420.jpg,0.0,False,Diomande,0.8,False,,a,18,17,0,1536,1536,2658,2658,0.0,0.0,Diomande,,54.0,2026-08-11,2003-12-04,False,p568420,0,0,0,0,0,0,0,0,0,0,0,0,0,0.0,0.0,0.0,0.0,0,0,0,0,0,0.00,0.00,0.00,0.00,,,,,,,[],,481.0,186.0,481.0,186.0,481.0,186.0,481.0,186.0,0.0,0.0,0.0,0.0,0.0,0.0,212.0,31.0,553.0,193.0,553.0,193.0,213.0,80.0,0.0,0.0,0.0,Nott'm Forest,5.5
True,True,,,428971,0,0,0,0,0.0,0,"[{'offset': 0, 'projected_percent': '0.0', 'likelihood': 0}, {'offset': 1, 'projected_percent': '0.0', 'likelihood': 0}, {'offset': 2, 'projected_percent': '0.0', 'likelihood': 0}]",2026-08-30T13:58:38.502618Z,False,0,1,1.9,1.9,0,Steven,0.0,590,False,,,45,428971.jpg,0.0,False,Benda,0.1,False,,a,18,17,0,227,227,118,118,0.0,0.0,Benda,,80.0,2026-08-15,1998-10-01,False,p428971,0,0,0,0,0,0,0,0,0,0,0,0,0,0.0,0.0,0.0,0.0,0,0,0,0,0,0.00,0.00,0.00,0.00,,,,,,,[],,133.0,35.0,133.0,35.0,133.0,35.0,133.0,35.0,0.0,0.0,0.0,0.0,0.0,0.0,459.0,36.0,354.0,51.0,354.0,51.0,465.0,52.0,0.0,0.0,0.0,Nott'm Forest,4.5
True,True,,,469142,0,0,0,0,0.8,-1053,"[{'offset': 0, 'projected_percent': '-2.2', 'likelihood': -1}, {'offset': 1, 'projected_percent': '-17.4', 'likelihood': -1}, {'offset': 2, 'projected_percent': '-32.7', 'likelihood': -2}]",,False,0,2,2.2,2.2,1,Jan Paul,1.0,112,False,,,50,469142.jpg,1.0,False,van Hecke,10.6,False,,a,19,6,1,18994,18994,20847,20847,0.2,0.2,Van Hecke,,152.0,2026-06-18,2000-06-08,False,p469142,90,0,0,0,3,0,0,0,0,0,0,0,3,0.0,0.0,0.0,0.0,7,3,2,9,1,0.00,0.03,0.03,3.87,,,,,,,[],,302.0,149.0,302.0,149.0,302.0,149.0,302.0,149.0,0.0,0.0,0.03,0.03,3.87,3.0,319.0,62.0,198.0,80.0,198.0,80.0,37.0,13.0,1.0,0.0,9.0,Spurs,5.0
True,True,,,432422,0,0,0,0,-8.6,-675,"[{'offset': 0, 'projected_percent': '-13.4', 'likelihood': -1}, {'offset': 1, 'projected_percent': '-38.1', 'likelihood': -2}, {'offset': 2, 'projected_percent': '-62.8', 'likelihood': -4}]",,False,0,3,2.0,2.0,2,Sandro,2.0,455,False,,,55,432422.jpg,2.0,False,Tonali,4.2,False,,a,19,6,2,4307,4307,11045,11045,0.4,0.4,Tonali,,106.0,2026-07-06,2000-05-08,False,p432422,90,0,0,0,3,0,0,0,0,0,0,0,14,0.0,0.0,0.0,0.0,0,3,1,4,1,0.04,0.06,0.10,3.87,2.0,,5.0,,,,[],,425.0,153.0,425.0,153.0,425.0,153.0,425.0,153.0,0.04,0.0,0.06,0.1,3.87,3.0,156.0,97.0,128.0,60.0,128.0,60.0,77.0,25.0,1.0,0.0,4.0,Spurs,5.5
True,False,0.0,0.0,184254,0,0,0,0,0.0,-169,"[{'offset': 0, 'projected_percent': '0.0', 'likelihood': 0}, {'offset': 1, 'projected_percent': '0.0', 'likelihood': 0}, {'offset': 2, 'projected_percent': '0.0', 'likelihood': 0}]",,False,0,1,0.0,0.0,0,Guglielmo,0.0,494,False,Has joined Juventus on loan for the rest of the season,2026-08-19T13:55:33.193962Z,45,184254.jpg,0.0,False,Vicario,0.3,False,,u,19,6,0,0,0,5170,5170,0.0,0.0,Vicario,,106.0,2023-07-01,1996-10-07,False,p184254,0,0,0,0,0,0,0,0,0,0,0,0,0,0.0,0.0,0.0,0.0,0,0,0,0,0,0.00,0.00,0.00,0.00,,,,,,,[],,99.0,31.0,99.0,31.0,99.0,31.0,99.0,31.0,0.0,0.0,0.0,0.0,0.0,0.0,425.0,32.0,333.0,48.0,333.0,48.0,289.0,37.0,0.0,0.0,0.0,Spurs,4.5
True,True,,,214572,0,0,0,0,0.1,-14,"[{'offset': 0, 'projected_percent': '0.0', 'likelihood': 0}, {'offset': 1, 'projected_percent': '-2.1', 'likelihood': -1}, {'offset': 2, 'projected_percent': '-4.5', 'likelihood': -1}]",,False,0,1,1.0,1.0,0,Brandon,0.0,495,False,,,40,214572.jpg,0.0,False,Austin,0.9,False,,a,19,6,0,780,780,725,725,0.0,0.0,Austin,,241.0,2017-07-22,1999-01-08,False,p214572,0,0,0,0,0,0,0,0,0,0,0,0,0,0.0,0.0,0.0,0.0,0,0,0,0,0,0.00,0.00,0.00,0.00,,,,,,,[],,25.0,11.0,25.0,11.0,25.0,11.0,25.0,11.0,0.0,0.0,0.0,0.0,0.0,0.0,558.0,58.0,280.0,29.0,280.0,29.0,204.0,29.0,0.0,0.0,0.0,Spurs,4.0
True,True,,,485055,0,0,0,0,-1.2,-654,"[{'offset': 0, 'projected_percent': '-2.0', 'likelihood': -1}, {'offset': 1, 'projected_percent': '-6.2', 'likelihood': -1}, {'offset': 2, 'projected_percent': '-10.4', 'likelihood': -1}]",,False,0,1,1.9,1.9,2,Antonín,2.0,496,False,,,45,485055.jpg,2.0,False,Kinský,23.9,False,,a,19,6,2,8340,8340,16280,16280,0.4,0.4,Kinsky,,57.0,2025-01-05,2003-03-13,False,p485055,90,0,0,0,3,0,0,0,0,0,5,0,15,0.0,0.0,0.0,0.0,4,12,0,0,1,0.00,0.00,0.00,3.87,,,,,,,[],,151.0,40.0,151.0,40.0,151.0,40.0,151.0,40.0,0.0,5.0,0.0,0.0,3.87,3.0,477.0,41.0,106.0,10.0,106.0,10.0,13.0,2.0,1.0,0.0,0.0,Spurs,4.5
True,True,,,67089,0,0,0,0,-0.8,-271,"[{'offset': 0, 'projected_percent': '-1.2', 'likelihood': -1}, {'offset': 1, 'projected_percent': '-3.3', 'likelihood': -1}, {'offset': 2, 'projected_percent': '-5.5', 'likelihood': -1}]",,False,0,1,1.0,1.0,0,Martin,0.0,497,False,,,40,67089.jpg,0.0,False,Dubravka,19.4,False,,a,19,6,0,7119,7119,11140,11140,0.0,0.0,Dubravka,,194.0,2026-07-01,1989-01-15,False,p67089,0,0,0,0,0,0,0,0,0,0,0,0,0,0.0,0.0,0.0,0.0,0,0,0,0,0,0.00,0.00,0.00,0.00,,,,,,,[],,5.0,5.0,5.0,5.0,5.0,5.0,5.0,5.0,0.0,0.0,0.0,0.0,0.0,0.0,538.0,52.0,267.0,23.0,267.0,23.0,18.0,4.0,0.0,0.0,0.0,Spurs,4.0
True,True,,,221466,0,0,0,0,-4.5,-675,"[{'offset': 0, 'projected_percent': '-6.9', 'likelihood': -1}, {'offset': 1, 'projected_percent': '-19.6', 'likelihood': -1}, {'offset': 2, 'projected_percent': '-32.2', 'likelihood': -2}]",,False,0,2,2.8,2.8,3,Marcos,3.0,498,False,,,60,221466.jpg,3.0,False,Senesi Barón,8.2,False,,a,19,6,3,5396,5396,12847,12847,0.5,0.5,Senesi,,10.0,2026-07-01,1997-05-10,False,p221466,90,0,0,0,3,0,0,0,0,0,0,0,10,0.0,0.0,0.0,0.0,11,2,5,16,1,0.00,0.02,0.02,3.87,,,,,,,[],,511.0,192.0,511.0,192.0,511.0,192.0,511.0,192.0,0.0,0.0,0.02,0.02,3.87,3.0,73.0,7.0,94.0,37.0,94.0,37.0,53.0,20.0,1.0,0.0,16.0,Spurs,6.0
True,True,75.0,0.0,441164,0,0,0,0,-0.2,0,"[{'offset': 0, 'projected_percent': '0', 'likelihood': 0}, {'offset': 1, 'projected_percent': '0', 'likelihood': 0}, {'offset': 2, 'projected_percent': '0', 'likelihood': 0}]",2026-08-31T17:30:09.162542Z,True,0,2,1.9,0.0,0,Pedro,0.0,499,False,Lack of match fitness - 75% chance of playing,2026-08-21T15:22:48.149081Z,55,441164.jpg,0.0,False,Porro Sauceda,15.5,False,,d,19,6,0,1834,1834,145948,145948,0.0,0.0,Pedro Porro,,200.0,2023-07-01,1999-09-13,False,p441164,0,0,0,0,0,0,0,0,0,0,0,0,0,0.0,0.0,0.0,0.0,0,0,0,0,0,0.00,0.00,0.00,0.00,1.0,,1.0,,,,[],https://www.tottenhamhotspur.com/match/2645196/brentford-tottenham-hotspur?tab=overview,432.0,175.0,432.0,175.0,432.0,175.0,432.0,175.0,0.0,0.0,0.0,0.0,0.0,0.0,163.0,20.0,535.0,190.0,535.0,190.0,27.0,9.0,0.0,0.0,0.0,Spurs,5.5
True,False,0.0,0.0,221632,0,0,0,0,0.0,-166,"[{'offset': 0, 'projected_percent': '0.0', 'likelihood': 0}, {'offset': 1, 'projected_percent': '0.0', 'likelihood': 0}, {'offset': 2, 'projected_percent': '0.0', 'likelihood': 0}]",,False,0,2,0.0,0.0,0,Cristian,0.0,500,False,Has joined Atletico Madrid permanently,2026-08-17T13:49:05.465401Z,50,221632.jpg,0.0,False,Romero,0.2,False,,u,19,6,0,0,0,5186,5186,0.0,0.0,Romero,,10.0,2022-08-30,1998-04-27,False,p221632,0,0,0,0,0,0,0,0,0,0,0,0,0,0.0,0.0,0.0,0.0,0,0,0,0,0,0.00,0.00,0.00,0.00,,,,,,,[],,259.0,135.0,259.0,135.0,259.0,135.0,259.0,135.0,0.0,0.0,0.0,0.0,0.0,0.0,276.0,48.0,436.0,166.0,436.0,166.0,337.0,128.0,0.0,0.0,0.0,Spurs,5.0
True,True,,,135720,0,0,0,0,-0.2,-27,"[{'offset': 0, 'projected_percent': '-4.4', 'likelihood': -1}, {'offset': 1, 'projected_percent': '-25.9', 'likelihood': -2}, {'offset': 2, 'projected_percent': '-47.4', 'likelihood': -3}]",,False,0,2,2.2,2.2,0,Kevin,0.0,501,False,,,50,135720.jpg,0.0,False,Danso,0.2,False,,a,19,6,0,515,515,572,572,0.0,0.0,Danso,,14.0,2025-07-01,1998-09-19,False,p135720,0,0,0,0,0,0,0,0,0,0,0,0,0,0.0,0.0,0.0,0.0,0,0,0,0,0,0.00,0.00,0.00,0.00,,,,,,,[],,222.0,126.0,222.0,126.0,222.0,126.0,222.0,126.0,0.0,0.0,0.0,0.0,0.0,0.0,239.0,39.0,417.0,161.0,417.0,161.0,356.0,136.0,0.0,0.0,0.0,Spurs,5.0
True,True,,,122798,0,0,0,0,1.8,-132,"[{'offset': 0, 'projected_percent': '1.4', 'likelihood': 1}, {'offset': 1, 'projected_percent': '-1.3', 'likelihood': -1}, {'offset': 2, 'projected_percent': '-6.4', 'likelihood': -1}]",,False,0,2,1.7,1.7,3,Andrew,3.0,502,False,,,45,122798.jpg,3.0,False,Robertson,3.9,False,,a,19,6,3,7299,7299,4595,4595,0.7,0.7,Robertson,,243.0,2026-07-01,1994-03-11,False,p122798,90,0,0,0,3,0,0,0,0,0,0,0,13,0.0,0.0,0.0,0.0,9,3,2,11,1,0.00,0.06,0.06,3.87,3.0,,,,,,[],,89.0,58.0,89.0,58.0,89.0,58.0,89.0,58.0,0.0,0.0,0.06,0.06,3.87,3.0,415.0,85.0,76.0,32.0,76.0,32.0,82.0,31.0,1.0,0.0,11.0,Spurs,4.5
True,True,0.0,0.0,491279,0,0,0,0,-24.8,-2577,"[{'offset': 0, 'projected_percent': '-30.3', 'likelihood': -2}, {'offset': 1, 'projected_percent': '-58.7', 'likelihood': -3}, {'offset': 2, 'projected_percent': '-87.2', 'likelihood': -5}]",,False,0,2,0.0,0.0,0,Micky,0.0,503,False,Unspecified injury - Expected back 29 Aug,2026-08-21T15:00:07.610517Z,50,491279.jpg,0.0,False,van de Ven,5.0,False,,i,19,6,0,1063,1063,57427,57427,0.0,0.0,Van de Ven,,152.0,2023-08-08,2001-04-19,False,p491279,0,0,0,0,0,0,0,0,0,0,0,0,0,0.0,0.0,0.0,0.0,0,0,0,0,0,0.00,0.00,0.00,0.00,,,,,,,[],https://www.tottenhamhotspur.com/match/2645196/brentford-tottenham-hotspur?tab=overview,319.0,154.0,319.0,154.0,319.0,154.0,319.0,154.0,0.0,0.0,0.0,0.0,0.0,0.0,336.0,67.0,482.0,178.0,482.0,178.0,68.0,28.0,0.0,0.0,0.0,Spurs,5.0
True,False,0.0,0.0,232859,0,0,0,0,0.0,-802,"[{'offset': 0, 'projected_percent': '0.0', 'likelihood': 0}, {'offset': 1, 'projected_percent': '0.0', 'likelihood': 0}, {'offset': 2, 'projected_percent': '0.0', 'likelihood': 0}]",,False,0,2,0.0,0.0,0,Djed,0.0,505,False,Has joined Internazionale permanently,2026-08-18T14:13:08.454214Z,45,232859.jpg,0.0,False,Spence,0.7,False,,u,19,6,0,0,0,23925,23925,0.0,0.0,Spence,,241.0,2022-07-19,2000-08-09,False,p232859,0,0,0,0,0,0,0,0,0,0,0,0,0,0.0,0.0,0.0,0.0,0,0,0,0,0,0.00,0.00,0.00,0.00,,,,,,,[],,122.0,83.0,122.0,83.0,122.0,83.0,122.0,83.0,0.0,0.0,0.0,0.0,0.0,0.0,448.0,110.0,346.0,135.0,346.0,135.0,219.0,83.0,0.0,0.0,0.0,Spurs,4.5
True,True,,,487053,0,0,0,0,-1.7,-36,"[{'offset': 0, 'projected_percent': '-3.8', 'likelihood': -1}, {'offset': 1, 'projected_percent': '-14.4', 'likelihood': -1}, {'offset': 2, 'projected_percent': '-25.1', 'likelihood': -2}]",,False,0,2,1.7,1.7,1,Destiny,1.0,506,False,,,45,487053.jpg,1.0,False,Udogie,0.5,False,,a,19,6,1,790,790,1026,1026,0.2,0.2,Udogie,,106.0,2022-08-16,2002-11-28,False,p487053,4,0,0,0,0,0,0,0,0,0,0,0,3,0.0,0.0,0.0,0.0,0,2,0,0,0,0.00,0.02,0.02,0.44,,,,,,,[],,152.0,102.0,152.0,102.0,152.0,102.0,152.0,102.0,0.0,0.0,0.45,0.45,9.9,0.0,478.0,129.0,183.0,71.0,183.0,71.0,252.0,93.0,0.0,0.0,0.0,Spurs,4.5
True,False,0.0,0.0,548308,0,0,0,0,0.0,-9,"[{'offset': 0, 'projected_percent': '0.0', 'likelihood': 0}, {'offset': 1, 'projected_percent': '0.0', 'likelihood': 0}, {'offset': 2, 'projected_percent': '0.0', 'likelihood': 0}]",,False,0,2,0.0,0.0,0,Ashley,0.0,507,False,Has joined Middlesbrough permanently,2026-08-18T14:13:08.474144Z,45,548308.jpg,0.0,False,Phillips,0.0,False,,u,19,6,0,0,0,257,257,0.0,0.0,Phillips,,241.0,2023-08-05,2005-06-26,False,p548308,0,0,0,0,0,0,0,0,0,0,0,0,0,0.0,0.0,0.0,0.0,0,0,0,0,0,0.00,0.00,0.00,0.00,,,,,,,[],,174.0,110.0,174.0,110.0,174.0,110.0,174.0,110.0,0.0,0.0,0.0,0.0,0.0,0.0,500.0,137.0,378.0,150.0,378.0,150.0,531.0,181.0,0.0,0.0,0.0,Spurs,4.5
True,True,,,115556,0,0,0,0,-2.2,-101,"[{'offset': 0, 'projected_percent': '-4.8', 'likelihood': -1}, {'offset': 1, 'projected_percent': '-18.4', 'likelihood': -1}, {'offset': 2, 'projected_percent': '-32.1', 'likelihood': -2}]",,False,0,2,1.0,1.0,0,Ben,0.0,508,False,,,40,115556.jpg,0.0,False,Davies,1.1,False,,a,19,6,0,1242,1242,1890,1890,0.0,0.0,Davies,,244.0,2014-07-23,1993-04-24,False,p115556,0,0,0,0,0,0,0,0,0,0,0,0,0,0.0,0.0,0.0,0.0,0,0,0,0,0,0.00,0.00,0.00,0.00,,,,,,,[],,11.0,4.0,11.0,4.0,11.0,4.0,11.0,4.0,0.0,0.0,0.0,0.0,0.0,0.0,544.0,152.0,272.0,91.0,272.0,91.0,183.0,71.0,0.0,0.0,0.0,Spurs,4.0
True,True,,,640419,0,0,0,0,0.0,-7,"[{'offset': 0, 'projected_percent': '-2.2', 'likelihood': -1}, {'offset': 1, 'projected_percent': '-20.3', 'likelihood': -2}, {'offset': 2, 'projected_percent': '-38.4', 'likelihood': -2}]",,False,0,2,1.0,1.0,0,Jun'ai,0.0,509,False,,,40,640419.jpg,0.0,False,Byfield,0.1,False,,a,19,6,0,140,140,138,138,0.0,0.0,Byfield,,,,,False,p640419,0,0,0,0,0,0,0,0,0,0,0,0,0,0.0,0.0,0.0,0.0,0,0,0,0,0,0.00,0.00,0.00,0.00,,,,,,,[],,68.0,48.0,68.0,48.0,68.0,48.0,68.0,48.0,0.0,0.0,0.0,0.0,0.0,0.0,601.0,196.0,311.0,117.0,311.0,117.0,472.0,164.0,0.0,0.0,0.0,Spurs,4.0
True,True,,,499716,0,0,0,0,-2.3,-2,"[{'offset': 0, 'projected_percent': '-3.0', 'likelihood': -1}, {'offset': 1, 'projected_percent': '-6.8', 'likelihood': -1}, {'offset': 2, 'projected_percent': '-10.5', 'likelihood': -1}]",,False,0,2,1.0,1.0,0,James,0.0,510,False,,,40,499716.jpg,0.0,False,Rowswell,0.1,False,,a,19,6,0,115,115,164,164,0.0,0.0,Rowswell,,,,,False,p499716,0,0,0,0,0,0,0,0,0,0,0,0,0,0.0,0.0,0.0,0.0,0,0,0,0,0,0.00,0.00,0.00,0.00,,,,,,,[],,49.0,31.0,49.0,31.0,49.0,31.0,49.0,31.0,0.0,0.0,0.0,0.0,0.0,0.0,582.0,179.0,296.0,104.0,296.0,104.0,447.0,157.0,0.0,0.0,0.0,Spurs,4.0
True,True,,,616221,0,0,0,0,-2.5,-26,"[{'offset': 0, 'projected_percent': '-5.0', 'likelihood': -1}, {'offset': 1, 'projected_percent': '-17.5', 'likelihood': -1}, {'offset': 2, 'projected_percent': '-30.1', 'likelihood': -2}]",,False,0,2,1.0,1.0,0,João Victor,0.0,511,False,,,40,616221.jpg,0.0,False,de Souza Menezes,0.3,False,,a,19,6,0,429,429,608,608,0.0,0.0,Souza,Souza,30.0,2026-01-22,2006-06-16,False,p616221,0,0,0,0,0,0,0,0,0,0,0,0,0,0.0,0.0,0.0,0.0,0,0,0,0,0,0.00,0.00,0.00,0.00,,,,,,,[],,67.0,47.0,67.0,47.0,67.0,47.0,67.0,47.0,0.0,0.0,0.0,0.0,0.0,0.0,600.0,195.0,310.0,116.0,310.0,116.0,294.0,108.0,0.0,0.0,0.0,Spurs,4.0
True,True,25.0,25.0,460842,0,0,0,0,-25.1,-36,"[{'offset': 0, 'projected_percent': '-31.8', 'likelihood': -2}, {'offset': 1, 'projected_percent': '-66.2', 'likelihood': -4}, {'offset': 2, 'projected_percent': '-100.6', 'likelihood': -5}]",,False,0,3,0.6,0.6,0,Mohammed,0.0,512,False,Thigh injury - 25% chance of playing,2026-07-23T12:01:23.848657Z,65,460842.jpg,0.0,False,Kudus,0.1,False,,d,19,6,0,88,88,758,758,0.0,0.0,Kudus,,81.0,2025-07-10,2000-08-02,False,p460842,0,0,0,0,0,0,0,0,0,0,0,0,0,0.0,0.0,0.0,0.0,0,0,0,0,0,0.00,0.00,0.00,0.00,5.0,,3.0,,2.0,,[],https://www.tottenhamhotspur.com/news/1086430/team-news-porro-van-de-ven-out-of-opener-at-brentford,567.0,242.0,567.0,242.0,567.0,242.0,567.0,242.0,0.0,0.0,0.0,0.0,0.0,0.0,48.0,34.0,586.0,257.0,586.0,257.0,442.0,179.0,0.0,0.0,0.0,Spurs,6.5
True,True,0.0,0.0,493362,0,0,0,0,-14.4,-4,"[{'offset': 0, 'projected_percent': '-17.1', 'likelihood': -1}, {'offset': 1, 'projected_percent': '-31.0', 'likelihood': -2}, {'offset': 2, 'projected_percent': '-45.0', 'likelihood': -3}]",,False,0,3,0.0,0.0,0,Xavi,0.0,513,False,Knee injury - Unknown return date,2026-07-23T12:01:23.864304Z,60,493362.jpg,0.0,False,Simons,0.0,False,,i,19,6,0,33,33,133,133,0.0,0.0,Xavi,,152.0,2025-08-29,2003-04-21,False,p493362,0,0,0,0,0,0,0,0,0,0,0,0,0,0.0,0.0,0.0,0.0,0,0,0,0,0,0.00,0.00,0.00,0.00,6.0,,2.0,,3.0,,[],,535.0,217.0,535.0,217.0,535.0,217.0,535.0,217.0,0.0,0.0,0.0,0.0,0.0,0.0,97.0,62.0,572.0,247.0,572.0,247.0,558.0,233.0,0.0,0.0,0.0,Spurs,6.0
True,True,,,511499,0,0,0,0,-9.9,-105,"[{'offset': 0, 'projected_percent': '-15.5', 'likelihood': -1}, {'offset': 1, 'projected_percent': '-44.5', 'likelihood': -3}, {'offset': 2, 'projected_percent': '-73.5', 'likelihood': -4}]",,False,0,3,2.1,2.1,2,Mathys,2.0,514,False,,,60,511499.jpg,2.0,False,Tel,0.6,False,,a,19,6,2,681,681,1715,1715,0.3,0.3,Tel,,73.0,2025-07-01,2005-04-27,False,p511499,90,0,0,0,3,0,0,0,0,0,0,0,17,0.0,0.0,0.0,0.0,1,7,0,8,1,0.06,0.06,0.12,3.87,4.0,,4.0,,,,[],,537.0,219.0,537.0,219.0,537.0,219.0,537.0,219.0,0.06,0.0,0.06,0.12,3.87,3.0,99.0,64.0,143.0,71.0,143.0,71.0,247.0,82.0,1.0,0.0,8.0,Spurs,6.0
True,True,,,172780,0,0,0,0,-11.9,-266,"[{'offset': 0, 'projected_percent': '-17.7', 'likelihood': -1}, {'offset': 1, 'projected_percent': '-47.6', 'likelihood': -3}, {'offset': 2, 'projected_percent': '-77.5', 'likelihood': -4}]",,False,0,3,2.3,2.3,1,James,1.0,515,False,,,65,172780.jpg,1.0,False,Maddison,1.4,False,,a,19,6,1,1492,1492,4401,4401,0.2,0.2,Maddison,,241.0,2023-06-28,1996-11-23,False,p172780,22,0,0,0,0,0,0,0,0,0,0,0,6,0.0,0.0,0.0,0.0,1,1,0,2,0,0.00,0.01,0.01,0.85,,,,,,,[],,553.0,230.0,553.0,230.0,553.0,230.0,553.0,230.0,0.0,0.0,0.04,0.04,3.48,0.0,34.0,22.0,257.0,122.0,257.0,122.0,167.0,51.0,0.0,0.0,8.18,Spurs,6.5
True,True,,,202993,0,0,0,0,-6.4,-13,"[{'offset': 0, 'projected_percent': '-8.2', 'likelihood': -1}, {'offset': 1, 'projected_percent': '-17.5', 'likelihood': -1}, {'offset': 2, 'projected_percent': '-26.8', 'likelihood': -2}]",,False,0,3,2.0,2.0,1,Rodrigo,1.0,516,False,,,55,202993.jpg,1.0,False,Bentancur,0.2,False,,a,19,6,1,159,159,408,408,0.2,0.2,Bentancur,,230.0,2022-01-31,1997-06-25,False,p202993,45,0,0,0,1,0,0,0,0,0,0,0,8,0.0,0.0,0.0,0.0,0,2,3,5,0,0.00,0.01,0.01,2.18,,,,,,,[],,403.0,139.0,403.0,139.0,403.0,139.0,403.0,139.0,0.0,0.0,0.02,0.02,4.36,2.0,134.0,83.0,223.0,103.0,223.0,103.0,347.0,124.0,0.0,0.0,10.0,Spurs,5.5
True,True,0.0,0.0,550839,0,0,0,0,-11.9,0,"[{'offset': 0, 'projected_percent': '-11.9', 'likelihood': -1}, {'offset': 1, 'projected_percent': '-11.9', 'likelihood': -1}, {'offset': 2, 'projected_percent': '-11.9', 'likelihood': -1}]",,False,0,3,0.0,0.0,0,Wilson,0.0,517,False,Knee injury - Unknown return date,2026-07-23T12:01:23.879434Z,55,550839.jpg,0.0,False,Odobert,0.0,False,,i,19,6,0,3,3,9,9,0.0,0.0,Odobert,,73.0,2024-08-16,2004-11-28,False,p550839,0,0,0,0,0,0,0,0,0,0,0,0,0,0.0,0.0,0.0,0.0,0,0,0,0,0,0.00,0.00,0.00,0.00,,,,,,,[],https://www.tottenhamhotspur.com/news/1008505/odobert-suffers-acl-injury,479.0,188.0,479.0,188.0,479.0,188.0,479.0,188.0,0.0,0.0,0.0,0.0,0.0,0.0,210.0,132.0,551.0,235.0,551.0,235.0,603.0,266.0,0.0,0.0,0.0,Spurs,5.5
True,True,0.0,0.0,482442,0,0,0,0,-32.4,-153,"[{'offset': 0, 'projected_percent': '-39.3', 'likelihood': -2}, {'offset': 1, 'projected_percent': '-75.2', 'likelihood': -4}, {'offset': 2, 'projected_percent': '-111.1', 'likelihood': -5}]",,False,0,3,0.0,0.0,0,Pape Matar,0.0,518,False,Hamstring injury - Unknown return date,2026-08-21T14:30:08.419690Z,50,482442.jpg,0.0,False,Sarr,0.2,False,,i,19,6,0,18,18,3469,3469,0.0,0.0,P.M.Sarr,Pape Matar Sarr,189.0,2021-08-27,2002-09-14,False,p482442,0,0,0,0,0,0,0,0,0,0,0,0,0,0.0,0.0,0.0,0.0,0,0,0,0,0,0.00,0.00,0.00,0.00,,,,,,,[],https://www.tottenhamhotspur.com/match/2645196/brentford-tottenham-hotspur?tab=overview,307.0,79.0,307.0,79.0,307.0,79.0,307.0,79.0,0.0,0.0,0.0,0.0,0.0,0.0,324.0,189.0,472.0,187.0,472.0,187.0,326.0,115.0,0.0,0.0,0.0,Spurs,5.0
True,True,,,232787,0,0,0,0,-11.6,-56,"[{'offset': 0, 'projected_percent': '-16.9', 'likelihood': -1}, {'offset': 1, 'projected_percent': '-44.5', 'likelihood': -3}, {'offset': 2, 'projected_percent': '-72.0', 'likelihood': -4}]",,False,0,3,2.0,2.0,0,Conor,0.0,519,False,,,55,232787.jpg,0.0,False,Gallagher,0.3,False,,a,19,6,0,350,350,970,970,0.0,0.0,Gallagher,,241.0,2026-01-14,2000-02-06,False,p232787,45,0,0,0,2,0,0,0,1,0,0,0,1,0.0,0.0,0.0,0.0,0,2,1,3,1,0.02,0.06,0.08,1.70,,,,,,,[],,417.0,147.0,417.0,147.0,417.0,147.0,417.0,147.0,0.04,0.0,0.12,0.16,3.4,4.0,148.0,91.0,530.0,221.0,530.0,221.0,293.0,98.0,2.0,0.0,6.0,Spurs,5.5
True,True,,,570526,0,0,0,0,-5.3,-24,"[{'offset': 0, 'projected_percent': '-8.5', 'likelihood': -1}, {'offset': 1, 'projected_percent': '-25.2', 'likelihood': -2}, {'offset': 2, 'projected_percent': '-41.9', 'likelihood': -3}]",,False,0,3,2.0,2.0,1,Lucas,1.0,520,False,,,55,570526.jpg,1.0,False,Bergvall,0.2,False,,a,19,6,1,232,232,465,465,0.2,0.2,Bergvall,,206.0,2024-07-01,2006-02-02,False,p570526,45,0,0,0,2,0,0,0,0,0,0,0,2,0.0,0.0,0.0,0.0,0,7,1,8,1,0.00,0.01,0.01,1.70,,,,,,,[],,482.0,190.0,482.0,190.0,482.0,190.0,482.0,190.0,0.0,0.0,0.02,0.02,3.4,4.0,213.0,134.0,242.0,113.0,242.0,113.0,336.0,118.0,2.0,0.0,16.0,Spurs,5.5
True,True,0.0,0.0,445044,0,0,0,0,-8.3,0,"[{'offset': 0, 'projected_percent': '-8.3', 'likelihood': -1}, {'offset': 1, 'projected_percent': '-8.3', 'likelihood': -1}, {'offset': 2, 'projected_percent': '-8.3', 'likelihood': -1}]",,False,0,3,0.0,0.0,0,Dejan,0.0,521,False,Knee injury - Unknown return date,2026-07-23T12:01:23.895175Z,65,445044.jpg,0.0,False,Kulusevski,0.0,False,,i,19,6,0,26,26,69,69,0.0,0.0,Kulusevski,,206.0,2023-07-01,2000-04-25,False,p445044,0,0,0,0,0,0,0,0,0,0,0,0,0,0.0,0.0,0.0,0.0,0,0,0,0,0,0.00,0.00,0.00,0.00,,,,,,,[],,565.0,241.0,565.0,241.0,565.0,241.0,565.0,241.0,0.0,0.0,0.0,0.0,0.0,0.0,46.0,33.0,584.0,256.0,584.0,256.0,576.0,245.0,0.0,0.0,0.0,Spurs,6.5
True,True,,,547701,0,0,0,0,0.0,-8,"[{'offset': 0, 'projected_percent': '-1.0', 'likelihood': -1}, {'offset': 1, 'projected_percent': '-6.0', 'likelihood': -1}, {'offset': 2, 'projected_percent': '-11.1', 'likelihood': -1}]",,False,0,3,1.5,1.5,2,Archie,2.0,522,False,,,50,547701.jpg,2.0,False,Gray,0.2,False,,a,19,6,2,530,530,578,578,0.4,0.4,Gray,,241.0,2024-07-02,2006-03-12,False,p547701,85,0,0,0,3,0,0,0,0,0,0,0,15,0.0,0.0,0.0,0.0,2,2,1,5,1,0.00,0.01,0.01,3.43,,,,,,,[],,351.0,108.0,351.0,108.0,351.0,108.0,351.0,108.0,0.0,0.0,0.01,0.01,3.63,3.18,368.0,218.0,122.0,57.0,122.0,57.0,327.0,116.0,1.06,0.0,5.29,Spurs,5.0
True,True,,,499721,0,0,0,0,-5.8,-19,"[{'offset': 0, 'projected_percent': '-8.7', 'likelihood': -1}, {'offset': 1, 'projected_percent': '-23.8', 'likelihood': -2}, {'offset': 2, 'projected_percent': '-38.9', 'likelihood': -2}]",,False,0,3,1.5,1.5,2,Mikey,2.0,523,False,,,50,499721.jpg,2.0,False,Moore,0.2,False,,a,19,6,2,282,282,504,504,0.4,0.4,Moore,,241.0,2024-05-01,2007-08-11,False,p499721,67,0,0,0,3,0,0,0,0,0,0,0,10,0.0,0.0,0.0,0.0,0,1,1,2,1,0.38,0.02,0.40,3.02,,,,,,,[],,327.0,88.0,327.0,88.0,327.0,88.0,327.0,88.0,0.51,0.0,0.03,0.54,4.06,4.03,344.0,198.0,120.0,55.0,120.0,55.0,357.0,129.0,1.34,0.0,2.69,Spurs,5.0
True,True,,,499726,0,0,0,0,-5.0,-109,"[{'offset': 0, 'projected_percent': '-8.5', 'likelihood': -1}, {'offset': 1, 'projected_percent': '-26.8', 'likelihood': -2}, {'offset': 2, 'projected_percent': '-45.0', 'likelihood': -3}]",,False,0,3,1.0,1.0,0,Callum,0.0,524,False,,,45,499726.jpg,0.0,False,Olusesi,0.9,False,,a,19,6,0,1266,1266,2313,2313,0.0,0.0,Olusesi,,,,,False,p499726,0,0,0,0,0,0,0,0,0,0,0,0,0,0.0,0.0,0.0,0.0,0,0,0,0,0,0.00,0.00,0.00,0.00,,,,,,,[],,161.0,14.0,161.0,14.0,161.0,14.0,161.0,14.0,0.0,0.0,0.0,0.0,0.0,0.0,487.0,252.0,366.0,137.0,366.0,137.0,201.0,67.0,0.0,0.0,0.0,Spurs,4.5
True,True,,,551226,0,0,0,0,-16.3,-490,"[{'offset': 0, 'projected_percent': '-24.0', 'likelihood': -2}, {'offset': 1, 'projected_percent': '-63.3', 'likelihood': -4}, {'offset': 2, 'projected_percent': '-102.6', 'likelihood': -5}]",,False,0,3,2.1,2.1,1,Mateus,1.0,525,False,,,60,551226.jpg,1.0,False,Fernandes,1.9,False,,a,19,6,1,1452,1452,7092,7092,0.2,0.2,Fernandes,Mateus Fernandes,173.0,2026-07-02,2004-07-10,False,p551226,45,0,0,0,1,0,0,0,0,0,0,0,16,0.0,0.0,0.0,0.0,0,1,1,2,0,0.00,0.06,0.06,2.18,,,,,,,[],,542.0,222.0,542.0,222.0,542.0,222.0,542.0,222.0,0.0,0.0,0.12,0.12,4.36,2.0,104.0,67.0,255.0,120.0,255.0,120.0,125.0,39.0,0.0,0.0,4.0,Spurs,6.0
True,True,,,154566,0,0,0,0,-8.5,-299,"[{'offset': 0, 'projected_percent': '-14.6', 'likelihood': -1}, {'offset': 1, 'projected_percent': '-46.3', 'likelihood': -3}, {'offset': 2, 'projected_percent': '-78.0', 'likelihood': -4}]",,False,0,4,2.0,2.0,1,Dominic,1.0,526,False,,,60,154566.jpg,1.0,False,Solanke-Mitchell,1.4,False,,a,19,6,1,1657,1657,3950,3950,0.2,0.2,Solanke,,241.0,2024-08-10,1997-09-14,False,p154566,22,0,0,0,0,0,0,0,0,0,0,0,3,0.0,0.0,0.0,0.0,0,0,0,0,0,0.07,0.00,0.07,0.85,,,,,1.0,,[],,499.0,47.0,499.0,47.0,499.0,47.0,499.0,47.0,0.29,0.0,0.0,0.29,3.48,0.0,61.0,15.0,245.0,27.0,245.0,27.0,163.0,25.0,0.0,0.0,0.0,Spurs,6.0
True,True,,,212319,0,0,0,0,-3.0,-394,"[{'offset': 0, 'projected_percent': '-6.7', 'likelihood': -1}, {'offset': 1, 'projected_percent': '-25.7', 'likelihood': -2}, {'offset': 2, 'projected_percent': '-44.8', 'likelihood': -3}]",,False,0,4,2.0,2.0,2,Richarlison,2.0,527,False,,,60,212319.jpg,2.0,False,de Andrade,3.2,False,,a,19,6,2,4143,4143,6513,6513,0.3,0.3,Richarlison,Richarlison,30.0,2022-07-01,1997-05-10,False,p212319,67,0,0,0,3,0,0,0,0,0,0,0,6,0.0,0.0,0.0,0.0,1,0,0,1,1,0.00,0.00,0.00,3.02,,,,,4.0,,[],,509.0,50.0,509.0,50.0,509.0,50.0,509.0,50.0,0.0,0.0,0.0,0.0,4.06,4.03,71.0,18.0,138.0,11.0,138.0,11.0,103.0,13.0,1.34,0.0,1.34,Spurs,6.0
True,True,,,490145,0,0,0,0,0.2,-49,"[{'offset': 0, 'projected_percent': '0.0', 'likelihood': 0}, {'offset': 1, 'projected_percent': '-4.1', 'likelihood': -1}, {'offset': 2, 'projected_percent': '-8.4', 'likelihood': -1}]",,False,0,4,1.0,1.0,0,Dane,0.0,528,False,,,45,490145.jpg,0.0,False,Scarlett,1.8,False,,a,19,6,0,3526,3526,3586,3586,0.0,0.0,Scarlett,,241.0,2020-08-21,2004-03-24,False,p490145,0,0,0,0,0,0,0,0,0,0,0,0,0,0.0,0.0,0.0,0.0,0,0,0,0,0,0.00,0.00,0.00,0.00,,,,,,,[],,156.0,1.0,156.0,1.0,156.0,1.0,156.0,1.0,0.0,0.0,0.0,0.0,0.0,0.0,482.0,61.0,361.0,31.0,361.0,31.0,136.0,21.0,0.0,0.0,0.0,Spurs,4.5
True,True,,,611917,0,0,0,0,0.0,0,"[{'offset': 0, 'projected_percent': '0.0', 'likelihood': 0}, {'offset': 1, 'projected_percent': '0.0', 'likelihood': 0}, {'offset': 2, 'projected_percent': '0.0', 'likelihood': 0}]",2026-09-04T19:30:49.058576Z,False,0,3,1.0,1.0,0,Luca,0.0,601,False,,,45,611917.jpg,0.0,False,Williams-Barnett,0.0,False,,a,19,6,0,494,494,70,70,0.0,0.0,Williams-Barnett,,241.0,2025-07-25,2008-10-01,False,p611917,0,0,0,0,0,0,0,0,0,0,0,0,0,0.0,0.0,0.0,0.0,0,0,0,0,0,0.00,0.00,0.00,0.00,,,,,,,[],,200.0,24.0,200.0,24.0,200.0,24.0,200.0,24.0,0.0,0.0,0.0,0.0,0.0,0.0,526.0,262.0,399.0,146.0,399.0,146.0,540.0,222.0,0.0,0.0,0.0,Spurs,4.5
True,True,,,498016,0,0,0,0,-4.1,-217,"[{'offset': 0, 'projected_percent': '-5.6', 'likelihood': -1}, {'offset': 1, 'projected_percent': '-13.3', 'likelihood': -1}, {'offset': 2, 'projected_percent': '-21.0', 'likelihood': -2}]",,False,0,1,2.6,2.6,1,Robin,1.0,529,False,,,50,498016.jpg,1.0,False,Roefs,4.3,False,,a,20,56,1,1231,1231,5708,5708,0.2,0.2,Roefs,,152.0,2025-08-01,2003-01-17,False,p498016,90,0,0,0,2,0,0,0,0,0,1,0,7,0.0,0.0,0.0,0.0,1,8,0,0,1,0.00,0.00,0.00,1.80,,,,,,,[],,324.0,62.0,324.0,62.0,324.0,62.0,324.0,62.0,0.0,1.0,0.0,0.0,1.8,2.0,341.0,20.0,202.0,18.0,202.0,18.0,74.0,11.0,1.0,0.0,0.0,Sunderland,5.0
True,False,0.0,0.0,232571,0,0,0,0,0.0,-40,"[{'offset': 0, 'projected_percent': '0.0', 'likelihood': 0}, {'offset': 1, 'projected_percent': '0.0', 'likelihood': 0}, {'offset': 2, 'projected_percent': '0.0', 'likelihood': 0}]",,False,0,1,0.0,0.0,0,Anthony,0.0,530,False,Has joined Wrexham permanently,2026-08-12T14:08:03.064533Z,40,232571.jpg,0.0,False,Patterson,0.2,False,,u,20,56,0,0,0,930,930,0.0,0.0,Patterson,,241.0,2018-10-09,2000-05-10,False,p232571,0,0,0,0,0,0,0,0,0,0,0,0,0,0.0,0.0,0.0,0.0,0,0,0,0,0,0.00,0.00,0.00,0.00,,,,,,,[],,31.0,12.0,31.0,12.0,31.0,12.0,31.0,12.0,0.0,0.0,0.0,0.0,0.0,0.0,564.0,59.0,283.0,30.0,283.0,30.0,360.0,39.0,0.0,0.0,0.0,Sunderland,4.0
True,True,,,515046,0,0,0,0,-6.5,-6,"[{'offset': 0, 'projected_percent': '-8.3', 'likelihood': -1}, {'offset': 1, 'projected_percent': '-17.8', 'likelihood': -1}, {'offset': 2, 'projected_percent': '-27.3', 'likelihood': -2}]",,False,0,1,1.9,1.9,0,Melker,0.0,531,False,,,45,515046.jpg,0.0,False,Ellborg,0.1,False,,a,20,56,0,64,64,181,181,0.0,0.0,Ellborg,,206.0,2026-02-01,2003-05-22,False,p515046,0,0,0,0,0,0,0,0,0,0,0,0,0,0.0,0.0,0.0,0.0,0,0,0,0,0,0.00,0.00,0.00,0.00,,,,,,,[],,167.0,43.0,167.0,43.0,167.0,43.0,167.0,43.0,0.0,0.0,0.0,0.0,0.0,0.0,493.0,44.0,372.0,54.0,372.0,54.0,425.0,47.0,0.0,0.0,0.0,Sunderland,4.5
True,True,,,223827,0,0,0,0,-3.8,-418,"[{'offset': 0, 'projected_percent': '-6.1', 'likelihood': -1}, {'offset': 1, 'projected_percent': '-17.6', 'likelihood': -1}, {'offset': 2, 'projected_percent': '-29.1', 'likelihood': -2}]",,False,0,2,2.2,2.2,0,Daniel,0.0,532,False,,,50,223827.jpg,0.0,False,Ballard,5.6,False,,a,20,56,0,3873,3873,9195,9195,0.0,0.0,Ballard,,242.0,2022-07-01,1999-09-22,False,p223827,90,0,0,0,2,0,0,0,1,0,0,0,4,0.0,0.0,0.0,0.0,7,0,2,9,1,0.00,0.01,0.01,1.80,,,,,,,[],,263.0,138.0,263.0,138.0,263.0,138.0,263.0,138.0,0.0,0.0,0.01,0.01,1.8,2.0,280.0,51.0,440.0,169.0,440.0,169.0,64.0,25.0,1.0,0.0,9.0,Sunderland,5.0
True,True,100.0,100.0,200834,0,0,0,0,-10.8,-431,"[{'offset': 0, 'projected_percent': '-15.3', 'likelihood': -1}, {'offset': 1, 'projected_percent': '-38.5', 'likelihood': -2}, {'offset': 2, 'projected_percent': '-61.8', 'likelihood': -4}]",,False,0,2,2.5,2.5,0,Nordi,0.0,533,False,,2026-08-09T08:30:05.954750Z,55,200834.jpg,0.0,False,Mukiele,2.8,False,,a,20,56,0,1920,1920,7785,7785,0.0,0.0,Mukiele,,73.0,2025-08-17,1997-11-01,False,p200834,0,0,0,0,0,0,0,0,0,0,0,0,0,0.0,0.0,0.0,0.0,0,0,0,0,0,0.00,0.00,0.00,0.00,,,,,,,[],,402.0,169.0,402.0,169.0,402.0,169.0,402.0,169.0,0.0,0.0,0.0,0.0,0.0,0.0,133.0,14.0,522.0,186.0,522.0,186.0,106.0,42.0,0.0,0.0,0.0,Sunderland,5.5
True,True,,,487676,0,0,0,0,-1.1,-251,"[{'offset': 0, 'projected_percent': '-2.2', 'likelihood': -1}, {'offset': 1, 'projected_percent': '-7.8', 'likelihood': -1}, {'offset': 2, 'projected_percent': '-13.3', 'likelihood': -1}]",,False,0,2,1.7,1.7,2,Trai,2.0,534,False,,,45,487676.jpg,2.0,False,Hume,6.9,False,,a,20,56,2,4269,4269,7345,7345,0.4,0.4,Hume,,242.0,2022-01-04,2002-03-18,False,p487676,79,0,0,0,1,0,0,0,0,0,0,0,14,0.0,0.0,0.0,0.0,1,6,3,4,1,0.04,0.27,0.31,1.69,3.0,,,,,,[],,153.0,103.0,153.0,103.0,153.0,103.0,153.0,103.0,0.05,0.0,0.31,0.36,1.93,1.14,479.0,130.0,107.0,41.0,107.0,41.0,57.0,22.0,1.14,0.0,4.56,Sunderland,4.5
True,True,100.0,100.0,201895,0,0,0,0,0.0,-16,"[{'offset': 0, 'projected_percent': '0.0', 'likelihood': 0}, {'offset': 1, 'projected_percent': '-4.9', 'likelihood': -1}, {'offset': 2, 'projected_percent': '-9.9', 'likelihood': -1}]",,False,0,2,2.2,2.2,1,Omar,1.0,535,False,,2026-08-09T08:30:05.962393Z,50,201895.jpg,1.0,False,Alderete,0.5,False,,a,20,56,1,930,930,977,977,0.2,0.2,Alderete,,168.0,2025-08-12,1996-12-26,False,p201895,23,0,0,0,1,0,0,0,0,0,0,0,2,0.0,0.0,0.0,0.0,0,2,0,0,0,0.00,0.01,0.01,0.10,,,,,,,[],,241.0,129.0,241.0,129.0,241.0,129.0,241.0,129.0,0.0,0.0,0.04,0.04,0.39,3.91,258.0,42.0,194.0,78.0,194.0,78.0,260.0,96.0,0.0,0.0,0.0,Sunderland,5.0
True,True,,,434399,0,0,0,0,-2.7,-23,"[{'offset': 0, 'projected_percent': '-4.1', 'likelihood': -1}, {'offset': 1, 'projected_percent': '-11.4', 'likelihood': -1}, {'offset': 2, 'projected_percent': '-18.6', 'likelihood': -1}]",,False,0,2,1.7,1.7,1,Reinildo,1.0,536,False,,,45,434399.jpg,1.0,False,Mandava,0.5,False,,a,20,56,1,272,272,592,592,0.2,0.2,Reinildo,Reinildo Mandava,146.0,2025-07-08,1994-01-21,False,p434399,90,0,0,0,2,0,0,0,0,0,0,0,9,0.0,0.0,0.0,0.0,5,5,3,8,1,0.00,0.29,0.29,1.80,,,,,,,[],,134.0,92.0,134.0,92.0,134.0,92.0,134.0,92.0,0.0,0.0,0.29,0.29,1.8,2.0,460.0,119.0,175.0,65.0,175.0,65.0,259.0,95.0,1.0,0.0,8.0,Sunderland,4.5
True,True,,,519634,0,0,0,0,-4.6,-2,"[{'offset': 0, 'projected_percent': '-10.8', 'likelihood': -1}, {'offset': 1, 'projected_percent': '-42.7', 'likelihood': -3}, {'offset': 2, 'projected_percent': '-74.6', 'likelihood': -4}]",,False,0,2,1.7,1.7,0,Jenson,0.0,537,False,,,45,519634.jpg,0.0,False,Seelt,0.0,False,,a,20,56,0,18,18,27,27,0.0,0.0,Seelt,,152.0,2023-07-01,2003-05-23,False,p519634,0,0,0,0,0,0,0,0,0,0,0,0,0,0.0,0.0,0.0,0.0,0,0,0,0,0,0.00,0.00,0.00,0.00,,,,,,,[],,169.0,109.0,169.0,109.0,169.0,109.0,169.0,109.0,0.0,0.0,0.0,0.0,0.0,0.0,495.0,136.0,373.0,149.0,373.0,149.0,574.0,194.0,0.0,0.0,0.0,Sunderland,4.5
True,False,0.0,0.0,477547,0,0,0,0,0.0,-12,"[{'offset': 0, 'projected_percent': '0.0', 'likelihood': 0}, {'offset': 1, 'projected_percent': '0.0', 'likelihood': 0}, {'offset': 2, 'projected_percent': '0.0', 'likelihood': 0}]",,False,0,2,0.0,0.0,0,Leo Fuhr,0.0,538,False,Has joined KV Mechelen on loan for the rest of the season,2026-08-12T14:08:03.081789Z,40,477547.jpg,0.0,False,Hjelde,0.1,False,,u,20,56,0,0,0,362,362,0.0,0.0,Hjelde,,161.0,2024-01-30,2003-08-26,False,p477547,0,0,0,0,0,0,0,0,0,0,0,0,0,0.0,0.0,0.0,0.0,0,0,0,0,0,0.00,0.00,0.00,0.00,,,,,,,[],,44.0,28.0,44.0,28.0,44.0,28.0,44.0,28.0,0.0,0.0,0.0,0.0,0.0,0.0,577.0,176.0,291.0,101.0,291.0,101.0,469.0,163.0,0.0,0.0,0.0,Sunderland,4.0
True,True,,,167512,0,0,0,0,-1.5,-90,"[{'offset': 0, 'projected_percent': '-2.2', 'likelihood': -1}, {'offset': 1, 'projected_percent': '-6.0', 'likelihood': -1}, {'offset': 2, 'projected_percent': '-9.8', 'likelihood': -1}]",,False,0,2,1.0,1.0,1,Luke,1.0,539,False,,,40,167512.jpg,1.0,False,O'Nien,3.7,False,,a,20,56,1,1539,1539,3168,3168,0.2,0.2,O'Nien,,241.0,2018-07-30,1994-11-21,False,p167512,66,0,0,0,1,0,0,0,1,0,0,0,1,0.0,0.0,0.0,0.0,4,4,1,5,1,0.01,0.01,0.02,1.69,,,,,,,[],,15.0,7.0,15.0,7.0,15.0,7.0,15.0,7.0,0.01,0.0,0.01,0.02,2.3,1.36,548.0,155.0,159.0,50.0,159.0,50.0,87.0,33.0,1.36,0.0,6.82,Sunderland,4.0
True,False,0.0,0.0,105717,0,0,0,0,0.0,-72,"[{'offset': 0, 'projected_percent': '0.0', 'likelihood': 0}, {'offset': 1, 'projected_percent': '0.0', 'likelihood': 0}, {'offset': 2, 'projected_percent': '0.0', 'likelihood': 0}]",,False,0,2,0.0,0.0,0,Arthur,0.0,540,False,Has joined Konyaspor permanently,2026-08-12T14:08:03.097784Z,40,105717.jpg,0.0,False,Masuaku,0.3,False,,u,20,56,0,0,0,1860,1860,0.0,0.0,Masuaku,,50.0,2025-08-10,1993-11-07,False,p105717,0,0,0,0,0,0,0,0,0,0,0,0,0,0.0,0.0,0.0,0.0,0,0,0,0,0,0.00,0.00,0.00,0.00,,,,,,,[],,8.0,2.0,8.0,2.0,8.0,2.0,8.0,2.0,0.0,0.0,0.0,0.0,0.0,0.0,541.0,150.0,270.0,90.0,270.0,90.0,321.0,121.0,0.0,0.0,0.0,Sunderland,4.0
True,True,100.0,100.0,93605,0,0,0,0,0.0,-2,"[{'offset': 0, 'projected_percent': '0.0', 'likelihood': 0}, {'offset': 1, 'projected_percent': '-0.6', 'likelihood': -1}, {'offset': 2, 'projected_percent': '-1.7', 'likelihood': -1}]",,False,0,2,1.7,1.7,1,Thomas,1.0,541,False,,2026-08-16T08:30:07.830062Z,45,93605.jpg,1.0,False,Meunier,0.3,False,,a,20,56,1,324,324,317,317,0.2,0.2,Meunier,,21.0,2026-07-15,1991-09-12,False,p93605,90,0,0,0,2,0,0,0,0,0,0,0,5,0.0,0.0,0.0,0.0,2,3,2,4,1,0.08,0.08,0.16,1.80,,,,,,,[],,78.0,54.0,78.0,54.0,78.0,54.0,78.0,54.0,0.08,0.0,0.08,0.16,1.8,2.0,404.0,81.0,169.0,59.0,169.0,59.0,291.0,106.0,1.0,0.0,4.0,Sunderland,4.5
True,True,,,484420,0,0,0,0,-10.3,-1294,"[{'offset': 0, 'projected_percent': '-14.1', 'likelihood': -1}, {'offset': 1, 'projected_percent': '-34.1', 'likelihood': -2}, {'offset': 2, 'projected_percent': '-54.0', 'likelihood': -3}]",,False,0,3,2.1,2.1,2,Enzo,2.0,542,False,,,60,484420.jpg,2.0,False,Le Fée,9.9,False,,a,20,56,2,3478,3478,23109,23109,0.3,0.3,E.Le Fée,,73.0,2025-07-01,2000-02-03,False,p484420,79,0,0,0,1,0,0,0,0,0,0,0,13,0.0,0.0,0.0,0.0,0,1,1,2,1,0.00,0.03,0.03,1.69,1.0,,2.0,,2.0,,[],,532.0,214.0,532.0,214.0,532.0,214.0,532.0,214.0,0.0,0.0,0.03,0.03,1.93,1.14,94.0,59.0,141.0,69.0,141.0,69.0,42.0,15.0,1.14,0.0,2.28,Sunderland,6.0
True,True,,,547027,0,0,0,0,-12.1,-11,"[{'offset': 0, 'projected_percent': '-16.3', 'likelihood': -1}, {'offset': 1, 'projected_percent': '-38.0', 'likelihood': -2}, {'offset': 2, 'projected_percent': '-59.7', 'likelihood': -3}]",,False,0,3,2.0,2.0,1,Habib,1.0,543,False,,,55,547027.jpg,1.0,False,Diarra,0.1,False,,a,20,56,1,75,75,239,239,0.2,0.2,Diarra,,189.0,2025-07-01,2004-01-03,False,p547027,10,0,0,0,1,0,0,0,0,0,0,0,3,0.0,0.0,0.0,0.0,0,0,0,0,0,0.03,0.00,0.03,0.10,,,,,1.0,,[],,475.0,184.0,475.0,184.0,475.0,184.0,475.0,184.0,0.27,0.0,0.0,0.27,0.9,9.0,206.0,128.0,240.0,111.0,240.0,111.0,453.0,184.0,0.0,0.0,0.0,Sunderland,5.5
True,True,,,84450,0,0,0,0,2.6,421,"[{'offset': 0, 'projected_percent': '3.8', 'likelihood': 1}, {'offset': 1, 'projected_percent': '10.0', 'likelihood': 1}, {'offset': 2, 'projected_percent': '16.2', 'likelihood': 1}]",,False,0,3,2.0,2.0,9,Granit,9.0,544,False,,,55,84450.jpg,9.0,False,Xhaka,4.5,False,,a,20,56,9,8705,8705,3341,3341,1.6,1.6,Xhaka,,207.0,2025-07-30,1992-09-27,False,p84450,90,0,1,0,2,0,0,0,0,0,0,2,31,0.0,0.0,0.0,0.0,2,8,3,13,1,0.00,0.09,0.09,1.80,2.0,,1.0,,,,[],,383.0,130.0,383.0,130.0,383.0,130.0,383.0,130.0,0.0,0.0,0.09,0.09,1.8,2.0,114.0,74.0,21.0,11.0,21.0,11.0,70.0,22.0,1.0,0.0,13.0,Sunderland,5.5
True,True,,,577669,0,0,0,0,-3.8,-32,"[{'offset': 0, 'projected_percent': '-6.4', 'likelihood': -1}, {'offset': 1, 'projected_percent': '-19.8', 'likelihood': -1}, {'offset': 2, 'projected_percent': '-33.2', 'likelihood': -2}]",,False,0,3,1.5,1.5,2,Noah,2.0,545,False,,,50,577669.jpg,2.0,False,Sadiki,0.4,False,,a,20,56,2,353,353,676,676,0.4,0.4,Sadiki,,50.0,2025-07-04,2004-12-17,False,p577669,90,0,0,0,2,0,0,0,0,0,0,0,18,0.0,0.0,0.0,0.0,0,2,0,2,1,0.06,0.03,0.09,1.80,,,,,,,[],,361.0,115.0,361.0,115.0,361.0,115.0,361.0,115.0,0.06,0.0,0.03,0.09,1.8,2.0,378.0,225.0,123.0,58.0,123.0,58.0,283.0,93.0,1.0,0.0,2.0,Sunderland,5.0
True,True,0.0,0.0,535818,0,0,0,0,-29.3,-71,"[{'offset': 0, 'projected_percent': '-37.8', 'likelihood': -2}, {'offset': 1, 'projected_percent': '-81.6', 'likelihood': -5}, {'offset': 2, 'projected_percent': '-125.4', 'likelihood': -5}]",,False,0,3,0.0,0.0,0,Simon,0.0,546,False,Ankle injury - Unknown return date,2026-08-20T14:00:08.416985Z,50,535818.jpg,0.0,False,Adingra,0.1,False,,i,20,56,0,16,16,1223,1223,0.0,0.0,Adingra,,54.0,2025-07-10,2002-01-01,False,p535818,0,0,0,0,0,0,0,0,0,0,0,0,0,0.0,0.0,0.0,0.0,0,0,0,0,0,0.00,0.00,0.00,0.00,,,,,,,[],https://www.safc.com/news/2026/august/20/le-bris-provides-latest-team-news-ahead-of-ipswich/,343.0,100.0,343.0,100.0,343.0,100.0,343.0,100.0,0.0,0.0,0.0,0.0,0.0,0.0,360.0,210.0,494.0,198.0,494.0,198.0,434.0,173.0,0.0,0.0,0.0,Sunderland,5.0
True,True,,,461199,0,0,0,0,-11.9,-2,"[{'offset': 0, 'projected_percent': '-18.4', 'likelihood': -1}, {'offset': 1, 'projected_percent': '-52.1', 'likelihood': -3}, {'offset': 2, 'projected_percent': '-85.7', 'likelihood': -5}]",,False,0,3,1.5,1.5,0,Romaine,0.0,547,False,,,50,461199.jpg,0.0,False,Mundle,0.0,False,,a,20,56,0,15,15,42,42,0.0,0.0,Mundle,,241.0,2024-02-01,2003-04-24,False,p461199,0,0,0,0,0,0,0,0,0,0,0,0,0,0.0,0.0,0.0,0.0,0,0,0,0,0,0.00,0.00,0.00,0.00,,,,,,,[],,295.0,73.0,295.0,73.0,295.0,73.0,295.0,73.0,0.0,0.0,0.0,0.0,0.0,0.0,312.0,183.0,466.0,182.0,466.0,182.0,583.0,249.0,0.0,0.0,0.0,Sunderland,5.0
True,True,,,554197,0,0,0,0,-5.3,-4,"[{'offset': 0, 'projected_percent': '-6.8', 'likelihood': -1}, {'offset': 1, 'projected_percent': '-14.3', 'likelihood': -1}, {'offset': 2, 'projected_percent': '-21.7', 'likelihood': -2}]",,False,0,3,1.5,1.5,1,Chris,1.0,548,False,,,50,554197.jpg,1.0,False,Rigg,0.1,False,,a,20,56,1,34,34,117,117,0.2,0.2,Rigg,,241.0,2022-12-31,2007-06-18,False,p554197,10,0,0,0,1,0,0,0,0,0,0,0,3,0.0,0.0,0.0,0.0,0,1,0,1,0,0.00,0.00,0.00,0.10,,,,,,,[],,356.0,111.0,356.0,111.0,356.0,111.0,356.0,111.0,0.0,0.0,0.0,0.0,0.9,9.0,373.0,221.0,207.0,91.0,207.0,91.0,454.0,185.0,0.0,0.0,9.0,Sunderland,5.0
True,True,,,549912,0,0,0,0,-10.5,-21,"[{'offset': 0, 'projected_percent': '-13.1', 'likelihood': -1}, {'offset': 1, 'projected_percent': '-26.7', 'likelihood': -2}, {'offset': 2, 'projected_percent': '-40.2', 'likelihood': -3}]",,False,0,3,2.0,2.0,1,Chemsdine,1.0,549,False,,,55,549912.jpg,1.0,False,Talbi,0.2,False,,a,20,56,1,106,106,567,567,0.2,0.2,Talbi,,145.0,2025-07-09,2005-05-09,False,p549912,31,0,0,0,1,0,0,0,0,0,0,0,1,0.0,0.0,0.0,0.0,0,2,0,2,0,0.00,0.00,0.00,0.14,,,,,,,[],,477.0,186.0,477.0,186.0,477.0,186.0,477.0,186.0,0.0,0.0,0.0,0.0,0.41,2.9,208.0,130.0,241.0,112.0,241.0,112.0,325.0,114.0,0.0,0.0,5.81,Sunderland,5.5
True,True,,,699989,0,0,0,0,-7.5,0,"[{'offset': 0, 'projected_percent': '-7.5', 'likelihood': -1}, {'offset': 1, 'projected_percent': '-7.5', 'likelihood': -1}, {'offset': 2, 'projected_percent': '-7.5', 'likelihood': -1}]",,False,0,3,1.5,1.5,0,Djiamgone Jocelin Ta,0.0,550,False,,,50,699989.jpg,0.0,False,Bi,0.0,False,,a,20,56,0,14,14,23,23,0.0,0.0,Jocelin.T,,54.0,2026-01-16,2005-02-09,False,p699989,0,0,0,0,0,0,0,0,0,0,0,0,0,0.0,0.0,0.0,0.0,0,0,0,0,0,0.00,0.00,0.00,0.00,,,,,,,[],,379.0,127.0,379.0,127.0,379.0,127.0,379.0,127.0,0.0,0.0,0.0,0.0,0.0,0.0,396.0,237.0,512.0,211.0,512.0,211.0,587.0,253.0,0.0,0.0,0.0,Sunderland,5.0
True,True,,,536661,0,0,0,0,0.6,53,"[{'offset': 0, 'projected_percent': '0.8', 'likelihood': 1}, {'offset': 1, 'projected_percent': '1.6', 'likelihood': 1}, {'offset': 2, 'projected_percent': '2.4', 'likelihood': 1}]",,False,0,3,1.5,1.5,5,Nilson,5.0,551,False,,,50,536661.jpg,5.0,False,Angulo,0.1,False,,a,20,56,5,1447,1447,258,258,1.0,1.0,Angulo,,62.0,2026-02-02,2003-06-19,False,p536661,58,1,0,0,1,0,0,0,1,0,0,0,23,0.0,0.0,0.0,0.0,1,5,1,7,1,0.15,0.01,0.16,1.66,,,3.0,,,,[],,345.0,102.0,345.0,102.0,345.0,102.0,345.0,102.0,0.23,0.0,0.02,0.25,2.58,1.55,362.0,212.0,60.0,24.0,60.0,24.0,441.0,178.0,1.55,0.0,10.86,Sunderland,5.0
True,True,,,441264,0,0,0,0,-1.8,-686,"[{'offset': 0, 'projected_percent': '-3.3', 'likelihood': -1}, {'offset': 1, 'projected_percent': '-10.8', 'likelihood': -1}, {'offset': 2, 'projected_percent': '-18.3', 'likelihood': -1}]",,False,0,4,2.0,2.0,2,Brian,2.0,552,False,,,60,441264.jpg,2.0,False,Brobbey,13.9,False,,a,20,56,2,9911,9911,17675,17675,0.3,0.3,Brobbey,,152.0,2025-09-01,2002-02-01,False,p441264,66,0,0,0,1,0,0,0,0,0,0,0,1,0.0,0.0,0.0,0.0,0,0,0,0,1,0.30,0.00,0.30,1.69,,,,,,,[],,520.0,53.0,520.0,53.0,520.0,53.0,520.0,53.0,0.41,0.0,0.0,0.41,2.3,1.36,82.0,21.0,139.0,12.0,139.0,12.0,29.0,6.0,1.36,0.0,0.0,Sunderland,6.0
True,True,,,437505,0,0,0,0,-9.0,-136,"[{'offset': 0, 'projected_percent': '-13.1', 'likelihood': -1}, {'offset': 1, 'projected_percent': '-34.1', 'likelihood': -2}, {'offset': 2, 'projected_percent': '-55.2', 'likelihood': -3}]",,False,0,4,1.8,1.8,1,Wilson,1.0,553,False,,,55,437505.jpg,1.0,False,Isidor,1.0,False,,a,20,56,1,698,698,2449,2449,0.2,0.2,Isidor,,92.0,2025-02-01,2000-08-27,False,p437505,23,0,0,0,1,0,0,0,0,0,0,0,3,0.0,0.0,0.0,0.0,0,0,0,0,0,0.00,0.00,0.00,0.10,,,,,,,[],,429.0,34.0,429.0,34.0,429.0,34.0,429.0,34.0,0.0,0.0,0.0,0.0,0.39,3.91,160.0,38.0,228.0,22.0,228.0,22.0,195.0,29.0,0.0,0.0,0.0,Sunderland,5.5
